{"features":[{"geometry":{"coordinates":[127.0201713,37.5846563],"type":"Point"},"id":"A10019919","properties":{"coordinate_status":"provider_xy_crs_unconfirmed","households":0,"kapt_code":"A10019919","name":"보문센트럴아이파크아파트","property_aptseq_join":"not_established","source_id":"seoul-openaptinfo"},"type":"Feature"},{"geometry":{"coordinates":[127.0900545,37.5345834],"type":"Point"},"id":"A10019921","properties":{"coordinate_status":"provider_xy_crs_unconfirmed","households":215,"kapt_code":"A10019921","name":"강변역센트럴아이파크","property_aptseq_join":"not_established","source_id":"seoul-openaptinfo"},"type":"Feature"},{"geometry":{"coordinates":[126.9013554,37.5345997],"type":"Point"},"id":"A10019936","properties":{"coordinate_status":"provider_xy_crs_unconfirmed","households":0,"kapt_code":"A10019936","name":"디마크당산","property_aptseq_join":"not_established","source_id":"seoul-openaptinfo"},"type":"Feature"},{"geometry":{"coordinates":[126.988495,37.5003784],"type":"Point"},"id":"A10019966","properties":{"coordinate_status":"provider_xy_crs_unconfirmed","households":2091,"kapt_code":"A10019966","name":"반포래미안트리니원","property_aptseq_join":"not_established","source_id":"seoul-openaptinfo"},"type":"Feature"},{"geometry":{"coordinates":[126.935218,37.5476904],"type":"Point"},"id":"A10019978","properties":{"coordinate_status":"provider_xy_crs_unconfirmed","households":488,"kapt_code":"A10019978","name":"힐스테이트 마포더퍼스트 아파트","property_aptseq_join":"unique_official_road_address_and_name","property_complex_id":"molit-apt:11440:11440-7551","property_release_id":"property-eea48453a819f517","source_id":"seoul-openaptinfo"},"type":"Feature"},{"geometry":{"coordinates":[126.9602815,37.5710148],"type":"Point"},"id":"A10019979","properties":{"coordinate_status":"provider_xy_crs_unconfirmed","households":199,"kapt_code":"A10019979","name":"경희궁 유보라","property_aptseq_join":"not_established","source_id":"seoul-openaptinfo"},"type":"Feature"},{"geometry":{"coordinates":[127.055751,37.6007171],"type":"Point"},"id":"A10020006","properties":{"coordinate_status":"provider_xy_crs_unconfirmed","households":152,"kapt_code":"A10020006","name":"이문아이파크자이3단지","property_aptseq_join":"not_established","source_id":"seoul-openaptinfo"},"type":"Feature"},{"geometry":{"coordinates":[127.0131595,37.5199647],"type":"Point"},"id":"A10020027","properties":{"coordinate_status":"provider_xy_crs_unconfirmed","households":178,"kapt_code":"A10020027","name":"오티에르신반포","property_aptseq_join":"not_established","source_id":"seoul-openaptinfo"},"type":"Feature"},{"geometry":{"coordinates":[127.0133694,37.5089967],"type":"Point"},"id":"A10020044","properties":{"coordinate_status":"provider_xy_crs_unconfirmed","households":251,"kapt_code":"A10020044","name":"오티에르반포","property_aptseq_join":"not_established","source_id":"seoul-openaptinfo"},"type":"Feature"},{"geometry":{"coordinates":[126.9096964,37.5982061],"type":"Point"},"id":"A10020045","properties":{"coordinate_status":"provider_xy_crs_unconfirmed","households":0,"kapt_code":"A10020045","name":"은평자이더스타","property_aptseq_join":"not_established","source_id":"seoul-openaptinfo"},"type":"Feature"},{"geometry":{"coordinates":[127.1311777,37.4996058],"type":"Point"},"id":"A10020074","properties":{"coordinate_status":"provider_xy_crs_unconfirmed","households":0,"kapt_code":"A10020074","name":"더샵송파루미스타","property_aptseq_join":"not_established","source_id":"seoul-openaptinfo"},"type":"Feature"},{"geometry":{"coordinates":[127.0444551,37.5870922],"type":"Point"},"id":"A10020081","properties":{"coordinate_status":"provider_xy_crs_unconfirmed","households":0,"kapt_code":"A10020081","name":"청량리롯데캐슬하이루체","property_aptseq_join":"not_established","source_id":"seoul-openaptinfo"},"type":"Feature"},{"geometry":{"coordinates":[127.0473076,37.6733053],"type":"Point"},"id":"A10020195","properties":{"coordinate_status":"provider_xy_crs_unconfirmed","households":299,"kapt_code":"A10020195","name":"도봉아테라","property_aptseq_join":"not_established","source_id":"seoul-openaptinfo"},"type":"Feature"},{"geometry":{"coordinates":[126.9407803,37.5056157],"type":"Point"},"id":"A10020222","properties":{"coordinate_status":"provider_xy_crs_unconfirmed","households":0,"kapt_code":"A10020222","name":"힐스테이트장승배기역","property_aptseq_join":"unique_official_road_address_and_name","property_complex_id":"molit-apt:11590:11590-6106","property_release_id":"property-eea48453a819f517","source_id":"seoul-openaptinfo"},"type":"Feature"},{"geometry":{"coordinates":[127.107059,37.5175217],"type":"Point"},"id":"A10020230","properties":{"coordinate_status":"provider_xy_crs_unconfirmed","households":1865,"kapt_code":"A10020230","name":"잠실르엘","property_aptseq_join":"unique_official_road_address_and_name","property_complex_id":"molit-apt:11710:11710-13191","property_release_id":"property-eea48453a819f517","source_id":"seoul-openaptinfo"},"type":"Feature"},{"geometry":{"coordinates":[127.1270466,37.5426293],"type":"Point"},"id":"A10020258","properties":{"coordinate_status":"provider_xy_crs_unconfirmed","households":535,"kapt_code":"A10020258","name":"이편한세상 강동 프레스티지원","property_aptseq_join":"not_established","source_id":"seoul-openaptinfo"},"type":"Feature"},{"geometry":{"coordinates":[126.9147472,37.5709659],"type":"Point"},"id":"A10020267","properties":{"coordinate_status":"provider_xy_crs_unconfirmed","households":283,"kapt_code":"A10020267","name":"DMC 가재울 아이파크","property_aptseq_join":"not_established","source_id":"seoul-openaptinfo"},"type":"Feature"},{"geometry":{"coordinates":[126.9368301,37.5526569],"type":"Point"},"id":"A10020279","properties":{"coordinate_status":"provider_xy_crs_unconfirmed","households":0,"kapt_code":"A10020279","name":"빌리브 디에이블","property_aptseq_join":"unique_official_road_address_and_name","property_complex_id":"molit-apt:11440:11440-7481","property_release_id":"property-eea48453a819f517","source_id":"seoul-openaptinfo"},"type":"Feature"},{"geometry":{"coordinates":[127.1113465,37.5184031],"type":"Point"},"id":"A10020294","properties":{"coordinate_status":"provider_xy_crs_unconfirmed","households":2678,"kapt_code":"A10020294","name":"잠실래미안아이파크","property_aptseq_join":"not_established","source_id":"seoul-openaptinfo"},"type":"Feature"},{"geometry":{"coordinates":[127.0607929,37.6223828],"type":"Point"},"id":"A10020305","properties":{"coordinate_status":"provider_xy_crs_unconfirmed","households":0,"kapt_code":"A10020305","name":"광운대역 현대프라힐스","property_aptseq_join":"unique_official_road_address_and_name","property_complex_id":"molit-apt:11350:11350-3090","property_release_id":"property-eea48453a819f517","source_id":"seoul-openaptinfo"},"type":"Feature"},{"geometry":{"coordinates":[126.9066581,37.5913319],"type":"Point"},"id":"A10020307","properties":{"coordinate_status":"provider_xy_crs_unconfirmed","households":0,"kapt_code":"A10020307","name":"새절역 두산위브트레지움","property_aptseq_join":"not_established","source_id":"seoul-openaptinfo"},"type":"Feature"},{"geometry":{"coordinates":[127.0337501,37.6118759],"type":"Point"},"id":"A10020326","properties":{"coordinate_status":"provider_xy_crs_unconfirmed","households":0,"kapt_code":"A10020326","name":"에드가 수유 청년주택","property_aptseq_join":"not_established","source_id":"seoul-openaptinfo"},"type":"Feature"},{"geometry":{"coordinates":[127.1289403,37.5391786],"type":"Point"},"id":"A10020336","properties":{"coordinate_status":"provider_xy_crs_unconfirmed","households":670,"kapt_code":"A10020336","name":"더샵강동센트럴시티","property_aptseq_join":"not_established","source_id":"seoul-openaptinfo"},"type":"Feature"},{"geometry":{"coordinates":[127.0387062,37.5771451],"type":"Point"},"id":"A10020343","properties":{"coordinate_status":"provider_xy_crs_unconfirmed","households":0,"kapt_code":"A10020343","name":"힐스테이트청량리메트로블","property_aptseq_join":"not_established","source_id":"seoul-openaptinfo"},"type":"Feature"},{"geometry":{"coordinates":[127.0627196,37.5984489],"type":"Point"},"id":"A10020344","properties":{"coordinate_status":"provider_xy_crs_unconfirmed","households":4169,"kapt_code":"A10020344","name":"이문아이파크자이","property_aptseq_join":"not_established","source_id":"seoul-openaptinfo"},"type":"Feature"},{"geometry":{"coordinates":[127.0434023,37.5494458],"type":"Point"},"id":"A10020345","properties":{"coordinate_status":"provider_xy_crs_unconfirmed","households":0,"kapt_code":"A10020345","name":"서울숲 아이파크 리버포레2차","property_aptseq_join":"unique_official_road_address_and_name","property_complex_id":"molit-apt:11200:11200-4201","property_release_id":"property-eea48453a819f517","source_id":"seoul-openaptinfo"},"type":"Feature"},{"geometry":{"coordinates":[127.0222559,37.6197307],"type":"Point"},"id":"A10020346","properties":{"coordinate_status":"provider_xy_crs_unconfirmed","households":0,"kapt_code":"A10020346","name":"한화포레나미아아파트","property_aptseq_join":"unique_official_road_address_and_name","property_complex_id":"molit-apt:11305:11305-6588","property_release_id":"property-eea48453a819f517","source_id":"seoul-openaptinfo"},"type":"Feature"},{"geometry":{"coordinates":[126.9875792,37.4912918],"type":"Point"},"id":"A10020358","properties":{"coordinate_status":"provider_xy_crs_unconfirmed","households":0,"kapt_code":"A10020358","name":"래미안 원페를라","property_aptseq_join":"not_established","source_id":"seoul-openaptinfo"},"type":"Feature"},{"geometry":{"coordinates":[127.0590791,37.5218574],"type":"Point"},"id":"A10020363","properties":{"coordinate_status":"provider_xy_crs_unconfirmed","households":0,"kapt_code":"A10020363","name":"청담르엘","property_aptseq_join":"not_established","source_id":"seoul-openaptinfo"},"type":"Feature"},{"geometry":{"coordinates":[127.0422379,37.5635437],"type":"Point"},"id":"A10020365","properties":{"coordinate_status":"provider_xy_crs_unconfirmed","households":0,"kapt_code":"A10020365","name":"라봄성동청년안심주택","property_aptseq_join":"not_established","source_id":"seoul-openaptinfo"},"type":"Feature"},{"geometry":{"coordinates":[126.9744596,37.5549297],"type":"Point"},"id":"A10020414","properties":{"coordinate_status":"provider_xy_crs_unconfirmed","households":0,"kapt_code":"A10020414","name":"남대문(양동) 단지","property_aptseq_join":"not_established","source_id":"seoul-openaptinfo"},"type":"Feature"},{"geometry":{"coordinates":[126.8373932,37.4876453],"type":"Point"},"id":"A10020416","properties":{"coordinate_status":"provider_xy_crs_unconfirmed","households":440,"kapt_code":"A10020416","name":"천왕역모아엘가트레뷰","property_aptseq_join":"unique_official_road_address_and_name","property_complex_id":"molit-apt:11530:11530-5675","property_release_id":"property-eea48453a819f517","source_id":"seoul-openaptinfo"},"type":"Feature"},{"geometry":{"coordinates":[127.0488134,37.5690522],"type":"Point"},"id":"A10020466","properties":{"coordinate_status":"provider_xy_crs_unconfirmed","households":0,"kapt_code":"A10020466","name":"청계 sk view 아파트","property_aptseq_join":"unique_official_road_address_and_name","property_complex_id":"molit-apt:11200:11200-4191","property_release_id":"property-eea48453a819f517","source_id":"seoul-openaptinfo"},"type":"Feature"},{"geometry":{"coordinates":[127.0606316,37.5030553],"type":"Point"},"id":"A10020486","properties":{"coordinate_status":"provider_xy_crs_unconfirmed","households":282,"kapt_code":"A10020486","name":"디에이치 대치 에델루이아파트","property_aptseq_join":"not_established","source_id":"seoul-openaptinfo"},"type":"Feature"},{"geometry":{"coordinates":[127.037622,37.5576522],"type":"Point"},"id":"A10020503","properties":{"coordinate_status":"provider_xy_crs_unconfirmed","households":0,"kapt_code":"A10020503","name":"라체르보푸르지오써밋","property_aptseq_join":"not_established","source_id":"seoul-openaptinfo"},"type":"Feature"},{"geometry":{"coordinates":[127.0884381,37.536033],"type":"Point"},"id":"A10020506","properties":{"coordinate_status":"provider_xy_crs_unconfirmed","households":0,"kapt_code":"A10020506","name":"롯데캐슬이스트폴 아파트","property_aptseq_join":"not_established","source_id":"seoul-openaptinfo"},"type":"Feature"},{"geometry":{"coordinates":[127.075833,37.6025854],"type":"Point"},"id":"A10020555","properties":{"coordinate_status":"provider_xy_crs_unconfirmed","households":0,"kapt_code":"A10020555","name":"리버센 SK VIEW 롯데캐슬 아파트","property_aptseq_join":"unique_official_road_address_and_name","property_complex_id":"molit-apt:11260:11260-5571","property_release_id":"property-eea48453a819f517","source_id":"seoul-openaptinfo"},"type":"Feature"},{"geometry":{"coordinates":[127.0128066,37.5128761],"type":"Point"},"id":"A10020557","properties":{"coordinate_status":"provider_xy_crs_unconfirmed","households":0,"kapt_code":"A10020557","name":"메이플자이","property_aptseq_join":"not_established","source_id":"seoul-openaptinfo"},"type":"Feature"},{"geometry":{"coordinates":[126.9472679,37.6007393],"type":"Point"},"id":"A10020562","properties":{"coordinate_status":"provider_xy_crs_unconfirmed","households":827,"kapt_code":"A10020562","name":"서대문 센트럴아이파크","property_aptseq_join":"not_established","source_id":"seoul-openaptinfo"},"type":"Feature"},{"geometry":{"coordinates":[127.0612564,37.5917875],"type":"Point"},"id":"A10020570","properties":{"coordinate_status":"provider_xy_crs_unconfirmed","households":0,"kapt_code":"A10020570","name":"휘경자이디센시아","property_aptseq_join":"unique_official_road_address_and_name","property_complex_id":"molit-apt:11230:11230-4340","property_release_id":"property-eea48453a819f517","source_id":"seoul-openaptinfo"},"type":"Feature"},{"geometry":{"coordinates":[127.0526511,37.6082041],"type":"Point"},"id":"A10020602","properties":{"coordinate_status":"provider_xy_crs_unconfirmed","households":0,"kapt_code":"A10020602","name":"장위아트포레아파트","property_aptseq_join":"unique_official_road_address_and_name","property_complex_id":"molit-apt:11290:11290-5986","property_release_id":"property-eea48453a819f517","source_id":"seoul-openaptinfo"},"type":"Feature"},{"geometry":{"coordinates":[126.9716636,37.5413494],"type":"Point"},"id":"A10020608","properties":{"coordinate_status":"provider_xy_crs_unconfirmed","households":0,"kapt_code":"A10020608","name":"용산 남영역 롯데캐슬 헤리티지","property_aptseq_join":"unique_official_road_address_and_name","property_complex_id":"molit-apt:11170:11170-4186","property_release_id":"property-eea48453a819f517","source_id":"seoul-openaptinfo"},"type":"Feature"},{"geometry":{"coordinates":[127.1708365,37.5627622],"type":"Point"},"id":"A10020628","properties":{"coordinate_status":"provider_xy_crs_unconfirmed","households":0,"kapt_code":"A10020628","name":"고덕 온빛채","property_aptseq_join":"not_established","source_id":"seoul-openaptinfo"},"type":"Feature"},{"geometry":{"coordinates":[126.9682054,37.5510709],"type":"Point"},"id":"A10020656","properties":{"coordinate_status":"provider_xy_crs_unconfirmed","households":0,"kapt_code":"A10020656","name":"어반허브 서울스테이션","property_aptseq_join":"not_established","source_id":"seoul-openaptinfo"},"type":"Feature"},{"geometry":{"coordinates":[126.9326722,37.4606974],"type":"Point"},"id":"A10020658","properties":{"coordinate_status":"provider_xy_crs_unconfirmed","households":0,"kapt_code":"A10020658","name":"서울대벤처타운역푸르지오아파트","property_aptseq_join":"unique_official_road_address_and_name","property_complex_id":"molit-apt:11620:11620-8465","property_release_id":"property-eea48453a819f517","source_id":"seoul-openaptinfo"},"type":"Feature"},{"geometry":{"coordinates":[126.8556413,37.4926455],"type":"Point"},"id":"A10020672","properties":{"coordinate_status":"provider_xy_crs_unconfirmed","households":0,"kapt_code":"A10020672","name":"세이지움 개봉","property_aptseq_join":"not_established","source_id":"seoul-openaptinfo"},"type":"Feature"},{"geometry":{"coordinates":[127.1283258,37.5367124],"type":"Point"},"id":"A10020681","properties":{"coordinate_status":"provider_xy_crs_unconfirmed","households":0,"kapt_code":"A10020681","name":"그란츠 리버파크","property_aptseq_join":"unique_official_road_address_and_name","property_complex_id":"molit-apt:11740:11740-6985","property_release_id":"property-eea48453a819f517","source_id":"seoul-openaptinfo"},"type":"Feature"},{"geometry":{"coordinates":[127.1403547,37.5399439],"type":"Point"},"id":"A10020684","properties":{"coordinate_status":"provider_xy_crs_unconfirmed","households":0,"kapt_code":"A10020684","name":"길동생활B","property_aptseq_join":"not_established","source_id":"seoul-openaptinfo"},"type":"Feature"},{"geometry":{"coordinates":[127.0566091,37.613619],"type":"Point"},"id":"A10020716","properties":{"coordinate_status":"provider_xy_crs_unconfirmed","households":0,"kapt_code":"A10020716","name":"장위자이레디언트","property_aptseq_join":"not_established","source_id":"seoul-openaptinfo"},"type":"Feature"},{"geometry":{"coordinates":[127.0368999,37.5900887],"type":"Point"},"id":"A10020729","properties":{"coordinate_status":"provider_xy_crs_unconfirmed","households":299,"kapt_code":"A10020729","name":"리스트안암","property_aptseq_join":"not_established","source_id":"seoul-openaptinfo"},"type":"Feature"},{"geometry":{"coordinates":[127.0598469,37.5665727],"type":"Point"},"id":"A10020731","properties":{"coordinate_status":"provider_xy_crs_unconfirmed","households":0,"kapt_code":"A10020731","name":"e편한세상답십리아르테포레아파트","property_aptseq_join":"unique_official_road_address_and_name","property_complex_id":"molit-apt:11230:11230-4328","property_release_id":"property-eea48453a819f517","source_id":"seoul-openaptinfo"},"type":"Feature"},{"geometry":{"coordinates":[127.1402476,37.5396139],"type":"Point"},"id":"A10020736","properties":{"coordinate_status":"provider_xy_crs_unconfirmed","households":297,"kapt_code":"A10020736","name":"길동생활A","property_aptseq_join":"not_established","source_id":"seoul-openaptinfo"},"type":"Feature"},{"geometry":{"coordinates":[126.9239234,37.6168758],"type":"Point"},"id":"A10020749","properties":{"coordinate_status":"provider_xy_crs_unconfirmed","households":299,"kapt_code":"A10020749","name":"루미노816청년안심주택","property_aptseq_join":"not_established","source_id":"seoul-openaptinfo"},"type":"Feature"},{"geometry":{"coordinates":[127.0676315,37.5616948],"type":"Point"},"id":"A10020768","properties":{"coordinate_status":"provider_xy_crs_unconfirmed","households":0,"kapt_code":"A10020768","name":"장안동  청년주택 하트리움","property_aptseq_join":"not_established","source_id":"seoul-openaptinfo"},"type":"Feature"},{"geometry":{"coordinates":[126.9277635,37.4986786],"type":"Point"},"id":"A10020786","properties":{"coordinate_status":"provider_xy_crs_unconfirmed","households":330,"kapt_code":"A10020786","name":"골드타워신대방청년주택","property_aptseq_join":"not_established","source_id":"seoul-openaptinfo"},"type":"Feature"},{"geometry":{"coordinates":[127.1172784,37.5002885],"type":"Point"},"id":"A10020796","properties":{"coordinate_status":"provider_xy_crs_unconfirmed","households":0,"kapt_code":"A10020796","name":"잠실더샵루벤","property_aptseq_join":"not_established","source_id":"seoul-openaptinfo"},"type":"Feature"},{"geometry":{"coordinates":[127.0596517,37.5199747],"type":"Point"},"id":"A10020826","properties":{"coordinate_status":"provider_xy_crs_unconfirmed","households":0,"kapt_code":"A10020826","name":"아크로삼성","property_aptseq_join":"not_established","source_id":"seoul-openaptinfo"},"type":"Feature"},{"geometry":{"coordinates":[127.088713,37.5354016],"type":"Point"},"id":"A10020868","properties":{"coordinate_status":"provider_xy_crs_unconfirmed","households":300,"kapt_code":"A10020868","name":"어울채행복주택","property_aptseq_join":"not_established","source_id":"seoul-openaptinfo"},"type":"Feature"},{"geometry":{"coordinates":[127.0501601,37.5703647],"type":"Point"},"id":"A10020888","properties":{"coordinate_status":"provider_xy_crs_unconfirmed","households":160,"kapt_code":"A10020888","name":"보광타워","property_aptseq_join":"unique_official_road_address_and_name","property_complex_id":"molit-apt:11230:11230-2897","property_release_id":"property-eea48453a819f517","source_id":"seoul-openaptinfo"},"type":"Feature"},{"geometry":{"coordinates":[127.0435724,37.5501739],"type":"Point"},"id":"A10020907","properties":{"coordinate_status":"provider_xy_crs_unconfirmed","households":825,"kapt_code":"A10020907","name":"서울숲아이파크리버포레","property_aptseq_join":"not_established","source_id":"seoul-openaptinfo"},"type":"Feature"},{"geometry":{"coordinates":[127.0602571,37.600078],"type":"Point"},"id":"A10020919","properties":{"coordinate_status":"provider_xy_crs_unconfirmed","households":0,"kapt_code":"A10020919","name":"래미안라그란데","property_aptseq_join":"unique_official_road_address_and_name","property_complex_id":"molit-apt:11230:11230-3384","property_release_id":"property-eea48453a819f517","source_id":"seoul-openaptinfo"},"type":"Feature"},{"geometry":{"coordinates":[126.846687,37.499653],"type":"Point"},"id":"A10020958","properties":{"coordinate_status":"provider_xy_crs_unconfirmed","households":317,"kapt_code":"A10020958","name":"호반써밋개봉아파트","property_aptseq_join":"unique_official_road_address_and_name","property_complex_id":"molit-apt:11530:11530-4688","property_release_id":"property-eea48453a819f517","source_id":"seoul-openaptinfo"},"type":"Feature"},{"geometry":{"coordinates":[126.9459834,37.4919618],"type":"Point"},"id":"A10020964","properties":{"coordinate_status":"provider_xy_crs_unconfirmed","households":0,"kapt_code":"A10020964","name":"힐스테이트관악센트씨엘","property_aptseq_join":"not_established","source_id":"seoul-openaptinfo"},"type":"Feature"},{"geometry":{"coordinates":[126.9074093,37.6041058],"type":"Point"},"id":"A10021056","properties":{"coordinate_status":"provider_xy_crs_unconfirmed","households":752,"kapt_code":"A10021056","name":"센트레빌아스테리움시그니처아파트","property_aptseq_join":"unique_official_road_address_and_name","property_complex_id":"molit-apt:11380:11380-11633","property_release_id":"property-eea48453a819f517","source_id":"seoul-openaptinfo"},"type":"Feature"},{"geometry":{"coordinates":[127.138787,37.523857],"type":"Point"},"id":"A10021122","properties":{"coordinate_status":"provider_xy_crs_unconfirmed","households":12032,"kapt_code":"A10021122","name":"올림픽파크포레온","property_aptseq_join":"unique_official_road_address_and_name","property_complex_id":"molit-apt:11740:11740-5273","property_release_id":"property-eea48453a819f517","source_id":"seoul-openaptinfo"},"type":"Feature"},{"geometry":{"coordinates":[126.9106163,37.6231541],"type":"Point"},"id":"A10021288","properties":{"coordinate_status":"provider_xy_crs_unconfirmed","households":123,"kapt_code":"A10021288","name":"라이프시티아파트","property_aptseq_join":"unique_official_road_address_and_name","property_complex_id":"molit-apt:11380:11380-27","property_release_id":"property-eea48453a819f517","source_id":"seoul-openaptinfo"},"type":"Feature"},{"geometry":{"coordinates":[127.0653275,37.5453864],"type":"Point"},"id":"A10021638","properties":{"coordinate_status":"provider_xy_crs_unconfirmed","households":108,"kapt_code":"A10021638","name":"성수1차대우아파트","property_aptseq_join":"unique_official_road_address_and_name","property_complex_id":"molit-apt:11200:11200-69","property_release_id":"property-eea48453a819f517","source_id":"seoul-openaptinfo"},"type":"Feature"},{"geometry":{"coordinates":[127.1463865,37.5317812],"type":"Point"},"id":"A10021705","properties":{"coordinate_status":"provider_xy_crs_unconfirmed","households":572,"kapt_code":"A10021705","name":"더샵둔촌포레","property_aptseq_join":"not_established","source_id":"seoul-openaptinfo"},"type":"Feature"},{"geometry":{"coordinates":[126.9093458,37.5216],"type":"Point"},"id":"A10022098","properties":{"coordinate_status":"provider_xy_crs_unconfirmed","households":156,"kapt_code":"A10022098","name":"센트레빌아스테리움영등포","property_aptseq_join":"unique_official_road_address_and_name","property_complex_id":"molit-apt:11560:11560-2432","property_release_id":"property-eea48453a819f517","source_id":"seoul-openaptinfo"},"type":"Feature"},{"geometry":{"coordinates":[127.1269881,37.5414447],"type":"Point"},"id":"A10022202","properties":{"coordinate_status":"provider_xy_crs_unconfirmed","households":0,"kapt_code":"A10022202","name":"강동중흥S-클래스","property_aptseq_join":"not_established","source_id":"seoul-openaptinfo"},"type":"Feature"},{"geometry":{"coordinates":[127.0531519,37.5435962],"type":"Point"},"id":"A10022325","properties":{"coordinate_status":"provider_xy_crs_unconfirmed","households":141,"kapt_code":"A10022325","name":"성수금호타운2차아파트","property_aptseq_join":"not_established","source_id":"seoul-openaptinfo"},"type":"Feature"},{"geometry":{"coordinates":[127.0240268,37.5858437],"type":"Point"},"id":"A10022341","properties":{"coordinate_status":"provider_xy_crs_unconfirmed","households":199,"kapt_code":"A10022341","name":"해링턴플레이스안암","property_aptseq_join":"unique_official_road_address_and_name","property_complex_id":"molit-apt:11290:11290-5264","property_release_id":"property-eea48453a819f517","source_id":"seoul-openaptinfo"},"type":"Feature"},{"geometry":{"coordinates":[127.0186259,37.6274551],"type":"Point"},"id":"A10022391","properties":{"coordinate_status":"provider_xy_crs_unconfirmed","households":888,"kapt_code":"A10022391","name":"북서울자이 폴라리스 아파트","property_aptseq_join":"not_established","source_id":"seoul-openaptinfo"},"type":"Feature"},{"geometry":{"coordinates":[127.1332848,37.4894236],"type":"Point"},"id":"A10022403","properties":{"coordinate_status":"provider_xy_crs_unconfirmed","households":0,"kapt_code":"A10022403","name":"힐스테이트 e편한세상 문정아파트","property_aptseq_join":"unique_official_road_address_and_name","property_complex_id":"molit-apt:11710:11710-13134","property_release_id":"property-eea48453a819f517","source_id":"seoul-openaptinfo"},"type":"Feature"},{"geometry":{"coordinates":[126.9150426,37.4730334],"type":"Point"},"id":"A10022412","properties":{"coordinate_status":"provider_xy_crs_unconfirmed","households":132,"kapt_code":"A10022412","name":"신림한양아파트","property_aptseq_join":"not_established","source_id":"seoul-openaptinfo"},"type":"Feature"},{"geometry":{"coordinates":[127.0229761,37.6036978],"type":"Point"},"id":"A10022419","properties":{"coordinate_status":"provider_xy_crs_unconfirmed","households":395,"kapt_code":"A10022419","name":"길음역 롯데캐슬 트윈골드","property_aptseq_join":"unique_official_road_address_and_name","property_complex_id":"molit-apt:11290:11290-5254","property_release_id":"property-eea48453a819f517","source_id":"seoul-openaptinfo"},"type":"Feature"},{"geometry":{"coordinates":[126.8924554,37.5183886],"type":"Point"},"id":"A10022428","properties":{"coordinate_status":"provider_xy_crs_unconfirmed","households":141,"kapt_code":"A10022428","name":"문래건영아파트","property_aptseq_join":"unique_official_road_address_and_name","property_complex_id":"molit-apt:11560:11560-58","property_release_id":"property-eea48453a819f517","source_id":"seoul-openaptinfo"},"type":"Feature"},{"geometry":{"coordinates":[126.9100988,37.5066055],"type":"Point"},"id":"A10022430","properties":{"coordinate_status":"provider_xy_crs_unconfirmed","households":296,"kapt_code":"A10022430","name":"신길AK푸르지오주상복합","property_aptseq_join":"not_established","source_id":"seoul-openaptinfo"},"type":"Feature"},{"geometry":{"coordinates":[126.9287459,37.6461029],"type":"Point"},"id":"A10022468","properties":{"coordinate_status":"provider_xy_crs_unconfirmed","households":127,"kapt_code":"A10022468","name":"은평뉴타운상림마을 9단지","property_aptseq_join":"not_established","source_id":"seoul-openaptinfo"},"type":"Feature"},{"geometry":{"coordinates":[127.0169557,37.4874489],"type":"Point"},"id":"A10022474","properties":{"coordinate_status":"provider_xy_crs_unconfirmed","households":132,"kapt_code":"A10022474","name":"서초동롯데캐슬리버티","property_aptseq_join":"unique_official_road_address_and_name","property_complex_id":"molit-apt:11650:11650-833","property_release_id":"property-eea48453a819f517","source_id":"seoul-openaptinfo"},"type":"Feature"},{"geometry":{"coordinates":[127.0287625,37.5068651],"type":"Point"},"id":"A10022476","properties":{"coordinate_status":"provider_xy_crs_unconfirmed","households":64,"kapt_code":"A10022476","name":"논현 e편한세상","property_aptseq_join":"not_established","source_id":"seoul-openaptinfo"},"type":"Feature"},{"geometry":{"coordinates":[126.9631346,37.524826],"type":"Point"},"id":"A10022504","properties":{"coordinate_status":"provider_xy_crs_unconfirmed","households":162,"kapt_code":"A10022504","name":"에피소드용산241","property_aptseq_join":"not_established","source_id":"seoul-openaptinfo"},"type":"Feature"},{"geometry":{"coordinates":[127.1486967,37.5391486],"type":"Point"},"id":"A10022525","properties":{"coordinate_status":"provider_xy_crs_unconfirmed","households":1299,"kapt_code":"A10022525","name":"강동헤리티지자이","property_aptseq_join":"not_established","source_id":"seoul-openaptinfo"},"type":"Feature"},{"geometry":{"coordinates":[126.9937662,37.5042453],"type":"Point"},"id":"A10022556","properties":{"coordinate_status":"provider_xy_crs_unconfirmed","households":641,"kapt_code":"A10022556","name":"래미안 원펜타스","property_aptseq_join":"unique_official_road_address_and_name","property_complex_id":"molit-apt:11650:11650-5174","property_release_id":"property-eea48453a819f517","source_id":"seoul-openaptinfo"},"type":"Feature"},{"geometry":{"coordinates":[127.1256988,37.5372437],"type":"Point"},"id":"A10022572","properties":{"coordinate_status":"provider_xy_crs_unconfirmed","households":160,"kapt_code":"A10022572","name":"힐스테이트 천호역 젠트리스","property_aptseq_join":"not_established","source_id":"seoul-openaptinfo"},"type":"Feature"},{"geometry":{"coordinates":[127.0299815,37.4915748],"type":"Point"},"id":"A10022623","properties":{"coordinate_status":"provider_xy_crs_unconfirmed","households":112,"kapt_code":"A10022623","name":"대우디오빌프라임","property_aptseq_join":"not_established","source_id":"seoul-openaptinfo"},"type":"Feature"},{"geometry":{"coordinates":[127.1363056,37.5032969],"type":"Point"},"id":"A10022649","properties":{"coordinate_status":"provider_xy_crs_unconfirmed","households":328,"kapt_code":"A10022649","name":"송파더플래티넘","property_aptseq_join":"unique_official_road_address_and_name","property_complex_id":"molit-apt:11710:11710-9616","property_release_id":"property-eea48453a819f517","source_id":"seoul-openaptinfo"},"type":"Feature"},{"geometry":{"coordinates":[127.107023,37.4795691],"type":"Point"},"id":"A10022652","properties":{"coordinate_status":"provider_xy_crs_unconfirmed","households":1080,"kapt_code":"A10022652","name":"LH 수서2단지","property_aptseq_join":"not_established","source_id":"seoul-openaptinfo"},"type":"Feature"},{"geometry":{"coordinates":[127.0258351,37.4858718],"type":"Point"},"id":"A10022656","properties":{"coordinate_status":"provider_xy_crs_unconfirmed","households":60,"kapt_code":"A10022656","name":"서초벽산블루밍아파트","property_aptseq_join":"unique_official_road_address_and_name","property_complex_id":"molit-apt:11650:11650-3301","property_release_id":"property-eea48453a819f517","source_id":"seoul-openaptinfo"},"type":"Feature"},{"geometry":{"coordinates":[127.168671,37.563401],"type":"Point"},"id":"A10022715","properties":{"coordinate_status":"provider_xy_crs_unconfirmed","households":780,"kapt_code":"A10022715","name":"고덕풍경채어바니티","property_aptseq_join":"unique_official_road_address_and_name","property_complex_id":"molit-apt:11740:11740-5234","property_release_id":"property-eea48453a819f517","source_id":"seoul-openaptinfo"},"type":"Feature"},{"geometry":{"coordinates":[126.9394804,37.4981623],"type":"Point"},"id":"A10022720","properties":{"coordinate_status":"provider_xy_crs_unconfirmed","households":0,"kapt_code":"A10022720","name":"상도 푸르지오 클라베뉴","property_aptseq_join":"unique_official_road_address_and_name","property_complex_id":"molit-apt:11590:11590-5189","property_release_id":"property-eea48453a819f517","source_id":"seoul-openaptinfo"},"type":"Feature"},{"geometry":{"coordinates":[127.0382664,37.5078841],"type":"Point"},"id":"A10022749","properties":{"coordinate_status":"provider_xy_crs_unconfirmed","households":229,"kapt_code":"A10022749","name":"원에디션강남","property_aptseq_join":"not_established","source_id":"seoul-openaptinfo"},"type":"Feature"},{"geometry":{"coordinates":[127.1806922,37.5556305],"type":"Point"},"id":"A10022756","properties":{"coordinate_status":"provider_xy_crs_unconfirmed","households":593,"kapt_code":"A10022756","name":"e편한세상 고덕 어반브릿지","property_aptseq_join":"not_established","source_id":"seoul-openaptinfo"},"type":"Feature"},{"geometry":{"coordinates":[126.999437,37.5616775],"type":"Point"},"id":"A10022761","properties":{"coordinate_status":"provider_xy_crs_unconfirmed","households":282,"kapt_code":"A10022761","name":"힐스테이트 남산","property_aptseq_join":"unique_official_road_address_and_name","property_complex_id":"molit-apt:11140:11140-1534","property_release_id":"property-eea48453a819f517","source_id":"seoul-openaptinfo"},"type":"Feature"},{"geometry":{"coordinates":[126.9305194,37.4835688],"type":"Point"},"id":"A10022801","properties":{"coordinate_status":"provider_xy_crs_unconfirmed","households":299,"kapt_code":"A10022801","name":"최강타워","property_aptseq_join":"not_established","source_id":"seoul-openaptinfo"},"type":"Feature"},{"geometry":{"coordinates":[126.9232678,37.6186894],"type":"Point"},"id":"A10022803","properties":{"coordinate_status":"provider_xy_crs_unconfirmed","households":264,"kapt_code":"A10022803","name":"연신내역루체스테이션","property_aptseq_join":"not_established","source_id":"seoul-openaptinfo"},"type":"Feature"},{"geometry":{"coordinates":[127.1748062,37.5737161],"type":"Point"},"id":"A10022851","properties":{"coordinate_status":"provider_xy_crs_unconfirmed","households":0,"kapt_code":"A10022851","name":"힐스테이트리슈빌강일","property_aptseq_join":"unique_official_road_address_and_name","property_complex_id":"molit-apt:11740:11740-5220","property_release_id":"property-eea48453a819f517","source_id":"seoul-openaptinfo"},"type":"Feature"},{"geometry":{"coordinates":[127.057848,37.4802872],"type":"Point"},"id":"A10022859","properties":{"coordinate_status":"provider_xy_crs_unconfirmed","households":0,"kapt_code":"A10022859","name":"디에이치퍼스티어아이파크","property_aptseq_join":"not_established","source_id":"seoul-openaptinfo"},"type":"Feature"},{"geometry":{"coordinates":[126.9298963,37.5241513],"type":"Point"},"id":"A10022891","properties":{"coordinate_status":"provider_xy_crs_unconfirmed","households":454,"kapt_code":"A10022891","name":"브라이튼여의도아파트","property_aptseq_join":"unique_official_road_address_and_name","property_complex_id":"molit-apt:11560:11560-2391","property_release_id":"property-eea48453a819f517","source_id":"seoul-openaptinfo"},"type":"Feature"},{"geometry":{"coordinates":[127.1024053,37.6105081],"type":"Point"},"id":"A10022919","properties":{"coordinate_status":"provider_xy_crs_unconfirmed","households":495,"kapt_code":"A10022919","name":"신내역 시티프라디움 아파트","property_aptseq_join":"not_established","source_id":"seoul-openaptinfo"},"type":"Feature"},{"geometry":{"coordinates":[126.8510647,37.550706],"type":"Point"},"id":"A10022928","properties":{"coordinate_status":"provider_xy_crs_unconfirmed","households":523,"kapt_code":"A10022928","name":"강서금호어울림퍼스티어","property_aptseq_join":"not_established","source_id":"seoul-openaptinfo"},"type":"Feature"},{"geometry":{"coordinates":[126.9564486,37.5545455],"type":"Point"},"id":"A10022941","properties":{"coordinate_status":"provider_xy_crs_unconfirmed","households":239,"kapt_code":"A10022941","name":"마포푸르지오더센트럴","property_aptseq_join":"unique_official_road_address_and_name","property_complex_id":"molit-apt:11440:11440-6250","property_release_id":"property-eea48453a819f517","source_id":"seoul-openaptinfo"},"type":"Feature"},{"geometry":{"coordinates":[126.9167636,37.5149432],"type":"Point"},"id":"A10022974","properties":{"coordinate_status":"provider_xy_crs_unconfirmed","households":162,"kapt_code":"A10022974","name":"준타워","property_aptseq_join":"not_established","source_id":"seoul-openaptinfo"},"type":"Feature"},{"geometry":{"coordinates":[127.0497315,37.5062798],"type":"Point"},"id":"A10023020","properties":{"coordinate_status":"provider_xy_crs_unconfirmed","households":299,"kapt_code":"A10023020","name":"삼성동 마에스트로","property_aptseq_join":"not_established","source_id":"seoul-openaptinfo"},"type":"Feature"},{"geometry":{"coordinates":[127.0777624,37.6651606],"type":"Point"},"id":"A10023024","properties":{"coordinate_status":"provider_xy_crs_unconfirmed","households":553,"kapt_code":"A10023024","name":"노원롯데캐슬시그니처1단지","property_aptseq_join":"not_established","source_id":"seoul-openaptinfo"},"type":"Feature"},{"geometry":{"coordinates":[126.9981867,37.5068044],"type":"Point"},"id":"A10023043","properties":{"coordinate_status":"provider_xy_crs_unconfirmed","households":2990,"kapt_code":"A10023043","name":"래미안원베일리","property_aptseq_join":"unique_official_road_address_and_name","property_complex_id":"molit-apt:11650:11650-5126","property_release_id":"property-eea48453a819f517","source_id":"seoul-openaptinfo"},"type":"Feature"},{"geometry":{"coordinates":[127.1447086,37.5302068],"type":"Point"},"id":"A10023059","properties":{"coordinate_status":"provider_xy_crs_unconfirmed","households":195,"kapt_code":"A10023059","name":"더샵파크솔레이유아파트","property_aptseq_join":"unique_official_road_address_and_name","property_complex_id":"molit-apt:11740:11740-5199","property_release_id":"property-eea48453a819f517","source_id":"seoul-openaptinfo"},"type":"Feature"},{"geometry":{"coordinates":[127.0777624,37.6651606],"type":"Point"},"id":"A10023060","properties":{"coordinate_status":"provider_xy_crs_unconfirmed","households":610,"kapt_code":"A10023060","name":"노원롯데캐슬시그니처2단지","property_aptseq_join":"not_established","source_id":"seoul-openaptinfo"},"type":"Feature"},{"geometry":{"coordinates":[127.0835419,37.5105286],"type":"Point"},"id":"A10023070","properties":{"coordinate_status":"provider_xy_crs_unconfirmed","households":217,"kapt_code":"A10023070","name":"잠실 센트럴파크","property_aptseq_join":"not_established","source_id":"seoul-openaptinfo"},"type":"Feature"},{"geometry":{"coordinates":[126.8665061,37.5540141],"type":"Point"},"id":"A10023075","properties":{"coordinate_status":"provider_xy_crs_unconfirmed","households":136,"kapt_code":"A10023075","name":"지와인 아파트","property_aptseq_join":"not_established","source_id":"seoul-openaptinfo"},"type":"Feature"},{"geometry":{"coordinates":[126.8932295,37.5864629],"type":"Point"},"id":"A10023076","properties":{"coordinate_status":"provider_xy_crs_unconfirmed","households":1482,"kapt_code":"A10023076","name":"DMC SKVIEW 아이파크포레","property_aptseq_join":"not_established","source_id":"seoul-openaptinfo"},"type":"Feature"},{"geometry":{"coordinates":[126.8960815,37.5835982],"type":"Point"},"id":"A10023079","properties":{"coordinate_status":"provider_xy_crs_unconfirmed","households":1223,"kapt_code":"A10023079","name":"DMC파인시티자이","property_aptseq_join":"unique_official_road_address_and_name","property_complex_id":"molit-apt:11380:11380-11599","property_release_id":"property-eea48453a819f517","source_id":"seoul-openaptinfo"},"type":"Feature"},{"geometry":{"coordinates":[127.0453793,37.5794114],"type":"Point"},"id":"A10023083","properties":{"coordinate_status":"provider_xy_crs_unconfirmed","households":1425,"kapt_code":"A10023083","name":"청량리역 롯데캐슬 SKY-L65","property_aptseq_join":"unique_official_road_address_and_name","property_complex_id":"molit-apt:11230:11230-3346","property_release_id":"property-eea48453a819f517","source_id":"seoul-openaptinfo"},"type":"Feature"},{"geometry":{"coordinates":[127.0627946,37.5378925],"type":"Point"},"id":"A10023099","properties":{"coordinate_status":"provider_xy_crs_unconfirmed","households":0,"kapt_code":"A10023099","name":"롯데캐슬 리버파크 시그니처 아파트","property_aptseq_join":"not_established","source_id":"seoul-openaptinfo"},"type":"Feature"},{"geometry":{"coordinates":[126.9497275,37.5466768],"type":"Point"},"id":"A10023118","properties":{"coordinate_status":"provider_xy_crs_unconfirmed","households":350,"kapt_code":"A10023118","name":"공덕동 크로시티 행복주택","property_aptseq_join":"not_established","source_id":"seoul-openaptinfo"},"type":"Feature"},{"geometry":{"coordinates":[126.8982312,37.5855287],"type":"Point"},"id":"A10023126","properties":{"coordinate_status":"provider_xy_crs_unconfirmed","households":672,"kapt_code":"A10023126","name":"DMC아트포레자이아파트","property_aptseq_join":"unique_official_road_address_and_name","property_complex_id":"molit-apt:11380:11380-11598","property_release_id":"property-eea48453a819f517","source_id":"seoul-openaptinfo"},"type":"Feature"},{"geometry":{"coordinates":[127.1071081,37.4769648],"type":"Point"},"id":"A10023132","properties":{"coordinate_status":"provider_xy_crs_unconfirmed","households":597,"kapt_code":"A10023132","name":"디아크리온강남 아파트","property_aptseq_join":"not_established","source_id":"seoul-openaptinfo"},"type":"Feature"},{"geometry":{"coordinates":[127.0136925,37.5169968],"type":"Point"},"id":"A10023143","properties":{"coordinate_status":"provider_xy_crs_unconfirmed","households":330,"kapt_code":"A10023143","name":"신반포르엘","property_aptseq_join":"unique_official_road_address_and_name","property_complex_id":"molit-apt:11650:11650-5121","property_release_id":"property-eea48453a819f517","source_id":"seoul-openaptinfo"},"type":"Feature"},{"geometry":{"coordinates":[127.0605396,37.5022037],"type":"Point"},"id":"A10023162","properties":{"coordinate_status":"provider_xy_crs_unconfirmed","households":489,"kapt_code":"A10023162","name":"대치푸르지오써밋","property_aptseq_join":"unique_official_road_address_and_name","property_complex_id":"molit-apt:11680:11680-5251","property_release_id":"property-eea48453a819f517","source_id":"seoul-openaptinfo"},"type":"Feature"},{"geometry":{"coordinates":[127.0430027,37.577315],"type":"Point"},"id":"A10023188","properties":{"coordinate_status":"provider_xy_crs_unconfirmed","households":1152,"kapt_code":"A10023188","name":"청량리역 한양수자인 그라시엘","property_aptseq_join":"unique_official_road_address_and_name","property_complex_id":"molit-apt:11230:11230-3341","property_release_id":"property-eea48453a819f517","source_id":"seoul-openaptinfo"},"type":"Feature"},{"geometry":{"coordinates":[126.8439844,37.5231839],"type":"Point"},"id":"A10023219","properties":{"coordinate_status":"provider_xy_crs_unconfirmed","households":299,"kapt_code":"A10023219","name":"신목동파라곤아파트","property_aptseq_join":"unique_official_road_address_and_name","property_complex_id":"molit-apt:11470:11470-5852","property_release_id":"property-eea48453a819f517","source_id":"seoul-openaptinfo"},"type":"Feature"},{"geometry":{"coordinates":[127.025479,37.6421993],"type":"Point"},"id":"A10023268","properties":{"coordinate_status":"provider_xy_crs_unconfirmed","households":216,"kapt_code":"A10023268","name":"칸타빌수유팰리스","property_aptseq_join":"unique_official_road_address_and_name","property_complex_id":"molit-apt:11305:11305-5548","property_release_id":"property-eea48453a819f517","source_id":"seoul-openaptinfo"},"type":"Feature"},{"geometry":{"coordinates":[127.1061904,37.4783688],"type":"Point"},"id":"A10023314","properties":{"coordinate_status":"provider_xy_crs_unconfirmed","households":830,"kapt_code":"A10023314","name":"LH수서1단지(행복주택)","property_aptseq_join":"not_established","source_id":"seoul-openaptinfo"},"type":"Feature"},{"geometry":{"coordinates":[127.0846261,37.5328319],"type":"Point"},"id":"A10023336","properties":{"coordinate_status":"provider_xy_crs_unconfirmed","households":165,"kapt_code":"A10023336","name":"자양하늘채베르","property_aptseq_join":"unique_official_road_address_and_name","property_complex_id":"molit-apt:11215:11215-5125","property_release_id":"property-eea48453a819f517","source_id":"seoul-openaptinfo"},"type":"Feature"},{"geometry":{"coordinates":[126.9944136,37.5681001],"type":"Point"},"id":"A10023343","properties":{"coordinate_status":"provider_xy_crs_unconfirmed","households":608,"kapt_code":"A10023343","name":"힐스테이트세운센트럴2단지","property_aptseq_join":"unique_official_road_address_and_name","property_complex_id":"molit-apt:11140:11140-1402","property_release_id":"property-eea48453a819f517","source_id":"seoul-openaptinfo"},"type":"Feature"},{"geometry":{"coordinates":[127.0716098,37.4851097],"type":"Point"},"id":"A10023348","properties":{"coordinate_status":"provider_xy_crs_unconfirmed","households":3375,"kapt_code":"A10023348","name":"개포자이프레지던스","property_aptseq_join":"unique_official_road_address_and_name","property_complex_id":"molit-apt:11680:11680-5235","property_release_id":"property-eea48453a819f517","source_id":"seoul-openaptinfo"},"type":"Feature"},{"geometry":{"coordinates":[126.9585023,37.5024601],"type":"Point"},"id":"A10023350","properties":{"coordinate_status":"provider_xy_crs_unconfirmed","households":0,"kapt_code":"A10023350","name":"흑석자이","property_aptseq_join":"not_established","source_id":"seoul-openaptinfo"},"type":"Feature"},{"geometry":{"coordinates":[126.9966,37.5645412],"type":"Point"},"id":"A10023352","properties":{"coordinate_status":"provider_xy_crs_unconfirmed","households":614,"kapt_code":"A10023352","name":"세운푸르지오헤리시티","property_aptseq_join":"unique_official_road_address_and_name","property_complex_id":"molit-apt:11140:11140-1520","property_release_id":"property-eea48453a819f517","source_id":"seoul-openaptinfo"},"type":"Feature"},{"geometry":{"coordinates":[126.9937631,37.5677369],"type":"Point"},"id":"A10023356","properties":{"coordinate_status":"provider_xy_crs_unconfirmed","households":414,"kapt_code":"A10023356","name":"힐스테이트세운센트럴1단지","property_aptseq_join":"unique_official_road_address_and_name","property_complex_id":"molit-apt:11140:11140-1403","property_release_id":"property-eea48453a819f517","source_id":"seoul-openaptinfo"},"type":"Feature"},{"geometry":{"coordinates":[127.0585367,37.5886592],"type":"Point"},"id":"A10023368","properties":{"coordinate_status":"provider_xy_crs_unconfirmed","households":582,"kapt_code":"A10023368","name":"회기역 하트리움","property_aptseq_join":"not_established","source_id":"seoul-openaptinfo"},"type":"Feature"},{"geometry":{"coordinates":[127.0957516,37.5855607],"type":"Point"},"id":"A10023384","properties":{"coordinate_status":"provider_xy_crs_unconfirmed","households":243,"kapt_code":"A10023384","name":"용마산모아엘가파크포레","property_aptseq_join":"unique_official_road_address_and_name","property_complex_id":"molit-apt:11260:11260-4443","property_release_id":"property-eea48453a819f517","source_id":"seoul-openaptinfo"},"type":"Feature"},{"geometry":{"coordinates":[127.0424625,37.5783497],"type":"Point"},"id":"A10023389","properties":{"coordinate_status":"provider_xy_crs_unconfirmed","households":220,"kapt_code":"A10023389","name":"청량리역해링턴플레이스","property_aptseq_join":"unique_official_road_address_and_name","property_complex_id":"molit-apt:11230:11230-3112","property_release_id":"property-eea48453a819f517","source_id":"seoul-openaptinfo"},"type":"Feature"},{"geometry":{"coordinates":[126.9406927,37.5930092],"type":"Point"},"id":"A10023449","properties":{"coordinate_status":"provider_xy_crs_unconfirmed","households":481,"kapt_code":"A10023449","name":"e편한세상 서대문","property_aptseq_join":"unique_official_road_address_and_name","property_complex_id":"molit-apt:11410:11410-4982","property_release_id":"property-eea48453a819f517","source_id":"seoul-openaptinfo"},"type":"Feature"},{"geometry":{"coordinates":[127.0023236,37.5088381],"type":"Point"},"id":"A10023462","properties":{"coordinate_status":"provider_xy_crs_unconfirmed","households":280,"kapt_code":"A10023462","name":"반포르엘2차","property_aptseq_join":"unique_official_road_address_and_name","property_complex_id":"molit-apt:11650:11650-5036","property_release_id":"property-eea48453a819f517","source_id":"seoul-openaptinfo"},"type":"Feature"},{"geometry":{"coordinates":[126.9273998,37.6128803],"type":"Point"},"id":"A10023467","properties":{"coordinate_status":"provider_xy_crs_unconfirmed","households":977,"kapt_code":"A10023467","name":"호반베르디움 스테이원","property_aptseq_join":"not_established","source_id":"seoul-openaptinfo"},"type":"Feature"},{"geometry":{"coordinates":[127.0743905,37.6175151],"type":"Point"},"id":"A10023478","properties":{"coordinate_status":"provider_xy_crs_unconfirmed","households":164,"kapt_code":"A10023478","name":"한일휴니스빌","property_aptseq_join":"unique_official_road_address_and_name","property_complex_id":"molit-apt:11350:11350-2019","property_release_id":"property-eea48453a819f517","source_id":"seoul-openaptinfo"},"type":"Feature"},{"geometry":{"coordinates":[126.9256542,37.5860638],"type":"Point"},"id":"A10023482","properties":{"coordinate_status":"provider_xy_crs_unconfirmed","households":623,"kapt_code":"A10023482","name":"힐스테이트 홍은포레스트 아파트","property_aptseq_join":"unique_official_road_address_and_name","property_complex_id":"molit-apt:11410:11410-4947","property_release_id":"property-eea48453a819f517","source_id":"seoul-openaptinfo"},"type":"Feature"},{"geometry":{"coordinates":[126.9488538,37.5561542],"type":"Point"},"id":"A10023508","properties":{"coordinate_status":"provider_xy_crs_unconfirmed","households":1419,"kapt_code":"A10023508","name":"마포더클래시","property_aptseq_join":"not_established","source_id":"seoul-openaptinfo"},"type":"Feature"},{"geometry":{"coordinates":[126.839264,37.545048],"type":"Point"},"id":"A10023515","properties":{"coordinate_status":"provider_xy_crs_unconfirmed","households":576,"kapt_code":"A10023515","name":"우장산숲 아이파크","property_aptseq_join":"unique_official_road_address_and_name","property_complex_id":"molit-apt:11500:11500-8361","property_release_id":"property-eea48453a819f517","source_id":"seoul-openaptinfo"},"type":"Feature"},{"geometry":{"coordinates":[126.904871,37.488308],"type":"Point"},"id":"A10023516","properties":{"coordinate_status":"provider_xy_crs_unconfirmed","households":212,"kapt_code":"A10023516","name":"영등포자이르네","property_aptseq_join":"unique_official_road_address_and_name","property_complex_id":"molit-apt:11560:11560-2267","property_release_id":"property-eea48453a819f517","source_id":"seoul-openaptinfo"},"type":"Feature"},{"geometry":{"coordinates":[126.8545567,37.5562926],"type":"Point"},"id":"A10023543","properties":{"coordinate_status":"provider_xy_crs_unconfirmed","households":220,"kapt_code":"A10023543","name":"가양역두산위브아파트","property_aptseq_join":"unique_official_road_address_and_name","property_complex_id":"molit-apt:11500:11500-8261","property_release_id":"property-eea48453a819f517","source_id":"seoul-openaptinfo"},"type":"Feature"},{"geometry":{"coordinates":[127.0758235,37.4882004],"type":"Point"},"id":"A10023547","properties":{"coordinate_status":"provider_xy_crs_unconfirmed","households":1703,"kapt_code":"A10023547","name":"개포상록스타힐스","property_aptseq_join":"not_established","source_id":"seoul-openaptinfo"},"type":"Feature"},{"geometry":{"coordinates":[126.9055334,37.4865084],"type":"Point"},"id":"A10023551","properties":{"coordinate_status":"provider_xy_crs_unconfirmed","households":274,"kapt_code":"A10023551","name":"동작협성휴포레시그니처아파트","property_aptseq_join":"unique_official_road_address_and_name","property_complex_id":"molit-apt:11590:11590-5055","property_release_id":"property-eea48453a819f517","source_id":"seoul-openaptinfo"},"type":"Feature"},{"geometry":{"coordinates":[126.9503248,37.5815054],"type":"Point"},"id":"A10023560","properties":{"coordinate_status":"provider_xy_crs_unconfirmed","households":0,"kapt_code":"A10023560","name":"서대문푸르지오센트럴파크","property_aptseq_join":"unique_official_road_address_and_name","property_complex_id":"molit-apt:11410:11410-4932","property_release_id":"property-eea48453a819f517","source_id":"seoul-openaptinfo"},"type":"Feature"},{"geometry":{"coordinates":[127.05721,37.476763],"type":"Point"},"id":"A10023565","properties":{"coordinate_status":"provider_xy_crs_unconfirmed","households":270,"kapt_code":"A10023565","name":"개포6차우성아파트","property_aptseq_join":"not_established","source_id":"seoul-openaptinfo"},"type":"Feature"},{"geometry":{"coordinates":[127.0562046,37.6178424],"type":"Point"},"id":"A10023569","properties":{"coordinate_status":"provider_xy_crs_unconfirmed","households":173,"kapt_code":"A10023569","name":"장위지웰에스테이트","property_aptseq_join":"unique_official_road_address_and_name","property_complex_id":"molit-apt:11290:11290-5123","property_release_id":"property-eea48453a819f517","source_id":"seoul-openaptinfo"},"type":"Feature"},{"geometry":{"coordinates":[127.0048983,37.5753028],"type":"Point"},"id":"A10023586","properties":{"coordinate_status":"provider_xy_crs_unconfirmed","households":0,"kapt_code":"A10023586","name":"힐스테이트 창경궁","property_aptseq_join":"unique_official_road_address_and_name","property_complex_id":"molit-apt:11110:11110-2584","property_release_id":"property-eea48453a819f517","source_id":"seoul-openaptinfo"},"type":"Feature"},{"geometry":{"coordinates":[126.855503,37.525512],"type":"Point"},"id":"A10023593","properties":{"coordinate_status":"provider_xy_crs_unconfirmed","households":125,"kapt_code":"A10023593","name":"신정동 보람쉬움아파트","property_aptseq_join":"not_established","source_id":"seoul-openaptinfo"},"type":"Feature"},{"geometry":{"coordinates":[127.028506,37.579598],"type":"Point"},"id":"A10023633","properties":{"coordinate_status":"provider_xy_crs_unconfirmed","households":1048,"kapt_code":"A10023633","name":"래미안 엘리니티","property_aptseq_join":"unique_official_road_address_and_name","property_complex_id":"molit-apt:11230:11230-3082","property_release_id":"property-eea48453a819f517","source_id":"seoul-openaptinfo"},"type":"Feature"},{"geometry":{"coordinates":[126.90515,37.484267],"type":"Point"},"id":"A10023661","properties":{"coordinate_status":"provider_xy_crs_unconfirmed","households":1143,"kapt_code":"A10023661","name":"힐스테이트뉴포레","property_aptseq_join":"unique_official_road_address_and_name","property_complex_id":"molit-apt:11620:11620-6128","property_release_id":"property-eea48453a819f517","source_id":"seoul-openaptinfo"},"type":"Feature"},{"geometry":{"coordinates":[126.90111,37.5597],"type":"Point"},"id":"A10023665","properties":{"coordinate_status":"provider_xy_crs_unconfirmed","households":119,"kapt_code":"A10023665","name":"우림 루미아트","property_aptseq_join":"unique_official_road_address_and_name","property_complex_id":"molit-apt:11440:11440-89","property_release_id":"property-eea48453a819f517","source_id":"seoul-openaptinfo"},"type":"Feature"},{"geometry":{"coordinates":[127.019614,37.587191],"type":"Point"},"id":"A10023669","properties":{"coordinate_status":"provider_xy_crs_unconfirmed","households":465,"kapt_code":"A10023669","name":"보문리슈빌하우트","property_aptseq_join":"not_established","source_id":"seoul-openaptinfo"},"type":"Feature"},{"geometry":{"coordinates":[127.002832,37.507594],"type":"Point"},"id":"A10023673","properties":{"coordinate_status":"provider_xy_crs_unconfirmed","households":596,"kapt_code":"A10023673","name":"반포 르엘 아파트","property_aptseq_join":"unique_official_road_address_and_name","property_complex_id":"molit-apt:11650:11650-5015","property_release_id":"property-eea48453a819f517","source_id":"seoul-openaptinfo"},"type":"Feature"},{"geometry":{"coordinates":[127.126208,37.542051],"type":"Point"},"id":"A10023695","properties":{"coordinate_status":"provider_xy_crs_unconfirmed","households":188,"kapt_code":"A10023695","name":"힐데스하임천호아파트","property_aptseq_join":"unique_official_road_address_and_name","property_complex_id":"molit-apt:11740:11740-5046","property_release_id":"property-eea48453a819f517","source_id":"seoul-openaptinfo"},"type":"Feature"},{"geometry":{"coordinates":[126.916165,37.570789],"type":"Point"},"id":"A10023709","properties":{"coordinate_status":"provider_xy_crs_unconfirmed","households":450,"kapt_code":"A10023709","name":"DMC금호리첸시아","property_aptseq_join":"unique_official_road_address_and_name","property_complex_id":"molit-apt:11410:11410-4920","property_release_id":"property-eea48453a819f517","source_id":"seoul-openaptinfo"},"type":"Feature"},{"geometry":{"coordinates":[126.916553,37.507791],"type":"Point"},"id":"A10023715","properties":{"coordinate_status":"provider_xy_crs_unconfirmed","households":799,"kapt_code":"A10023715","name":"더샵파크프레스티지","property_aptseq_join":"unique_official_road_address_and_name","property_complex_id":"molit-apt:11560:11560-2256","property_release_id":"property-eea48453a819f517","source_id":"seoul-openaptinfo"},"type":"Feature"},{"geometry":{"coordinates":[126.918964,37.6029861],"type":"Point"},"id":"A10023728","properties":{"coordinate_status":"provider_xy_crs_unconfirmed","households":68,"kapt_code":"A10023728","name":"아그네스풍림아이원","property_aptseq_join":"unique_official_road_address_and_name","property_complex_id":"molit-apt:11380:11380-8464","property_release_id":"property-eea48453a819f517","source_id":"seoul-openaptinfo"},"type":"Feature"},{"geometry":{"coordinates":[127.0136945,37.6565952],"type":"Point"},"id":"A10023732","properties":{"coordinate_status":"provider_xy_crs_unconfirmed","households":253,"kapt_code":"A10023732","name":"에드가 쌍문 청년주택","property_aptseq_join":"not_established","source_id":"seoul-openaptinfo"},"type":"Feature"},{"geometry":{"coordinates":[126.9149094,37.6122329],"type":"Point"},"id":"A10023734","properties":{"coordinate_status":"provider_xy_crs_unconfirmed","households":238,"kapt_code":"A10023734","name":"구산주택","property_aptseq_join":"not_established","source_id":"seoul-openaptinfo"},"type":"Feature"},{"geometry":{"coordinates":[126.969359,37.541377],"type":"Point"},"id":"A10023798","properties":{"coordinate_status":"provider_xy_crs_unconfirmed","households":752,"kapt_code":"A10023798","name":"용산원효루미니","property_aptseq_join":"not_established","source_id":"seoul-openaptinfo"},"type":"Feature"},{"geometry":{"coordinates":[127.1062377,37.6085921],"type":"Point"},"id":"A10023816","properties":{"coordinate_status":"provider_xy_crs_unconfirmed","households":1216,"kapt_code":"A10023816","name":"LH서울양원1단지","property_aptseq_join":"not_established","source_id":"seoul-openaptinfo"},"type":"Feature"},{"geometry":{"coordinates":[127.04579317,37.500586],"type":"Point"},"id":"A10023825","properties":{"coordinate_status":"provider_xy_crs_unconfirmed","households":499,"kapt_code":"A10023825","name":"강남센트럴아이파크","property_aptseq_join":"unique_official_road_address_and_name","property_complex_id":"molit-apt:11680:11680-5056","property_release_id":"property-eea48453a819f517","source_id":"seoul-openaptinfo"},"type":"Feature"},{"geometry":{"coordinates":[127.03301117,37.620171],"type":"Point"},"id":"A10023829","properties":{"coordinate_status":"provider_xy_crs_unconfirmed","households":203,"kapt_code":"A10023829","name":"꿈의숲한신더휴아파트","property_aptseq_join":"unique_official_road_address_and_name","property_complex_id":"molit-apt:11305:11305-5532","property_release_id":"property-eea48453a819f517","source_id":"seoul-openaptinfo"},"type":"Feature"},{"geometry":{"coordinates":[126.962886,37.548159],"type":"Point"},"id":"A10023858","properties":{"coordinate_status":"provider_xy_crs_unconfirmed","households":384,"kapt_code":"A10023858","name":"용산데시앙포레아파트","property_aptseq_join":"not_established","source_id":"seoul-openaptinfo"},"type":"Feature"},{"geometry":{"coordinates":[126.9275071,37.51395],"type":"Point"},"id":"A10023859","properties":{"coordinate_status":"provider_xy_crs_unconfirmed","households":130,"kapt_code":"A10023859","name":"대방동신일해피트리 아파트","property_aptseq_join":"not_established","source_id":"seoul-openaptinfo"},"type":"Feature"},{"geometry":{"coordinates":[126.9025224,37.58032],"type":"Point"},"id":"A10023875","properties":{"coordinate_status":"provider_xy_crs_unconfirmed","households":1256,"kapt_code":"A10023875","name":"DMC센트럴자이","property_aptseq_join":"not_established","source_id":"seoul-openaptinfo"},"type":"Feature"},{"geometry":{"coordinates":[126.852912,37.51643],"type":"Point"},"id":"A10023886","properties":{"coordinate_status":"provider_xy_crs_unconfirmed","households":407,"kapt_code":"A10023886","name":"호반써밋목동아파트","property_aptseq_join":"unique_official_road_address_and_name","property_complex_id":"molit-apt:11470:11470-5757","property_release_id":"property-eea48453a819f517","source_id":"seoul-openaptinfo"},"type":"Feature"},{"geometry":{"coordinates":[127.146583,37.4958575],"type":"Point"},"id":"A10023887","properties":{"coordinate_status":"provider_xy_crs_unconfirmed","households":0,"kapt_code":"A10023887","name":"송파 시그니처 롯데캐슬아파트","property_aptseq_join":"unique_official_road_address_and_name","property_complex_id":"molit-apt:11710:11710-9347","property_release_id":"property-eea48453a819f517","source_id":"seoul-openaptinfo"},"type":"Feature"},{"geometry":{"coordinates":[127.050522,37.569139],"type":"Point"},"id":"A10023891","properties":{"coordinate_status":"provider_xy_crs_unconfirmed","households":298,"kapt_code":"A10023891","name":"청계푸르지오시티","property_aptseq_join":"unique_official_road_address_and_name","property_complex_id":"molit-apt:11230:11230-2510","property_release_id":"property-eea48453a819f517","source_id":"seoul-openaptinfo"},"type":"Feature"},{"geometry":{"coordinates":[127.1398694,37.4753593],"type":"Point"},"id":"A10023897","properties":{"coordinate_status":"provider_xy_crs_unconfirmed","households":311,"kapt_code":"A10023897","name":"위례중앙푸르지오아파트","property_aptseq_join":"not_established","source_id":"seoul-openaptinfo"},"type":"Feature"},{"geometry":{"coordinates":[126.982985,37.498185],"type":"Point"},"id":"A10023898","properties":{"coordinate_status":"provider_xy_crs_unconfirmed","households":366,"kapt_code":"A10023898","name":"이수스위첸포레힐즈아파트","property_aptseq_join":"unique_official_road_address_and_name","property_complex_id":"molit-apt:11590:11590-5037","property_release_id":"property-eea48453a819f517","source_id":"seoul-openaptinfo"},"type":"Feature"},{"geometry":{"coordinates":[127.0326268,37.6458626],"type":"Point"},"id":"A10023914","properties":{"coordinate_status":"provider_xy_crs_unconfirmed","households":288,"kapt_code":"A10023914","name":"인히어쌍문아파트","property_aptseq_join":"not_established","source_id":"seoul-openaptinfo"},"type":"Feature"},{"geometry":{"coordinates":[127.1422995,37.4844494],"type":"Point"},"id":"A10023922","properties":{"coordinate_status":"provider_xy_crs_unconfirmed","households":700,"kapt_code":"A10023922","name":"송파레이크파크 호반 써밋2","property_aptseq_join":"not_established","source_id":"seoul-openaptinfo"},"type":"Feature"},{"geometry":{"coordinates":[127.0252576,37.6089258],"type":"Point"},"id":"A10023926","properties":{"coordinate_status":"provider_xy_crs_unconfirmed","households":2033,"kapt_code":"A10023926","name":"롯데캐슬클라시아","property_aptseq_join":"unique_official_road_address_and_name","property_complex_id":"molit-apt:11290:11290-5086","property_release_id":"property-eea48453a819f517","source_id":"seoul-openaptinfo"},"type":"Feature"},{"geometry":{"coordinates":[127.1365419,37.4845395],"type":"Point"},"id":"A10023927","properties":{"coordinate_status":"provider_xy_crs_unconfirmed","households":689,"kapt_code":"A10023927","name":"송파레이크파크호반써밋1차","property_aptseq_join":"not_established","source_id":"seoul-openaptinfo"},"type":"Feature"},{"geometry":{"coordinates":[126.8412062,37.5591923],"type":"Point"},"id":"A10023934","properties":{"coordinate_status":"provider_xy_crs_unconfirmed","households":252,"kapt_code":"A10023934","name":"엘크루발산아파트","property_aptseq_join":"not_established","source_id":"seoul-openaptinfo"},"type":"Feature"},{"geometry":{"coordinates":[127.0434776,37.5175602],"type":"Point"},"id":"A10023939","properties":{"coordinate_status":"provider_xy_crs_unconfirmed","households":139,"kapt_code":"A10023939","name":"삼성석탑아파트","property_aptseq_join":"not_established","source_id":"seoul-openaptinfo"},"type":"Feature"},{"geometry":{"coordinates":[127.0757555,37.544273],"type":"Point"},"id":"A10023951","properties":{"coordinate_status":"provider_xy_crs_unconfirmed","households":730,"kapt_code":"A10023951","name":"광진그랜드파크","property_aptseq_join":"not_established","source_id":"seoul-openaptinfo"},"type":"Feature"},{"geometry":{"coordinates":[127.108403,37.607621],"type":"Point"},"id":"A10023952","properties":{"coordinate_status":"provider_xy_crs_unconfirmed","households":403,"kapt_code":"A10023952","name":"중랑숲시티프라디움","property_aptseq_join":"unique_official_road_address_and_name","property_complex_id":"molit-apt:11260:11260-4287","property_release_id":"property-eea48453a819f517","source_id":"seoul-openaptinfo"},"type":"Feature"},{"geometry":{"coordinates":[126.947405,37.590313],"type":"Point"},"id":"A10023959","properties":{"coordinate_status":"provider_xy_crs_unconfirmed","households":1116,"kapt_code":"A10023959","name":"홍제역 해링턴플레이스아파트","property_aptseq_join":"unique_official_road_address_and_name","property_complex_id":"molit-apt:11410:11410-4894","property_release_id":"property-eea48453a819f517","source_id":"seoul-openaptinfo"},"type":"Feature"},{"geometry":{"coordinates":[126.9467626,37.512953],"type":"Point"},"id":"A10023966","properties":{"coordinate_status":"provider_xy_crs_unconfirmed","households":0,"kapt_code":"A10023966","name":"어바니엘한강","property_aptseq_join":"not_established","source_id":"seoul-openaptinfo"},"type":"Feature"},{"geometry":{"coordinates":[127.1287007,37.538079],"type":"Point"},"id":"A10023979","properties":{"coordinate_status":"provider_xy_crs_unconfirmed","households":182,"kapt_code":"A10023979","name":"어바니엘 천호","property_aptseq_join":"not_established","source_id":"seoul-openaptinfo"},"type":"Feature"},{"geometry":{"coordinates":[127.0752036,37.6193335],"type":"Point"},"id":"A10023990","properties":{"coordinate_status":"provider_xy_crs_unconfirmed","households":270,"kapt_code":"A10023990","name":"청년주택 와이엔타워","property_aptseq_join":"not_established","source_id":"seoul-openaptinfo"},"type":"Feature"},{"geometry":{"coordinates":[127.0815267,37.6260014],"type":"Point"},"id":"A10023991","properties":{"coordinate_status":"provider_xy_crs_unconfirmed","households":1308,"kapt_code":"A10023991","name":"태릉해링턴플레이스","property_aptseq_join":"unique_official_road_address_and_name","property_complex_id":"molit-apt:11350:11350-2313","property_release_id":"property-eea48453a819f517","source_id":"seoul-openaptinfo"},"type":"Feature"},{"geometry":{"coordinates":[126.923922,37.595555],"type":"Point"},"id":"A10023994","properties":{"coordinate_status":"provider_xy_crs_unconfirmed","households":358,"kapt_code":"A10023994","name":"e편한세상백련산 아파트","property_aptseq_join":"unique_official_road_address_and_name","property_complex_id":"molit-apt:11380:11380-11247","property_release_id":"property-eea48453a819f517","source_id":"seoul-openaptinfo"},"type":"Feature"},{"geometry":{"coordinates":[127.0563943,37.484892],"type":"Point"},"id":"A10023996","properties":{"coordinate_status":"provider_xy_crs_unconfirmed","households":232,"kapt_code":"A10023996","name":"개포더샵트리에","property_aptseq_join":"not_established","source_id":"seoul-openaptinfo"},"type":"Feature"},{"geometry":{"coordinates":[127.1044359,37.6101369],"type":"Point"},"id":"A10024008","properties":{"coordinate_status":"provider_xy_crs_unconfirmed","households":218,"kapt_code":"A10024008","name":"신내역 힐데스하임아파트","property_aptseq_join":"not_established","source_id":"seoul-openaptinfo"},"type":"Feature"},{"geometry":{"coordinates":[127.1097437,37.6076201],"type":"Point"},"id":"A10024018","properties":{"coordinate_status":"provider_xy_crs_unconfirmed","households":331,"kapt_code":"A10024018","name":"양원역 금호어울림포레스트아파트","property_aptseq_join":"not_established","source_id":"seoul-openaptinfo"},"type":"Feature"},{"geometry":{"coordinates":[126.9295434,37.6120607],"type":"Point"},"id":"A10024026","properties":{"coordinate_status":"provider_xy_crs_unconfirmed","households":201,"kapt_code":"A10024026","name":"셀립은평","property_aptseq_join":"not_established","source_id":"seoul-openaptinfo"},"type":"Feature"},{"geometry":{"coordinates":[127.0203797,37.5210145],"type":"Point"},"id":"A10024029","properties":{"coordinate_status":"provider_xy_crs_unconfirmed","households":0,"kapt_code":"A10024029","name":"신사삼성래미안아파트","property_aptseq_join":"not_established","source_id":"seoul-openaptinfo"},"type":"Feature"},{"geometry":{"coordinates":[127.038377,37.5167702],"type":"Point"},"id":"A10024035","properties":{"coordinate_status":"provider_xy_crs_unconfirmed","households":0,"kapt_code":"A10024035","name":"강남파라곤","property_aptseq_join":"not_established","source_id":"seoul-openaptinfo"},"type":"Feature"},{"geometry":{"coordinates":[127.0289736,37.57198],"type":"Point"},"id":"A10024042","properties":{"coordinate_status":"provider_xy_crs_unconfirmed","households":823,"kapt_code":"A10024042","name":"e편한세상 청계 센트럴포레","property_aptseq_join":"not_established","source_id":"seoul-openaptinfo"},"type":"Feature"},{"geometry":{"coordinates":[127.1448757,37.4838484],"type":"Point"},"id":"A10024085","properties":{"coordinate_status":"provider_xy_crs_unconfirmed","households":494,"kapt_code":"A10024085","name":"송파위례리슈빌","property_aptseq_join":"unique_official_road_address_and_name","property_complex_id":"molit-apt:11710:11710-9314","property_release_id":"property-eea48453a819f517","source_id":"seoul-openaptinfo"},"type":"Feature"},{"geometry":{"coordinates":[126.8959227,37.5810965],"type":"Point"},"id":"A10024086","properties":{"coordinate_status":"provider_xy_crs_unconfirmed","households":644,"kapt_code":"A10024086","name":"DMC SK VIEW","property_aptseq_join":"unique_official_road_address_and_name","property_complex_id":"molit-apt:11380:11380-11221","property_release_id":"property-eea48453a819f517","source_id":"seoul-openaptinfo"},"type":"Feature"},{"geometry":{"coordinates":[126.9253834,37.4985576],"type":"Point"},"id":"A10024098","properties":{"coordinate_status":"provider_xy_crs_unconfirmed","households":0,"kapt_code":"A10024098","name":"보라매자이 더 포레스트","property_aptseq_join":"unique_official_road_address_and_name","property_complex_id":"molit-apt:11590:11590-5026","property_release_id":"property-eea48453a819f517","source_id":"seoul-openaptinfo"},"type":"Feature"},{"geometry":{"coordinates":[127.0624654,37.5016593],"type":"Point"},"id":"A10024102","properties":{"coordinate_status":"provider_xy_crs_unconfirmed","households":0,"kapt_code":"A10024102","name":"대치르엘","property_aptseq_join":"unique_official_road_address_and_name","property_complex_id":"molit-apt:11680:11680-5005","property_release_id":"property-eea48453a819f517","source_id":"seoul-openaptinfo"},"type":"Feature"},{"geometry":{"coordinates":[127.0481649,37.5177334],"type":"Point"},"id":"A10024131","properties":{"coordinate_status":"provider_xy_crs_unconfirmed","households":679,"kapt_code":"A10024131","name":"래미안 라클래시","property_aptseq_join":"unique_official_road_address_and_name","property_complex_id":"molit-apt:11680:11680-5004","property_release_id":"property-eea48453a819f517","source_id":"seoul-openaptinfo"},"type":"Feature"},{"geometry":{"coordinates":[127.0682832,37.5376553],"type":"Point"},"id":"A10024132","properties":{"coordinate_status":"provider_xy_crs_unconfirmed","households":305,"kapt_code":"A10024132","name":"자양호반써밋아파트","property_aptseq_join":"unique_official_road_address_and_name","property_complex_id":"molit-apt:11215:11215-4849","property_release_id":"property-eea48453a819f517","source_id":"seoul-openaptinfo"},"type":"Feature"},{"geometry":{"coordinates":[126.8352954,37.5459315],"type":"Point"},"id":"A10024145","properties":{"coordinate_status":"provider_xy_crs_unconfirmed","households":429,"kapt_code":"A10024145","name":"우장산역 해링턴타워","property_aptseq_join":"not_established","source_id":"seoul-openaptinfo"},"type":"Feature"},{"geometry":{"coordinates":[127.1440562,37.4863348],"type":"Point"},"id":"A10024152","properties":{"coordinate_status":"provider_xy_crs_unconfirmed","households":1282,"kapt_code":"A10024152","name":"포레나송파","property_aptseq_join":"unique_official_road_address_and_name","property_complex_id":"molit-apt:11710:11710-9297","property_release_id":"property-eea48453a819f517","source_id":"seoul-openaptinfo"},"type":"Feature"},{"geometry":{"coordinates":[126.9962367,37.4767899],"type":"Point"},"id":"A10024171","properties":{"coordinate_status":"provider_xy_crs_unconfirmed","households":758,"kapt_code":"A10024171","name":"방배그랑자이아파트","property_aptseq_join":"unique_official_road_address_and_name","property_complex_id":"molit-apt:11650:11650-4970","property_release_id":"property-eea48453a819f517","source_id":"seoul-openaptinfo"},"type":"Feature"},{"geometry":{"coordinates":[127.1262726,37.4858272],"type":"Point"},"id":"A10024172","properties":{"coordinate_status":"provider_xy_crs_unconfirmed","households":120,"kapt_code":"A10024172","name":"문정현대아파트","property_aptseq_join":"not_established","source_id":"seoul-openaptinfo"},"type":"Feature"},{"geometry":{"coordinates":[127.144078,37.485795],"type":"Point"},"id":"A10024197","properties":{"coordinate_status":"provider_xy_crs_unconfirmed","households":394,"kapt_code":"A10024197","name":"송파레이크힐아파트","property_aptseq_join":"unique_official_road_address_and_name","property_complex_id":"molit-apt:11710:11710-9298","property_release_id":"property-eea48453a819f517","source_id":"seoul-openaptinfo"},"type":"Feature"},{"geometry":{"coordinates":[127.109111,37.609041],"type":"Point"},"id":"A10024214","properties":{"coordinate_status":"provider_xy_crs_unconfirmed","households":490,"kapt_code":"A10024214","name":"신내역 금강펜테리움 센트럴파크아파트","property_aptseq_join":"unique_official_road_address_and_name","property_complex_id":"molit-apt:11260:11260-4220","property_release_id":"property-eea48453a819f517","source_id":"seoul-openaptinfo"},"type":"Feature"},{"geometry":{"coordinates":[127.075083,37.490791],"type":"Point"},"id":"A10024216","properties":{"coordinate_status":"provider_xy_crs_unconfirmed","households":1996,"kapt_code":"A10024216","name":"디에이치 자이 개포","property_aptseq_join":"unique_official_road_address_and_name","property_complex_id":"molit-apt:11680:11680-4988","property_release_id":"property-eea48453a819f517","source_id":"seoul-openaptinfo"},"type":"Feature"},{"geometry":{"coordinates":[127.025992,37.489133],"type":"Point"},"id":"A10024240","properties":{"coordinate_status":"provider_xy_crs_unconfirmed","households":1446,"kapt_code":"A10024240","name":"서초그랑자이","property_aptseq_join":"unique_official_road_address_and_name","property_complex_id":"molit-apt:11650:11650-4969","property_release_id":"property-eea48453a819f517","source_id":"seoul-openaptinfo"},"type":"Feature"},{"geometry":{"coordinates":[126.9779437,37.4930871],"type":"Point"},"id":"A10024245","properties":{"coordinate_status":"provider_xy_crs_unconfirmed","households":514,"kapt_code":"A10024245","name":"이수푸르지오더프레티움","property_aptseq_join":"unique_official_road_address_and_name","property_complex_id":"molit-apt:11590:11590-5016","property_release_id":"property-eea48453a819f517","source_id":"seoul-openaptinfo"},"type":"Feature"},{"geometry":{"coordinates":[127.010446,37.5007631],"type":"Point"},"id":"A10024254","properties":{"coordinate_status":"provider_xy_crs_unconfirmed","households":848,"kapt_code":"A10024254","name":"디에이치반포라클라스","property_aptseq_join":"unique_official_road_address_and_name","property_complex_id":"molit-apt:11650:11650-4959","property_release_id":"property-eea48453a819f517","source_id":"seoul-openaptinfo"},"type":"Feature"},{"geometry":{"coordinates":[127.078684,37.490232],"type":"Point"},"id":"A10024258","properties":{"coordinate_status":"provider_xy_crs_unconfirmed","households":184,"kapt_code":"A10024258","name":"디에이치포레센트아파트","property_aptseq_join":"unique_official_road_address_and_name","property_complex_id":"molit-apt:11680:11680-4949","property_release_id":"property-eea48453a819f517","source_id":"seoul-openaptinfo"},"type":"Feature"},{"geometry":{"coordinates":[126.8904329,37.4644259],"type":"Point"},"id":"A10024302","properties":{"coordinate_status":"provider_xy_crs_unconfirmed","households":927,"kapt_code":"A10024302","name":"독산역 롯데캐슬아파트","property_aptseq_join":"not_established","source_id":"seoul-openaptinfo"},"type":"Feature"},{"geometry":{"coordinates":[126.934656,37.59962],"type":"Point"},"id":"A10024313","properties":{"coordinate_status":"provider_xy_crs_unconfirmed","households":879,"kapt_code":"A10024313","name":"힐스테이트녹번역아파트","property_aptseq_join":"unique_official_road_address_and_name","property_complex_id":"molit-apt:11380:11380-11169","property_release_id":"property-eea48453a819f517","source_id":"seoul-openaptinfo"},"type":"Feature"},{"geometry":{"coordinates":[126.886278,37.5234],"type":"Point"},"id":"A10024316","properties":{"coordinate_status":"provider_xy_crs_unconfirmed","households":308,"kapt_code":"A10024316","name":"영등포 중흥S-클래스","property_aptseq_join":"not_established","source_id":"seoul-openaptinfo"},"type":"Feature"},{"geometry":{"coordinates":[126.9678516,37.5311678],"type":"Point"},"id":"A10024333","properties":{"coordinate_status":"provider_xy_crs_unconfirmed","households":1086,"kapt_code":"A10024333","name":"용산 베르디움 프렌즈","property_aptseq_join":"not_established","source_id":"seoul-openaptinfo"},"type":"Feature"},{"geometry":{"coordinates":[126.947802,37.553719],"type":"Point"},"id":"A10024347","properties":{"coordinate_status":"provider_xy_crs_unconfirmed","households":1694,"kapt_code":"A10024347","name":"마포프레스티지자이아파트","property_aptseq_join":"not_established","source_id":"seoul-openaptinfo"},"type":"Feature"},{"geometry":{"coordinates":[126.9682218,37.5635216],"type":"Point"},"id":"A10024359","properties":{"coordinate_status":"provider_xy_crs_unconfirmed","households":168,"kapt_code":"A10024359","name":"삼정아트테라스정동","property_aptseq_join":"unique_official_road_address_and_name","property_complex_id":"molit-apt:11140:11140-1361","property_release_id":"property-eea48453a819f517","source_id":"seoul-openaptinfo"},"type":"Feature"},{"geometry":{"coordinates":[126.947169,37.500753],"type":"Point"},"id":"A10024365","properties":{"coordinate_status":"provider_xy_crs_unconfirmed","households":950,"kapt_code":"A10024365","name":"상도역롯데캐슬파크엘","property_aptseq_join":"unique_official_road_address_and_name","property_complex_id":"molit-apt:11590:11590-4993","property_release_id":"property-eea48453a819f517","source_id":"seoul-openaptinfo"},"type":"Feature"},{"geometry":{"coordinates":[127.1170144,37.5355317],"type":"Point"},"id":"A10024379","properties":{"coordinate_status":"provider_xy_crs_unconfirmed","households":93,"kapt_code":"A10024379","name":"(풍납)대동아파트","property_aptseq_join":"not_established","source_id":"seoul-openaptinfo"},"type":"Feature"},{"geometry":{"coordinates":[126.851496,37.518826],"type":"Point"},"id":"A10024398","properties":{"coordinate_status":"provider_xy_crs_unconfirmed","households":1497,"kapt_code":"A10024398","name":"래미안 목동아델리체","property_aptseq_join":"not_established","source_id":"seoul-openaptinfo"},"type":"Feature"},{"geometry":{"coordinates":[126.94684,37.5451652],"type":"Point"},"id":"A10024408","properties":{"coordinate_status":"provider_xy_crs_unconfirmed","households":306,"kapt_code":"A10024408","name":"공덕SK리더스뷰 1단지","property_aptseq_join":"not_established","source_id":"seoul-openaptinfo"},"type":"Feature"},{"geometry":{"coordinates":[127.144817,37.554724],"type":"Point"},"id":"A10024412","properties":{"coordinate_status":"provider_xy_crs_unconfirmed","households":943,"kapt_code":"A10024412","name":"강동리엔파크 14단지 아파트","property_aptseq_join":"unique_official_road_address_and_name","property_complex_id":"molit-apt:11740:11740-4802","property_release_id":"property-eea48453a819f517","source_id":"seoul-openaptinfo"},"type":"Feature"},{"geometry":{"coordinates":[127.144817,37.554724],"type":"Point"},"id":"A10024420","properties":{"coordinate_status":"provider_xy_crs_unconfirmed","households":600,"kapt_code":"A10024420","name":"강동리엔파크11단지","property_aptseq_join":"not_established","source_id":"seoul-openaptinfo"},"type":"Feature"},{"geometry":{"coordinates":[127.1733082,37.570719],"type":"Point"},"id":"A10024421","properties":{"coordinate_status":"provider_xy_crs_unconfirmed","households":1025,"kapt_code":"A10024421","name":"강동 리버스트 7단지 아파트","property_aptseq_join":"not_established","source_id":"seoul-openaptinfo"},"type":"Feature"},{"geometry":{"coordinates":[126.818592,37.561735],"type":"Point"},"id":"A10024426","properties":{"coordinate_status":"provider_xy_crs_unconfirmed","households":1529,"kapt_code":"A10024426","name":"마곡엠밸리9단지","property_aptseq_join":"unique_official_road_address_and_name","property_complex_id":"molit-apt:11500:11500-8142","property_release_id":"property-eea48453a819f517","source_id":"seoul-openaptinfo"},"type":"Feature"},{"geometry":{"coordinates":[126.904045,37.575195],"type":"Point"},"id":"A10024428","properties":{"coordinate_status":"provider_xy_crs_unconfirmed","households":111,"kapt_code":"A10024428","name":"북가좌 신일해피트리아파트","property_aptseq_join":"not_established","source_id":"seoul-openaptinfo"},"type":"Feature"},{"geometry":{"coordinates":[127.05402,37.50865],"type":"Point"},"id":"A10024435","properties":{"coordinate_status":"provider_xy_crs_unconfirmed","households":59,"kapt_code":"A10024435","name":"삼성동대성유니드","property_aptseq_join":"unique_official_road_address_and_name","property_complex_id":"molit-apt:11680:11680-519","property_release_id":"property-eea48453a819f517","source_id":"seoul-openaptinfo"},"type":"Feature"},{"geometry":{"coordinates":[126.8510294,37.5533338],"type":"Point"},"id":"A10024436","properties":{"coordinate_status":"provider_xy_crs_unconfirmed","households":500,"kapt_code":"A10024436","name":"센터스퀘어등촌","property_aptseq_join":"not_established","source_id":"seoul-openaptinfo"},"type":"Feature"},{"geometry":{"coordinates":[127.175428,37.5719395],"type":"Point"},"id":"A10024440","properties":{"coordinate_status":"provider_xy_crs_unconfirmed","households":946,"kapt_code":"A10024440","name":"강동리버스트 8단지","property_aptseq_join":"unique_official_road_address_and_name","property_complex_id":"molit-apt:11740:11740-4804","property_release_id":"property-eea48453a819f517","source_id":"seoul-openaptinfo"},"type":"Feature"},{"geometry":{"coordinates":[127.085956,37.572678],"type":"Point"},"id":"A10024443","properties":{"coordinate_status":"provider_xy_crs_unconfirmed","households":245,"kapt_code":"A10024443","name":"쌍용더플래티넘용마산","property_aptseq_join":"unique_official_road_address_and_name","property_complex_id":"molit-apt:11260:11260-4189","property_release_id":"property-eea48453a819f517","source_id":"seoul-openaptinfo"},"type":"Feature"},{"geometry":{"coordinates":[127.044813,37.66744],"type":"Point"},"id":"A10024463","properties":{"coordinate_status":"provider_xy_crs_unconfirmed","households":187,"kapt_code":"A10024463","name":"방학지음재힐스","property_aptseq_join":"unique_official_road_address_and_name","property_complex_id":"molit-apt:11320:11320-3496","property_release_id":"property-eea48453a819f517","source_id":"seoul-openaptinfo"},"type":"Feature"},{"geometry":{"coordinates":[127.1731,37.572621],"type":"Point"},"id":"A10024468","properties":{"coordinate_status":"provider_xy_crs_unconfirmed","households":1239,"kapt_code":"A10024468","name":"강동리버스트4단지","property_aptseq_join":"unique_official_road_address_and_name","property_complex_id":"molit-apt:11740:11740-4743","property_release_id":"property-eea48453a819f517","source_id":"seoul-openaptinfo"},"type":"Feature"},{"geometry":{"coordinates":[126.913341,37.503191],"type":"Point"},"id":"A10024470","properties":{"coordinate_status":"provider_xy_crs_unconfirmed","households":641,"kapt_code":"A10024470","name":"신길파크자이","property_aptseq_join":"unique_official_road_address_and_name","property_complex_id":"molit-apt:11560:11560-2171","property_release_id":"property-eea48453a819f517","source_id":"seoul-openaptinfo"},"type":"Feature"},{"geometry":{"coordinates":[127.1708,37.552393],"type":"Point"},"id":"A10024473","properties":{"coordinate_status":"provider_xy_crs_unconfirmed","households":1824,"kapt_code":"A10024473","name":"고덕자이 아파트","property_aptseq_join":"unique_official_road_address_and_name","property_complex_id":"molit-apt:11740:11740-4799","property_release_id":"property-eea48453a819f517","source_id":"seoul-openaptinfo"},"type":"Feature"},{"geometry":{"coordinates":[127.047983,37.618675],"type":"Point"},"id":"A10024488","properties":{"coordinate_status":"provider_xy_crs_unconfirmed","households":1711,"kapt_code":"A10024488","name":"꿈의숲아이파크아파트","property_aptseq_join":"unique_official_road_address_and_name","property_complex_id":"molit-apt:11290:11290-4978","property_release_id":"property-eea48453a819f517","source_id":"seoul-openaptinfo"},"type":"Feature"},{"geometry":{"coordinates":[127.1370619,37.4825792],"type":"Point"},"id":"A10024492","properties":{"coordinate_status":"provider_xy_crs_unconfirmed","households":560,"kapt_code":"A10024492","name":"위례포레샤인13단지아파트","property_aptseq_join":"not_established","source_id":"seoul-openaptinfo"},"type":"Feature"},{"geometry":{"coordinates":[126.885457,37.520028],"type":"Point"},"id":"A10024495","properties":{"coordinate_status":"provider_xy_crs_unconfirmed","households":263,"kapt_code":"A10024495","name":"e편한세상 문래 에듀플라츠","property_aptseq_join":"unique_official_road_address_and_name","property_complex_id":"molit-apt:11560:11560-2150","property_release_id":"property-eea48453a819f517","source_id":"seoul-openaptinfo"},"type":"Feature"},{"geometry":{"coordinates":[127.030891,37.512999],"type":"Point"},"id":"A10024501","properties":{"coordinate_status":"provider_xy_crs_unconfirmed","households":249,"kapt_code":"A10024501","name":"논현 기린힐스","property_aptseq_join":"not_established","source_id":"seoul-openaptinfo"},"type":"Feature"},{"geometry":{"coordinates":[127.043853,37.544798],"type":"Point"},"id":"A10024503","properties":{"coordinate_status":"provider_xy_crs_unconfirmed","households":280,"kapt_code":"A10024503","name":"아크로 서울포레스트","property_aptseq_join":"unique_official_road_address_and_name","property_complex_id":"molit-apt:11200:11200-3215","property_release_id":"property-eea48453a819f517","source_id":"seoul-openaptinfo"},"type":"Feature"},{"geometry":{"coordinates":[126.808283,37.571185],"type":"Point"},"id":"A10024505","properties":{"coordinate_status":"provider_xy_crs_unconfirmed","households":298,"kapt_code":"A10024505","name":"신마곡 벽산 블루밍","property_aptseq_join":"unique_official_road_address_and_name","property_complex_id":"molit-apt:11500:11500-8134","property_release_id":"property-eea48453a819f517","source_id":"seoul-openaptinfo"},"type":"Feature"},{"geometry":{"coordinates":[126.944439,37.600043],"type":"Point"},"id":"A10024532","properties":{"coordinate_status":"provider_xy_crs_unconfirmed","households":296,"kapt_code":"A10024532","name":"북한산두산위브2차","property_aptseq_join":"unique_official_road_address_and_name","property_complex_id":"molit-apt:11410:11410-4856","property_release_id":"property-eea48453a819f517","source_id":"seoul-openaptinfo"},"type":"Feature"},{"geometry":{"coordinates":[127.062369,37.663938],"type":"Point"},"id":"A10024547","properties":{"coordinate_status":"provider_xy_crs_unconfirmed","households":1062,"kapt_code":"A10024547","name":"포레나노원 아파트","property_aptseq_join":"not_established","source_id":"seoul-openaptinfo"},"type":"Feature"},{"geometry":{"coordinates":[127.028121,37.490773],"type":"Point"},"id":"A10024552","properties":{"coordinate_status":"provider_xy_crs_unconfirmed","households":1317,"kapt_code":"A10024552","name":"래미안리더스원","property_aptseq_join":"unique_official_road_address_and_name","property_complex_id":"molit-apt:11650:11650-4887","property_release_id":"property-eea48453a819f517","source_id":"seoul-openaptinfo"},"type":"Feature"},{"geometry":{"coordinates":[127.17017,37.557703],"type":"Point"},"id":"A10024562","properties":{"coordinate_status":"provider_xy_crs_unconfirmed","households":656,"kapt_code":"A10024562","name":"고덕센트럴푸르지오","property_aptseq_join":"unique_official_road_address_and_name","property_complex_id":"molit-apt:11740:11740-4735","property_release_id":"property-eea48453a819f517","source_id":"seoul-openaptinfo"},"type":"Feature"},{"geometry":{"coordinates":[127.054031,37.47848],"type":"Point"},"id":"A10024564","properties":{"coordinate_status":"provider_xy_crs_unconfirmed","households":2296,"kapt_code":"A10024564","name":"개포래미안포레스트","property_aptseq_join":"unique_official_road_address_and_name","property_complex_id":"molit-apt:11680:11680-4929","property_release_id":"property-eea48453a819f517","source_id":"seoul-openaptinfo"},"type":"Feature"},{"geometry":{"coordinates":[126.905671,37.523206],"type":"Point"},"id":"A10024567","properties":{"coordinate_status":"provider_xy_crs_unconfirmed","households":0,"kapt_code":"A10024567","name":"포레나영등포센트럴아파트","property_aptseq_join":"unique_official_road_address_and_name","property_complex_id":"molit-apt:11560:11560-2164","property_release_id":"property-eea48453a819f517","source_id":"seoul-openaptinfo"},"type":"Feature"},{"geometry":{"coordinates":[127.0091283,37.4871871],"type":"Point"},"id":"A10024574","properties":{"coordinate_status":"provider_xy_crs_unconfirmed","households":318,"kapt_code":"A10024574","name":"서초센트럴아이파크","property_aptseq_join":"not_established","source_id":"seoul-openaptinfo"},"type":"Feature"},{"geometry":{"coordinates":[127.1522144,37.486816],"type":"Point"},"id":"A10024577","properties":{"coordinate_status":"provider_xy_crs_unconfirmed","households":685,"kapt_code":"A10024577","name":"위례포레샤인18단지","property_aptseq_join":"not_established","source_id":"seoul-openaptinfo"},"type":"Feature"},{"geometry":{"coordinates":[126.907735,37.587619],"type":"Point"},"id":"A10024581","properties":{"coordinate_status":"provider_xy_crs_unconfirmed","households":119,"kapt_code":"A10024581","name":"DMC문영퀸즈파크","property_aptseq_join":"not_established","source_id":"seoul-openaptinfo"},"type":"Feature"},{"geometry":{"coordinates":[127.0301269,37.5973644],"type":"Point"},"id":"A10024603","properties":{"coordinate_status":"provider_xy_crs_unconfirmed","households":104,"kapt_code":"A10024603","name":"종암sh빌아파트","property_aptseq_join":"not_established","source_id":"seoul-openaptinfo"},"type":"Feature"},{"geometry":{"coordinates":[126.912117,37.503998],"type":"Point"},"id":"A10024615","properties":{"coordinate_status":"provider_xy_crs_unconfirmed","households":1482,"kapt_code":"A10024615","name":"힐스테이트클래시안아파트","property_aptseq_join":"unique_official_road_address_and_name","property_complex_id":"molit-apt:11560:11560-2151","property_release_id":"property-eea48453a819f517","source_id":"seoul-openaptinfo"},"type":"Feature"},{"geometry":{"coordinates":[126.95112,37.583841],"type":"Point"},"id":"A10024620","properties":{"coordinate_status":"provider_xy_crs_unconfirmed","households":123,"kapt_code":"A10024620","name":"인왕산어울림 아파트","property_aptseq_join":"not_established","source_id":"seoul-openaptinfo"},"type":"Feature"},{"geometry":{"coordinates":[126.93104,37.46601],"type":"Point"},"id":"A10024621","properties":{"coordinate_status":"provider_xy_crs_unconfirmed","households":127,"kapt_code":"A10024621","name":"태흥아파트","property_aptseq_join":"unique_official_road_address_and_name","property_complex_id":"molit-apt:11620:11620-67","property_release_id":"property-eea48453a819f517","source_id":"seoul-openaptinfo"},"type":"Feature"},{"geometry":{"coordinates":[126.9492355,37.5451058],"type":"Point"},"id":"A10024626","properties":{"coordinate_status":"provider_xy_crs_unconfirmed","households":166,"kapt_code":"A10024626","name":"공덕SK리더스뷰 2단지","property_aptseq_join":"not_established","source_id":"seoul-openaptinfo"},"type":"Feature"},{"geometry":{"coordinates":[126.93199,37.463651],"type":"Point"},"id":"A10024634","properties":{"coordinate_status":"provider_xy_crs_unconfirmed","households":109,"kapt_code":"A10024634","name":"신림서초아파트","property_aptseq_join":"not_established","source_id":"seoul-openaptinfo"},"type":"Feature"},{"geometry":{"coordinates":[127.060832,37.620752],"type":"Point"},"id":"A10024636","properties":{"coordinate_status":"provider_xy_crs_unconfirmed","households":115,"kapt_code":"A10024636","name":"세양청마루","property_aptseq_join":"unique_official_road_address_and_name","property_complex_id":"molit-apt:11350:11350-1664","property_release_id":"property-eea48453a819f517","source_id":"seoul-openaptinfo"},"type":"Feature"},{"geometry":{"coordinates":[126.959046,37.483625],"type":"Point"},"id":"A10024638","properties":{"coordinate_status":"provider_xy_crs_unconfirmed","households":118,"kapt_code":"A10024638","name":"관악월드메르디앙아파트","property_aptseq_join":"unique_official_road_address_and_name","property_complex_id":"molit-apt:11620:11620-4232","property_release_id":"property-eea48453a819f517","source_id":"seoul-openaptinfo"},"type":"Feature"},{"geometry":{"coordinates":[127.045392,37.521414],"type":"Point"},"id":"A10024640","properties":{"coordinate_status":"provider_xy_crs_unconfirmed","households":142,"kapt_code":"A10024640","name":"청담2차e편한세상아파트","property_aptseq_join":"not_established","source_id":"seoul-openaptinfo"},"type":"Feature"},{"geometry":{"coordinates":[126.96905,37.4804494],"type":"Point"},"id":"A10024642","properties":{"coordinate_status":"provider_xy_crs_unconfirmed","households":140,"kapt_code":"A10024642","name":"사당진흥아파트","property_aptseq_join":"not_established","source_id":"seoul-openaptinfo"},"type":"Feature"},{"geometry":{"coordinates":[127.000455,37.5003613],"type":"Point"},"id":"A10024646","properties":{"coordinate_status":"provider_xy_crs_unconfirmed","households":108,"kapt_code":"A10024646","name":"궁전아파트","property_aptseq_join":"unique_official_road_address_and_name","property_complex_id":"molit-apt:11650:11650-160","property_release_id":"property-eea48453a819f517","source_id":"seoul-openaptinfo"},"type":"Feature"},{"geometry":{"coordinates":[126.959534,37.488633],"type":"Point"},"id":"A10024666","properties":{"coordinate_status":"provider_xy_crs_unconfirmed","households":142,"kapt_code":"A10024666","name":"서희스타힐스","property_aptseq_join":"unique_official_road_address_and_name","property_complex_id":"molit-apt:11620:11620-5206","property_release_id":"property-eea48453a819f517","source_id":"seoul-openaptinfo"},"type":"Feature"},{"geometry":{"coordinates":[127.094011,37.537557],"type":"Point"},"id":"A10024667","properties":{"coordinate_status":"provider_xy_crs_unconfirmed","households":130,"kapt_code":"A10024667","name":"구의세양아파트","property_aptseq_join":"not_established","source_id":"seoul-openaptinfo"},"type":"Feature"},{"geometry":{"coordinates":[126.958162,37.604131],"type":"Point"},"id":"A10024669","properties":{"coordinate_status":"provider_xy_crs_unconfirmed","households":123,"kapt_code":"A10024669","name":"동익빌라","property_aptseq_join":"not_established","source_id":"seoul-openaptinfo"},"type":"Feature"},{"geometry":{"coordinates":[126.967663,37.526093],"type":"Point"},"id":"A10024691","properties":{"coordinate_status":"provider_xy_crs_unconfirmed","households":1334,"kapt_code":"A10024691","name":"용산센트럴파크","property_aptseq_join":"not_established","source_id":"seoul-openaptinfo"},"type":"Feature"},{"geometry":{"coordinates":[127.054781,37.610125],"type":"Point"},"id":"A10024702","properties":{"coordinate_status":"provider_xy_crs_unconfirmed","households":147,"kapt_code":"A10024702","name":"장위우방아파트","property_aptseq_join":"not_established","source_id":"seoul-openaptinfo"},"type":"Feature"},{"geometry":{"coordinates":[127.078897,37.58231],"type":"Point"},"id":"A10024703","properties":{"coordinate_status":"provider_xy_crs_unconfirmed","households":453,"kapt_code":"A10024703","name":"면목 라온 프라이빗 아파트","property_aptseq_join":"not_established","source_id":"seoul-openaptinfo"},"type":"Feature"},{"geometry":{"coordinates":[126.951063,37.562291],"type":"Point"},"id":"A10024719","properties":{"coordinate_status":"provider_xy_crs_unconfirmed","households":1252,"kapt_code":"A10024719","name":"힐스테이트신촌","property_aptseq_join":"unique_official_road_address_and_name","property_complex_id":"molit-apt:11410:11410-4846","property_release_id":"property-eea48453a819f517","source_id":"seoul-openaptinfo"},"type":"Feature"},{"geometry":{"coordinates":[126.906944,37.494512],"type":"Point"},"id":"A10024725","properties":{"coordinate_status":"provider_xy_crs_unconfirmed","households":859,"kapt_code":"A10024725","name":"e편한세상 영등포 아델포레","property_aptseq_join":"unique_official_road_address_and_name","property_complex_id":"molit-apt:11560:11560-2141","property_release_id":"property-eea48453a819f517","source_id":"seoul-openaptinfo"},"type":"Feature"},{"geometry":{"coordinates":[127.081924,37.582679],"type":"Point"},"id":"A10024741","properties":{"coordinate_status":"provider_xy_crs_unconfirmed","households":1505,"kapt_code":"A10024741","name":"사가정 센트럴 아이파크 아파트","property_aptseq_join":"unique_official_road_address_and_name","property_complex_id":"molit-apt:11260:11260-4104","property_release_id":"property-eea48453a819f517","source_id":"seoul-openaptinfo"},"type":"Feature"},{"geometry":{"coordinates":[126.944463,37.468169],"type":"Point"},"id":"A10024749","properties":{"coordinate_status":"provider_xy_crs_unconfirmed","households":126,"kapt_code":"A10024749","name":"신림2차금호타운","property_aptseq_join":"not_established","source_id":"seoul-openaptinfo"},"type":"Feature"},{"geometry":{"coordinates":[127.095002,37.542673],"type":"Point"},"id":"A10024751","properties":{"coordinate_status":"provider_xy_crs_unconfirmed","households":122,"kapt_code":"A10024751","name":"광장자이아파트","property_aptseq_join":"unique_official_road_address_and_name","property_complex_id":"molit-apt:11215:11215-2694","property_release_id":"property-eea48453a819f517","source_id":"seoul-openaptinfo"},"type":"Feature"},{"geometry":{"coordinates":[126.93323,37.51196],"type":"Point"},"id":"A10024752","properties":{"coordinate_status":"provider_xy_crs_unconfirmed","households":134,"kapt_code":"A10024752","name":"신한토탈아파트","property_aptseq_join":"unique_official_road_address_and_name","property_complex_id":"molit-apt:11590:11590-60","property_release_id":"property-eea48453a819f517","source_id":"seoul-openaptinfo"},"type":"Feature"},{"geometry":{"coordinates":[126.971987,37.559937],"type":"Point"},"id":"A10024756","properties":{"coordinate_status":"provider_xy_crs_unconfirmed","households":137,"kapt_code":"A10024756","name":"순화동포스코더샵","property_aptseq_join":"not_established","source_id":"seoul-openaptinfo"},"type":"Feature"},{"geometry":{"coordinates":[126.8646206,37.5516066],"type":"Point"},"id":"A10024768","properties":{"coordinate_status":"provider_xy_crs_unconfirmed","households":285,"kapt_code":"A10024768","name":"아임2030(청년주택)","property_aptseq_join":"not_established","source_id":"seoul-openaptinfo"},"type":"Feature"},{"geometry":{"coordinates":[127.051265,37.6714122],"type":"Point"},"id":"A10024770","properties":{"coordinate_status":"provider_xy_crs_unconfirmed","households":117,"kapt_code":"A10024770","name":"상계 대창센시티","property_aptseq_join":"not_established","source_id":"seoul-openaptinfo"},"type":"Feature"},{"geometry":{"coordinates":[126.92309,37.60383],"type":"Point"},"id":"A10024774","properties":{"coordinate_status":"provider_xy_crs_unconfirmed","households":111,"kapt_code":"A10024774","name":"해주드림빌아파트","property_aptseq_join":"unique_official_road_address_and_name","property_complex_id":"molit-apt:11380:11380-3","property_release_id":"property-eea48453a819f517","source_id":"seoul-openaptinfo"},"type":"Feature"},{"geometry":{"coordinates":[126.943431,37.496497],"type":"Point"},"id":"A10024777","properties":{"coordinate_status":"provider_xy_crs_unconfirmed","households":141,"kapt_code":"A10024777","name":"상도동 롯데캐슬 비엔","property_aptseq_join":"not_established","source_id":"seoul-openaptinfo"},"type":"Feature"},{"geometry":{"coordinates":[127.051626,37.6722176],"type":"Point"},"id":"A10024778","properties":{"coordinate_status":"provider_xy_crs_unconfirmed","households":142,"kapt_code":"A10024778","name":"상계중앙하이츠아파트","property_aptseq_join":"not_established","source_id":"seoul-openaptinfo"},"type":"Feature"},{"geometry":{"coordinates":[126.9689263,37.6082039],"type":"Point"},"id":"A10024780","properties":{"coordinate_status":"provider_xy_crs_unconfirmed","households":168,"kapt_code":"A10024780","name":"금강주택","property_aptseq_join":"not_established","source_id":"seoul-openaptinfo"},"type":"Feature"},{"geometry":{"coordinates":[127.150756,37.493915],"type":"Point"},"id":"A10024787","properties":{"coordinate_status":"provider_xy_crs_unconfirmed","households":1199,"kapt_code":"A10024787","name":"이편한세상 송파파크센트럴","property_aptseq_join":"not_established","source_id":"seoul-openaptinfo"},"type":"Feature"},{"geometry":{"coordinates":[126.9027572,37.5299889],"type":"Point"},"id":"A10024789","properties":{"coordinate_status":"provider_xy_crs_unconfirmed","households":802,"kapt_code":"A10024789","name":"당산센트럴아이파크","property_aptseq_join":"unique_official_road_address_and_name","property_complex_id":"molit-apt:11560:11560-2123","property_release_id":"property-eea48453a819f517","source_id":"seoul-openaptinfo"},"type":"Feature"},{"geometry":{"coordinates":[127.04872,37.489193],"type":"Point"},"id":"A10024793","properties":{"coordinate_status":"provider_xy_crs_unconfirmed","households":132,"kapt_code":"A10024793","name":"매봉삼성아파트","property_aptseq_join":"unique_official_road_address_and_name","property_complex_id":"molit-apt:11680:11680-328","property_release_id":"property-eea48453a819f517","source_id":"seoul-openaptinfo"},"type":"Feature"},{"geometry":{"coordinates":[127.159188,37.546536],"type":"Point"},"id":"A10024798","properties":{"coordinate_status":"provider_xy_crs_unconfirmed","households":105,"kapt_code":"A10024798","name":"상일우성타운","property_aptseq_join":"not_established","source_id":"seoul-openaptinfo"},"type":"Feature"},{"geometry":{"coordinates":[127.0651317,37.4997456],"type":"Point"},"id":"A10024799","properties":{"coordinate_status":"provider_xy_crs_unconfirmed","households":120,"kapt_code":"A10024799","name":"대치1차현대아파트","property_aptseq_join":"not_established","source_id":"seoul-openaptinfo"},"type":"Feature"},{"geometry":{"coordinates":[127.022403,37.566612],"type":"Point"},"id":"A10024801","properties":{"coordinate_status":"provider_xy_crs_unconfirmed","households":112,"kapt_code":"A10024801","name":"황학코아루","property_aptseq_join":"not_established","source_id":"seoul-openaptinfo"},"type":"Feature"},{"geometry":{"coordinates":[126.965263,37.48705],"type":"Point"},"id":"A10024811","properties":{"coordinate_status":"provider_xy_crs_unconfirmed","households":131,"kapt_code":"A10024811","name":"남해오네뜨아파트","property_aptseq_join":"unique_official_road_address_and_name","property_complex_id":"molit-apt:11590:11590-55","property_release_id":"property-eea48453a819f517","source_id":"seoul-openaptinfo"},"type":"Feature"},{"geometry":{"coordinates":[127.06754,37.61582],"type":"Point"},"id":"A10024812","properties":{"coordinate_status":"provider_xy_crs_unconfirmed","households":138,"kapt_code":"A10024812","name":"석계역우남아파트","property_aptseq_join":"not_established","source_id":"seoul-openaptinfo"},"type":"Feature"},{"geometry":{"coordinates":[127.035424,37.492491],"type":"Point"},"id":"A10024813","properties":{"coordinate_status":"provider_xy_crs_unconfirmed","households":117,"kapt_code":"A10024813","name":"롯데캐슬노블","property_aptseq_join":"unique_official_road_address_and_name","property_complex_id":"molit-apt:11680:11680-3728","property_release_id":"property-eea48453a819f517","source_id":"seoul-openaptinfo"},"type":"Feature"},{"geometry":{"coordinates":[127.0373,37.52667],"type":"Point"},"id":"A10024814","properties":{"coordinate_status":"provider_xy_crs_unconfirmed","households":139,"kapt_code":"A10024814","name":"로데오현대아파트","property_aptseq_join":"unique_official_road_address_and_name","property_complex_id":"molit-apt:11680:11680-3","property_release_id":"property-eea48453a819f517","source_id":"seoul-openaptinfo"},"type":"Feature"},{"geometry":{"coordinates":[127.053809,37.496298],"type":"Point"},"id":"A10024815","properties":{"coordinate_status":"provider_xy_crs_unconfirmed","households":144,"kapt_code":"A10024815","name":"롯데캐슬리베아파트","property_aptseq_join":"unique_official_road_address_and_name","property_complex_id":"molit-apt:11680:11680-3739","property_release_id":"property-eea48453a819f517","source_id":"seoul-openaptinfo"},"type":"Feature"},{"geometry":{"coordinates":[127.049817,37.514107],"type":"Point"},"id":"A10024819","properties":{"coordinate_status":"provider_xy_crs_unconfirmed","households":127,"kapt_code":"A10024819","name":"삼성동한일아파트","property_aptseq_join":"not_established","source_id":"seoul-openaptinfo"},"type":"Feature"},{"geometry":{"coordinates":[127.044591,37.50172],"type":"Point"},"id":"A10024820","properties":{"coordinate_status":"provider_xy_crs_unconfirmed","households":137,"kapt_code":"A10024820","name":"현대까르띠에710아파트","property_aptseq_join":"unique_official_road_address_and_name","property_complex_id":"molit-apt:11680:11680-252","property_release_id":"property-eea48453a819f517","source_id":"seoul-openaptinfo"},"type":"Feature"},{"geometry":{"coordinates":[127.056706,37.505115],"type":"Point"},"id":"A10024821","properties":{"coordinate_status":"provider_xy_crs_unconfirmed","households":142,"kapt_code":"A10024821","name":"대치롯데캐슬아파트","property_aptseq_join":"not_established","source_id":"seoul-openaptinfo"},"type":"Feature"},{"geometry":{"coordinates":[127.036102,37.667052],"type":"Point"},"id":"A10024822","properties":{"coordinate_status":"provider_xy_crs_unconfirmed","households":134,"kapt_code":"A10024822","name":"송학휴스테이아파트","property_aptseq_join":"unique_official_road_address_and_name","property_complex_id":"molit-apt:11320:11320-3414","property_release_id":"property-eea48453a819f517","source_id":"seoul-openaptinfo"},"type":"Feature"},{"geometry":{"coordinates":[126.867077,37.535931],"type":"Point"},"id":"A10024823","properties":{"coordinate_status":"provider_xy_crs_unconfirmed","households":103,"kapt_code":"A10024823","name":"목동금호타운아파트","property_aptseq_join":"not_established","source_id":"seoul-openaptinfo"},"type":"Feature"},{"geometry":{"coordinates":[127.027137,37.649907],"type":"Point"},"id":"A10024827","properties":{"coordinate_status":"provider_xy_crs_unconfirmed","households":141,"kapt_code":"A10024827","name":"쌍문e-편한세상아파트","property_aptseq_join":"not_established","source_id":"seoul-openaptinfo"},"type":"Feature"},{"geometry":{"coordinates":[126.891951,37.584794],"type":"Point"},"id":"A10024828","properties":{"coordinate_status":"provider_xy_crs_unconfirmed","households":1192,"kapt_code":"A10024828","name":"DMC롯데캐슬더퍼스트","property_aptseq_join":"unique_official_road_address_and_name","property_complex_id":"molit-apt:11380:11380-11086","property_release_id":"property-eea48453a819f517","source_id":"seoul-openaptinfo"},"type":"Feature"},{"geometry":{"coordinates":[126.89981,37.495928],"type":"Point"},"id":"A10024829","properties":{"coordinate_status":"provider_xy_crs_unconfirmed","households":120,"kapt_code":"A10024829","name":"대림 우성2차","property_aptseq_join":"not_established","source_id":"seoul-openaptinfo"},"type":"Feature"},{"geometry":{"coordinates":[126.932044,37.599269],"type":"Point"},"id":"A10024831","properties":{"coordinate_status":"provider_xy_crs_unconfirmed","households":2569,"kapt_code":"A10024831","name":"녹번역e편한세상캐슬","property_aptseq_join":"unique_official_road_address_and_name","property_complex_id":"molit-apt:11380:11380-11078","property_release_id":"property-eea48453a819f517","source_id":"seoul-openaptinfo"},"type":"Feature"},{"geometry":{"coordinates":[126.820681,37.4773],"type":"Point"},"id":"A10024849","properties":{"coordinate_status":"provider_xy_crs_unconfirmed","households":337,"kapt_code":"A10024849","name":"구로항동우남퍼스트빌","property_aptseq_join":"not_established","source_id":"seoul-openaptinfo"},"type":"Feature"},{"geometry":{"coordinates":[126.843516,37.516804],"type":"Point"},"id":"A10024872","properties":{"coordinate_status":"provider_xy_crs_unconfirmed","households":3045,"kapt_code":"A10024872","name":"목동 센트럴 아이파크위브 아파트","property_aptseq_join":"not_established","source_id":"seoul-openaptinfo"},"type":"Feature"},{"geometry":{"coordinates":[126.9167103,37.5507398],"type":"Point"},"id":"A10024891","properties":{"coordinate_status":"provider_xy_crs_unconfirmed","households":913,"kapt_code":"A10024891","name":"서교동 효성해링턴타워","property_aptseq_join":"not_established","source_id":"seoul-openaptinfo"},"type":"Feature"},{"geometry":{"coordinates":[126.942051,37.478089],"type":"Point"},"id":"A10024894","properties":{"coordinate_status":"provider_xy_crs_unconfirmed","households":519,"kapt_code":"A10024894","name":"이편한세상서울대입구2차(5단지)","property_aptseq_join":"not_established","source_id":"seoul-openaptinfo"},"type":"Feature"},{"geometry":{"coordinates":[127.001701,37.507069],"type":"Point"},"id":"A10024913","properties":{"coordinate_status":"provider_xy_crs_unconfirmed","households":757,"kapt_code":"A10024913","name":"반포센트럴자이아파트","property_aptseq_join":"unique_official_road_address_and_name","property_complex_id":"molit-apt:11650:11650-4805","property_release_id":"property-eea48453a819f517","source_id":"seoul-openaptinfo"},"type":"Feature"},{"geometry":{"coordinates":[126.8158201,37.4759387],"type":"Point"},"id":"A10024927","properties":{"coordinate_status":"provider_xy_crs_unconfirmed","households":345,"kapt_code":"A10024927","name":"구로항동제일풍경채포레스트","property_aptseq_join":"not_established","source_id":"seoul-openaptinfo"},"type":"Feature"},{"geometry":{"coordinates":[127.148197,37.541198],"type":"Point"},"id":"A10024932","properties":{"coordinate_status":"provider_xy_crs_unconfirmed","households":366,"kapt_code":"A10024932","name":"e편한세상 강동에코포레 아파트","property_aptseq_join":"not_established","source_id":"seoul-openaptinfo"},"type":"Feature"},{"geometry":{"coordinates":[126.9162819,37.5755277],"type":"Point"},"id":"A10024938","properties":{"coordinate_status":"provider_xy_crs_unconfirmed","households":997,"kapt_code":"A10024938","name":"래미안루센티아 아파트","property_aptseq_join":"unique_official_road_address_and_name","property_complex_id":"molit-apt:11410:11410-4824","property_release_id":"property-eea48453a819f517","source_id":"seoul-openaptinfo"},"type":"Feature"},{"geometry":{"coordinates":[126.92186,37.596311],"type":"Point"},"id":"A10024947","properties":{"coordinate_status":"provider_xy_crs_unconfirmed","households":760,"kapt_code":"A10024947","name":"백련산 해모로 아파트","property_aptseq_join":"unique_official_road_address_and_name","property_complex_id":"molit-apt:11380:11380-11061","property_release_id":"property-eea48453a819f517","source_id":"seoul-openaptinfo"},"type":"Feature"},{"geometry":{"coordinates":[126.934264,37.551036],"type":"Point"},"id":"A10024974","properties":{"coordinate_status":"provider_xy_crs_unconfirmed","households":1015,"kapt_code":"A10024974","name":"마포 아이파크 포레 아파트","property_aptseq_join":"unique_official_road_address_and_name","property_complex_id":"molit-apt:11440:11440-5823","property_release_id":"property-eea48453a819f517","source_id":"seoul-openaptinfo"},"type":"Feature"},{"geometry":{"coordinates":[126.94451,37.55557],"type":"Point"},"id":"A10025003","properties":{"coordinate_status":"provider_xy_crs_unconfirmed","households":1248,"kapt_code":"A10025003","name":"마포그랑자이아파트","property_aptseq_join":"not_established","source_id":"seoul-openaptinfo"},"type":"Feature"},{"geometry":{"coordinates":[127.1685346,37.5550952],"type":"Point"},"id":"A10025010","properties":{"coordinate_status":"provider_xy_crs_unconfirmed","households":4066,"kapt_code":"A10025010","name":"고덕 아르테온 아파트","property_aptseq_join":"unique_official_road_address_and_name","property_complex_id":"molit-apt:11740:11740-4692","property_release_id":"property-eea48453a819f517","source_id":"seoul-openaptinfo"},"type":"Feature"},{"geometry":{"coordinates":[126.962381,37.492635],"type":"Point"},"id":"A10025013","properties":{"coordinate_status":"provider_xy_crs_unconfirmed","households":959,"kapt_code":"A10025013","name":"사당롯데캐슬골든포레","property_aptseq_join":"unique_official_road_address_and_name","property_complex_id":"molit-apt:11590:11590-4948","property_release_id":"property-eea48453a819f517","source_id":"seoul-openaptinfo"},"type":"Feature"},{"geometry":{"coordinates":[127.062659,37.591618],"type":"Point"},"id":"A10025015","properties":{"coordinate_status":"provider_xy_crs_unconfirmed","households":299,"kapt_code":"A10025015","name":"휘경 해모로 프레스티지 아파트","property_aptseq_join":"unique_official_road_address_and_name","property_complex_id":"molit-apt:11230:11230-2975","property_release_id":"property-eea48453a819f517","source_id":"seoul-openaptinfo"},"type":"Feature"},{"geometry":{"coordinates":[126.907757,37.503061],"type":"Point"},"id":"A10025024","properties":{"coordinate_status":"provider_xy_crs_unconfirmed","households":1008,"kapt_code":"A10025024","name":"신길센트럴자이","property_aptseq_join":"unique_official_road_address_and_name","property_complex_id":"molit-apt:11560:11560-2118","property_release_id":"property-eea48453a819f517","source_id":"seoul-openaptinfo"},"type":"Feature"},{"geometry":{"coordinates":[126.9151097,37.5011629],"type":"Point"},"id":"A10025070","properties":{"coordinate_status":"provider_xy_crs_unconfirmed","households":1546,"kapt_code":"A10025070","name":"보라매 sk뷰","property_aptseq_join":"not_established","source_id":"seoul-openaptinfo"},"type":"Feature"},{"geometry":{"coordinates":[126.943451,37.47799],"type":"Point"},"id":"A10025092","properties":{"coordinate_status":"provider_xy_crs_unconfirmed","households":1276,"kapt_code":"A10025092","name":"e편한세상서울대입구아파트","property_aptseq_join":"not_established","source_id":"seoul-openaptinfo"},"type":"Feature"},{"geometry":{"coordinates":[127.057208,37.630376],"type":"Point"},"id":"A10025097","properties":{"coordinate_status":"provider_xy_crs_unconfirmed","households":859,"kapt_code":"A10025097","name":"월계센트럴아이파크아파트","property_aptseq_join":"unique_official_road_address_and_name","property_complex_id":"molit-apt:11350:11350-2280","property_release_id":"property-eea48453a819f517","source_id":"seoul-openaptinfo"},"type":"Feature"},{"geometry":{"coordinates":[127.1669237,37.5522344],"type":"Point"},"id":"A10025104","properties":{"coordinate_status":"provider_xy_crs_unconfirmed","households":1745,"kapt_code":"A10025104","name":"고덕센트럴 아이파크","property_aptseq_join":"not_established","source_id":"seoul-openaptinfo"},"type":"Feature"},{"geometry":{"coordinates":[127.167612,37.549416],"type":"Point"},"id":"A10025112","properties":{"coordinate_status":"provider_xy_crs_unconfirmed","households":1859,"kapt_code":"A10025112","name":"고덕롯데캐슬베네루체","property_aptseq_join":"unique_official_road_address_and_name","property_complex_id":"molit-apt:11740:11740-4672","property_release_id":"property-eea48453a819f517","source_id":"seoul-openaptinfo"},"type":"Feature"},{"geometry":{"coordinates":[126.8226571,37.4817659],"type":"Point"},"id":"A10025115","properties":{"coordinate_status":"provider_xy_crs_unconfirmed","households":419,"kapt_code":"A10025115","name":"항동중흥S클래스베르데카운티","property_aptseq_join":"not_established","source_id":"seoul-openaptinfo"},"type":"Feature"},{"geometry":{"coordinates":[126.896182,37.465826],"type":"Point"},"id":"A10025116","properties":{"coordinate_status":"provider_xy_crs_unconfirmed","households":432,"kapt_code":"A10025116","name":"e편한세상독산더타워아파트","property_aptseq_join":"unique_official_road_address_and_name","property_complex_id":"molit-apt:11545:11545-2587","property_release_id":"property-eea48453a819f517","source_id":"seoul-openaptinfo"},"type":"Feature"},{"geometry":{"coordinates":[126.918137,37.576911],"type":"Point"},"id":"A10025130","properties":{"coordinate_status":"provider_xy_crs_unconfirmed","households":1047,"kapt_code":"A10025130","name":"DMC에코자이","property_aptseq_join":"unique_official_road_address_and_name","property_complex_id":"molit-apt:11410:11410-4818","property_release_id":"property-eea48453a819f517","source_id":"seoul-openaptinfo"},"type":"Feature"},{"geometry":{"coordinates":[127.074769,37.665157],"type":"Point"},"id":"A10025133","properties":{"coordinate_status":"provider_xy_crs_unconfirmed","households":810,"kapt_code":"A10025133","name":"노원 센트럴푸르지오","property_aptseq_join":"unique_official_road_address_and_name","property_complex_id":"molit-apt:11350:11350-2275","property_release_id":"property-eea48453a819f517","source_id":"seoul-openaptinfo"},"type":"Feature"},{"geometry":{"coordinates":[127.0935671,37.6169184],"type":"Point"},"id":"A10025137","properties":{"coordinate_status":"provider_xy_crs_unconfirmed","households":229,"kapt_code":"A10025137","name":"신내글로리움아파트","property_aptseq_join":"not_established","source_id":"seoul-openaptinfo"},"type":"Feature"},{"geometry":{"coordinates":[127.093493,37.579904],"type":"Point"},"id":"A10025159","properties":{"coordinate_status":"provider_xy_crs_unconfirmed","households":497,"kapt_code":"A10025159","name":"한양수자인사가정파크아파트","property_aptseq_join":"unique_official_road_address_and_name","property_complex_id":"molit-apt:11260:11260-4027","property_release_id":"property-eea48453a819f517","source_id":"seoul-openaptinfo"},"type":"Feature"},{"geometry":{"coordinates":[126.945723,37.598029],"type":"Point"},"id":"A10025166","properties":{"coordinate_status":"provider_xy_crs_unconfirmed","households":497,"kapt_code":"A10025166","name":"북한산 두산 위브","property_aptseq_join":"unique_official_road_address_and_name","property_complex_id":"molit-apt:11410:11410-4813","property_release_id":"property-eea48453a819f517","source_id":"seoul-openaptinfo"},"type":"Feature"},{"geometry":{"coordinates":[127.1230267,37.5496106],"type":"Point"},"id":"A10025174","properties":{"coordinate_status":"provider_xy_crs_unconfirmed","households":460,"kapt_code":"A10025174","name":"힐스테이트강동리버뷰","property_aptseq_join":"unique_official_road_address_and_name","property_complex_id":"molit-apt:11740:11740-4658","property_release_id":"property-eea48453a819f517","source_id":"seoul-openaptinfo"},"type":"Feature"},{"geometry":{"coordinates":[127.1143162,37.5255442],"type":"Point"},"id":"A10025185","properties":{"coordinate_status":"provider_xy_crs_unconfirmed","households":697,"kapt_code":"A10025185","name":"잠실올림픽공원아이파크","property_aptseq_join":"unique_official_road_address_and_name","property_complex_id":"molit-apt:11710:11710-9025","property_release_id":"property-eea48453a819f517","source_id":"seoul-openaptinfo"},"type":"Feature"},{"geometry":{"coordinates":[127.003476,37.536438],"type":"Point"},"id":"A10025192","properties":{"coordinate_status":"provider_xy_crs_unconfirmed","households":341,"kapt_code":"A10025192","name":"나인원 한남","property_aptseq_join":"unique_official_road_address_and_name","property_complex_id":"molit-apt:11170:11170-3240","property_release_id":"property-eea48453a819f517","source_id":"seoul-openaptinfo"},"type":"Feature"},{"geometry":{"coordinates":[126.8232922,37.4772261],"type":"Point"},"id":"A10025193","properties":{"coordinate_status":"provider_xy_crs_unconfirmed","households":634,"kapt_code":"A10025193","name":"항동 한양수자인 에듀힐즈","property_aptseq_join":"not_established","source_id":"seoul-openaptinfo"},"type":"Feature"},{"geometry":{"coordinates":[127.066481237,37.485247196],"type":"Point"},"id":"A10025203","properties":{"coordinate_status":"provider_xy_crs_unconfirmed","households":1320,"kapt_code":"A10025203","name":"디에이치 아너힐즈","property_aptseq_join":"unique_official_road_address_and_name","property_complex_id":"molit-apt:11680:11680-4850","property_release_id":"property-eea48453a819f517","source_id":"seoul-openaptinfo"},"type":"Feature"},{"geometry":{"coordinates":[127.1047706,37.4869866],"type":"Point"},"id":"A10025204","properties":{"coordinate_status":"provider_xy_crs_unconfirmed","households":73,"kapt_code":"A10025204","name":"수서하니움","property_aptseq_join":"not_established","source_id":"seoul-openaptinfo"},"type":"Feature"},{"geometry":{"coordinates":[127.000022632,37.563390271],"type":"Point"},"id":"A10025223","properties":{"coordinate_status":"provider_xy_crs_unconfirmed","households":171,"kapt_code":"A10025223","name":"충무로엘크루메트로시티2","property_aptseq_join":"not_established","source_id":"seoul-openaptinfo"},"type":"Feature"},{"geometry":{"coordinates":[127.07036542,37.575066938],"type":"Point"},"id":"A10025227","properties":{"coordinate_status":"provider_xy_crs_unconfirmed","households":469,"kapt_code":"A10025227","name":"동대문더퍼스트데시앙아파트","property_aptseq_join":"unique_official_road_address_and_name","property_complex_id":"molit-apt:11230:11230-2969","property_release_id":"property-eea48453a819f517","source_id":"seoul-openaptinfo"},"type":"Feature"},{"geometry":{"coordinates":[127.033597012,37.620054492],"type":"Point"},"id":"A10025241","properties":{"coordinate_status":"provider_xy_crs_unconfirmed","households":1028,"kapt_code":"A10025241","name":"꿈의숲 해링턴 플레이스 아파트","property_aptseq_join":"unique_official_road_address_and_name","property_complex_id":"molit-apt:11305:11305-5365","property_release_id":"property-eea48453a819f517","source_id":"seoul-openaptinfo"},"type":"Feature"},{"geometry":{"coordinates":[127.050405109,37.620513385],"type":"Point"},"id":"A10025245","properties":{"coordinate_status":"provider_xy_crs_unconfirmed","households":1562,"kapt_code":"A10025245","name":"래미안퍼스트하이","property_aptseq_join":"not_established","source_id":"seoul-openaptinfo"},"type":"Feature"},{"geometry":{"coordinates":[127.060802769,37.613654778],"type":"Point"},"id":"A10025259","properties":{"coordinate_status":"provider_xy_crs_unconfirmed","households":299,"kapt_code":"A10025259","name":"석계역 한일노벨리아시티","property_aptseq_join":"unique_official_road_address_and_name","property_complex_id":"molit-apt:11290:11290-4854","property_release_id":"property-eea48453a819f517","source_id":"seoul-openaptinfo"},"type":"Feature"},{"geometry":{"coordinates":[127.159176172,37.556179683],"type":"Point"},"id":"A10025263","properties":{"coordinate_status":"provider_xy_crs_unconfirmed","households":4932,"kapt_code":"A10025263","name":"고덕 그라시움 아파트","property_aptseq_join":"unique_official_road_address_and_name","property_complex_id":"molit-apt:11740:11740-4628","property_release_id":"property-eea48453a819f517","source_id":"seoul-openaptinfo"},"type":"Feature"},{"geometry":{"coordinates":[127.05548894,37.525076867],"type":"Point"},"id":"A10025280","properties":{"coordinate_status":"provider_xy_crs_unconfirmed","households":108,"kapt_code":"A10025280","name":"청담아이파크아파트","property_aptseq_join":"unique_official_road_address_and_name","property_complex_id":"molit-apt:11680:11680-4292","property_release_id":"property-eea48453a819f517","source_id":"seoul-openaptinfo"},"type":"Feature"},{"geometry":{"coordinates":[127.062259791,37.606527377],"type":"Point"},"id":"A10025283","properties":{"coordinate_status":"provider_xy_crs_unconfirmed","households":1091,"kapt_code":"A10025283","name":"래미안아트리치","property_aptseq_join":"unique_official_road_address_and_name","property_complex_id":"molit-apt:11290:11290-4788","property_release_id":"property-eea48453a819f517","source_id":"seoul-openaptinfo"},"type":"Feature"},{"geometry":{"coordinates":[126.826861263,37.481265573],"type":"Point"},"id":"A10025302","properties":{"coordinate_status":"provider_xy_crs_unconfirmed","households":297,"kapt_code":"A10025302","name":"항동하버라인4단지아파트","property_aptseq_join":"not_established","source_id":"seoul-openaptinfo"},"type":"Feature"},{"geometry":{"coordinates":[126.919438125,37.595215907],"type":"Point"},"id":"A10025310","properties":{"coordinate_status":"provider_xy_crs_unconfirmed","households":1305,"kapt_code":"A10025310","name":"백련산 에스케이뷰 아이파크","property_aptseq_join":"unique_official_road_address_and_name","property_complex_id":"molit-apt:11380:11380-11008","property_release_id":"property-eea48453a819f517","source_id":"seoul-openaptinfo"},"type":"Feature"},{"geometry":{"coordinates":[127.024390037,37.562971833],"type":"Point"},"id":"A10025372","properties":{"coordinate_status":"provider_xy_crs_unconfirmed","households":176,"kapt_code":"A10025372","name":"신당KCC스위첸아파트","property_aptseq_join":"unique_official_road_address_and_name","property_complex_id":"molit-apt:11140:11140-1333","property_release_id":"property-eea48453a819f517","source_id":"seoul-openaptinfo"},"type":"Feature"},{"geometry":{"coordinates":[127.013335343,37.491940881],"type":"Point"},"id":"A10025375","properties":{"coordinate_status":"provider_xy_crs_unconfirmed","households":154,"kapt_code":"A10025375","name":"지웰홈스 서초","property_aptseq_join":"not_established","source_id":"seoul-openaptinfo"},"type":"Feature"},{"geometry":{"coordinates":[126.822333559,37.478041119],"type":"Point"},"id":"A10025386","properties":{"coordinate_status":"provider_xy_crs_unconfirmed","households":276,"kapt_code":"A10025386","name":"항동하버라인 11단지 아파트","property_aptseq_join":"not_established","source_id":"seoul-openaptinfo"},"type":"Feature"},{"geometry":{"coordinates":[126.822142466,37.481728058],"type":"Point"},"id":"A10025387","properties":{"coordinate_status":"provider_xy_crs_unconfirmed","households":646,"kapt_code":"A10025387","name":"항동하버라인2단지","property_aptseq_join":"not_established","source_id":"seoul-openaptinfo"},"type":"Feature"},{"geometry":{"coordinates":[127.111451959,37.616754293],"type":"Point"},"id":"A10025397","properties":{"coordinate_status":"provider_xy_crs_unconfirmed","households":289,"kapt_code":"A10025397","name":"신내우디안4단지 아파트","property_aptseq_join":"not_established","source_id":"seoul-openaptinfo"},"type":"Feature"},{"geometry":{"coordinates":[127.072083876,37.54746452],"type":"Point"},"id":"A10025404","properties":{"coordinate_status":"provider_xy_crs_unconfirmed","households":162,"kapt_code":"A10025404","name":"아스하임4차","property_aptseq_join":"not_established","source_id":"seoul-openaptinfo"},"type":"Feature"},{"geometry":{"coordinates":[127.064956942,37.594160229],"type":"Point"},"id":"A10025410","properties":{"coordinate_status":"provider_xy_crs_unconfirmed","households":900,"kapt_code":"A10025410","name":"휘경SK뷰아파트","property_aptseq_join":"unique_official_road_address_and_name","property_complex_id":"molit-apt:11230:11230-2908","property_release_id":"property-eea48453a819f517","source_id":"seoul-openaptinfo"},"type":"Feature"},{"geometry":{"coordinates":[127.144621707,37.552949018],"type":"Point"},"id":"A10025415","properties":{"coordinate_status":"provider_xy_crs_unconfirmed","households":1900,"kapt_code":"A10025415","name":"래미안솔베뉴","property_aptseq_join":"unique_official_road_address_and_name","property_complex_id":"molit-apt:11740:11740-4585","property_release_id":"property-eea48453a819f517","source_id":"seoul-openaptinfo"},"type":"Feature"},{"geometry":{"coordinates":[127.014053646,37.517949851],"type":"Point"},"id":"A10025418","properties":{"coordinate_status":"provider_xy_crs_unconfirmed","households":475,"kapt_code":"A10025418","name":"래미안 신반포 리오센트","property_aptseq_join":"unique_official_road_address_and_name","property_complex_id":"molit-apt:11650:11650-4750","property_release_id":"property-eea48453a819f517","source_id":"seoul-openaptinfo"},"type":"Feature"},{"geometry":{"coordinates":[126.940428883,37.477667162],"type":"Point"},"id":"A10025428","properties":{"coordinate_status":"provider_xy_crs_unconfirmed","households":206,"kapt_code":"A10025428","name":"e편한세상서울대입구 3단지","property_aptseq_join":"not_established","source_id":"seoul-openaptinfo"},"type":"Feature"},{"geometry":{"coordinates":[127.025135005,37.564762927],"type":"Point"},"id":"A10025456","properties":{"coordinate_status":"provider_xy_crs_unconfirmed","households":718,"kapt_code":"A10025456","name":"신당 파인힐 하나유보라","property_aptseq_join":"not_established","source_id":"seoul-openaptinfo"},"type":"Feature"},{"geometry":{"coordinates":[127.052266283,37.61790892],"type":"Point"},"id":"A10025461","properties":{"coordinate_status":"provider_xy_crs_unconfirmed","households":939,"kapt_code":"A10025461","name":"래미안장위포레카운티아파트","property_aptseq_join":"not_established","source_id":"seoul-openaptinfo"},"type":"Feature"},{"geometry":{"coordinates":[126.914866176,37.491973912],"type":"Point"},"id":"A10025504","properties":{"coordinate_status":"provider_xy_crs_unconfirmed","households":105,"kapt_code":"A10025504","name":"숲속마을 신동아파밀리에 아파트","property_aptseq_join":"not_established","source_id":"seoul-openaptinfo"},"type":"Feature"},{"geometry":{"coordinates":[126.825805093,37.479401069],"type":"Point"},"id":"A10025527","properties":{"coordinate_status":"provider_xy_crs_unconfirmed","households":297,"kapt_code":"A10025527","name":"하버라인10단지","property_aptseq_join":"not_established","source_id":"seoul-openaptinfo"},"type":"Feature"},{"geometry":{"coordinates":[126.96409798,37.539018916],"type":"Point"},"id":"A10025533","properties":{"coordinate_status":"provider_xy_crs_unconfirmed","households":478,"kapt_code":"A10025533","name":"용산롯데캐슬센터포레아파트","property_aptseq_join":"unique_official_road_address_and_name","property_complex_id":"molit-apt:11170:11170-3209","property_release_id":"property-eea48453a819f517","source_id":"seoul-openaptinfo"},"type":"Feature"},{"geometry":{"coordinates":[127.009973992,37.501352178],"type":"Point"},"id":"A10025550","properties":{"coordinate_status":"provider_xy_crs_unconfirmed","households":76,"kapt_code":"A10025550","name":"두산힐스빌아파트","property_aptseq_join":"not_established","source_id":"seoul-openaptinfo"},"type":"Feature"},{"geometry":{"coordinates":[126.903760265,37.504119233],"type":"Point"},"id":"A10025562","properties":{"coordinate_status":"provider_xy_crs_unconfirmed","households":612,"kapt_code":"A10025562","name":"신길센트럴아이파크","property_aptseq_join":"unique_official_road_address_and_name","property_complex_id":"molit-apt:11560:11560-2071","property_release_id":"property-eea48453a819f517","source_id":"seoul-openaptinfo"},"type":"Feature"},{"geometry":{"coordinates":[126.825844074,37.480351765],"type":"Point"},"id":"A10025564","properties":{"coordinate_status":"provider_xy_crs_unconfirmed","households":298,"kapt_code":"A10025564","name":"항동 하버라인9단지","property_aptseq_join":"not_established","source_id":"seoul-openaptinfo"},"type":"Feature"},{"geometry":{"coordinates":[126.870265346,37.54859928],"type":"Point"},"id":"A10025600","properties":{"coordinate_status":"provider_xy_crs_unconfirmed","households":499,"kapt_code":"A10025600","name":"e편한세상 염창","property_aptseq_join":"unique_official_road_address_and_name","property_complex_id":"molit-apt:11500:11500-7907","property_release_id":"property-eea48453a819f517","source_id":"seoul-openaptinfo"},"type":"Feature"},{"geometry":{"coordinates":[126.824445073,37.47890548],"type":"Point"},"id":"A10025614","properties":{"coordinate_status":"provider_xy_crs_unconfirmed","households":1170,"kapt_code":"A10025614","name":"항동하버라인3단지","property_aptseq_join":"not_established","source_id":"seoul-openaptinfo"},"type":"Feature"},{"geometry":{"coordinates":[127.117008039,37.529653434],"type":"Point"},"id":"A10025632","properties":{"coordinate_status":"provider_xy_crs_unconfirmed","households":114,"kapt_code":"A10025632","name":"송파해모로아파트","property_aptseq_join":"unique_official_road_address_and_name","property_complex_id":"molit-apt:11710:11710-5831","property_release_id":"property-eea48453a819f517","source_id":"seoul-openaptinfo"},"type":"Feature"},{"geometry":{"coordinates":[126.931163,37.550355],"type":"Point"},"id":"A10025633","properties":{"coordinate_status":"provider_xy_crs_unconfirmed","households":276,"kapt_code":"A10025633","name":"마포 웨스트리버 태영데시앙아파트","property_aptseq_join":"unique_official_road_address_and_name","property_complex_id":"molit-apt:11440:11440-5818","property_release_id":"property-eea48453a819f517","source_id":"seoul-openaptinfo"},"type":"Feature"},{"geometry":{"coordinates":[127.027970717,37.609757966],"type":"Point"},"id":"A10025638","properties":{"coordinate_status":"provider_xy_crs_unconfirmed","households":2352,"kapt_code":"A10025638","name":"래미안길음센터피스","property_aptseq_join":"unique_official_road_address_and_name","property_complex_id":"molit-apt:11290:11290-4786","property_release_id":"property-eea48453a819f517","source_id":"seoul-openaptinfo"},"type":"Feature"},{"geometry":{"coordinates":[126.833734146,37.513049405],"type":"Point"},"id":"A10025649","properties":{"coordinate_status":"provider_xy_crs_unconfirmed","households":499,"kapt_code":"A10025649","name":"신정이든채","property_aptseq_join":"not_established","source_id":"seoul-openaptinfo"},"type":"Feature"},{"geometry":{"coordinates":[127.141351507,37.500170631],"type":"Point"},"id":"A10025657","properties":{"coordinate_status":"provider_xy_crs_unconfirmed","households":269,"kapt_code":"A10025657","name":"송파 두산위브아파트","property_aptseq_join":"unique_official_road_address_and_name","property_complex_id":"molit-apt:11710:11710-8878","property_release_id":"property-eea48453a819f517","source_id":"seoul-openaptinfo"},"type":"Feature"},{"geometry":{"coordinates":[126.909238193,37.59835762],"type":"Point"},"id":"A10025659","properties":{"coordinate_status":"provider_xy_crs_unconfirmed","households":0,"kapt_code":"A10025659","name":"응암역효성해링턴플레이스","property_aptseq_join":"unique_official_road_address_and_name","property_complex_id":"molit-apt:11380:11380-10944","property_release_id":"property-eea48453a819f517","source_id":"seoul-openaptinfo"},"type":"Feature"},{"geometry":{"coordinates":[126.946398158,37.536050823],"type":"Point"},"id":"A10025672","properties":{"coordinate_status":"provider_xy_crs_unconfirmed","households":133,"kapt_code":"A10025672","name":"마포 보성 아파트","property_aptseq_join":"not_established","source_id":"seoul-openaptinfo"},"type":"Feature"},{"geometry":{"coordinates":[127.06415056,37.480048959],"type":"Point"},"id":"A10025675","properties":{"coordinate_status":"provider_xy_crs_unconfirmed","households":1957,"kapt_code":"A10025675","name":"래미안블레스티지","property_aptseq_join":"unique_official_road_address_and_name","property_complex_id":"molit-apt:11680:11680-4800","property_release_id":"property-eea48453a819f517","source_id":"seoul-openaptinfo"},"type":"Feature"},{"geometry":{"coordinates":[126.919916212,37.630176147],"type":"Point"},"id":"A10025677","properties":{"coordinate_status":"provider_xy_crs_unconfirmed","households":350,"kapt_code":"A10025677","name":"은뜨락행복주택","property_aptseq_join":"not_established","source_id":"seoul-openaptinfo"},"type":"Feature"},{"geometry":{"coordinates":[126.921501443,37.592799845],"type":"Point"},"id":"A10025683","properties":{"coordinate_status":"provider_xy_crs_unconfirmed","households":678,"kapt_code":"A10025683","name":"백련산파크자이아파트","property_aptseq_join":"unique_official_road_address_and_name","property_complex_id":"molit-apt:11380:11380-10961","property_release_id":"property-eea48453a819f517","source_id":"seoul-openaptinfo"},"type":"Feature"},{"geometry":{"coordinates":[126.958629401,37.574366874],"type":"Point"},"id":"A10025710","properties":{"coordinate_status":"provider_xy_crs_unconfirmed","households":0,"kapt_code":"A10025710","name":"경희궁 롯데캐슬아파트","property_aptseq_join":"unique_official_road_address_and_name","property_complex_id":"molit-apt:11110:11110-2519","property_release_id":"property-eea48453a819f517","source_id":"seoul-openaptinfo"},"type":"Feature"},{"geometry":{"coordinates":[126.868473601,37.508520814],"type":"Point"},"id":"A10025729","properties":{"coordinate_status":"provider_xy_crs_unconfirmed","households":356,"kapt_code":"A10025729","name":"목동파크자이아파트","property_aptseq_join":"not_established","source_id":"seoul-openaptinfo"},"type":"Feature"},{"geometry":{"coordinates":[127.016162695,37.608008456],"type":"Point"},"id":"A10025753","properties":{"coordinate_status":"provider_xy_crs_unconfirmed","households":399,"kapt_code":"A10025753","name":"길음뉴타운11단지 롯데캐슬골든힐스아파트","property_aptseq_join":"not_established","source_id":"seoul-openaptinfo"},"type":"Feature"},{"geometry":{"coordinates":[127.058400876,37.567783872],"type":"Point"},"id":"A10025754","properties":{"coordinate_status":"provider_xy_crs_unconfirmed","households":802,"kapt_code":"A10025754","name":"답십리파크자이","property_aptseq_join":"unique_official_road_address_and_name","property_complex_id":"molit-apt:11230:11230-2868","property_release_id":"property-eea48453a819f517","source_id":"seoul-openaptinfo"},"type":"Feature"},{"geometry":{"coordinates":[127.058659285,37.523005797],"type":"Point"},"id":"A10025755","properties":{"coordinate_status":"provider_xy_crs_unconfirmed","households":106,"kapt_code":"A10025755","name":"청담신동아아파트","property_aptseq_join":"not_established","source_id":"seoul-openaptinfo"},"type":"Feature"},{"geometry":{"coordinates":[126.917598473,37.635285258],"type":"Point"},"id":"A10025765","properties":{"coordinate_status":"provider_xy_crs_unconfirmed","households":361,"kapt_code":"A10025765","name":"은평 스카이뷰 자이","property_aptseq_join":"unique_official_road_address_and_name","property_complex_id":"molit-apt:11380:11380-10938","property_release_id":"property-eea48453a819f517","source_id":"seoul-openaptinfo"},"type":"Feature"},{"geometry":{"coordinates":[126.944466153,37.584634483],"type":"Point"},"id":"A10025767","properties":{"coordinate_status":"provider_xy_crs_unconfirmed","households":0,"kapt_code":"A10025767","name":"홍제센트럴아이파크","property_aptseq_join":"not_established","source_id":"seoul-openaptinfo"},"type":"Feature"},{"geometry":{"coordinates":[126.94679107,37.50499309],"type":"Point"},"id":"A10025768","properties":{"coordinate_status":"provider_xy_crs_unconfirmed","households":893,"kapt_code":"A10025768","name":"이편한세상 상도노빌리티","property_aptseq_join":"not_established","source_id":"seoul-openaptinfo"},"type":"Feature"},{"geometry":{"coordinates":[126.962350726,37.509655803],"type":"Point"},"id":"A10025770","properties":{"coordinate_status":"provider_xy_crs_unconfirmed","households":1073,"kapt_code":"A10025770","name":"아크로 리버하임","property_aptseq_join":"unique_official_road_address_and_name","property_complex_id":"molit-apt:11590:11590-4876","property_release_id":"property-eea48453a819f517","source_id":"seoul-openaptinfo"},"type":"Feature"},{"geometry":{"coordinates":[126.927472341,37.575124758],"type":"Point"},"id":"A10025822","properties":{"coordinate_status":"provider_xy_crs_unconfirmed","households":396,"kapt_code":"A10025822","name":"연희파크푸르지오 아파트","property_aptseq_join":"unique_official_road_address_and_name","property_complex_id":"molit-apt:11410:11410-4767","property_release_id":"property-eea48453a819f517","source_id":"seoul-openaptinfo"},"type":"Feature"},{"geometry":{"coordinates":[127.07887144,37.489499473],"type":"Point"},"id":"A10025823","properties":{"coordinate_status":"provider_xy_crs_unconfirmed","households":850,"kapt_code":"A10025823","name":"래미안개포루체하임","property_aptseq_join":"unique_official_road_address_and_name","property_complex_id":"molit-apt:11680:11680-4780","property_release_id":"property-eea48453a819f517","source_id":"seoul-openaptinfo"},"type":"Feature"},{"geometry":{"coordinates":[126.935863683,37.601971055],"type":"Point"},"id":"A10025836","properties":{"coordinate_status":"provider_xy_crs_unconfirmed","households":0,"kapt_code":"A10025836","name":"힐스테이트녹번","property_aptseq_join":"unique_official_road_address_and_name","property_complex_id":"molit-apt:11380:11380-10967","property_release_id":"property-eea48453a819f517","source_id":"seoul-openaptinfo"},"type":"Feature"},{"geometry":{"coordinates":[126.935970375,37.602836004],"type":"Point"},"id":"A10025846","properties":{"coordinate_status":"provider_xy_crs_unconfirmed","households":0,"kapt_code":"A10025846","name":"래미안베라힐즈","property_aptseq_join":"unique_official_road_address_and_name","property_complex_id":"molit-apt:11380:11380-11015","property_release_id":"property-eea48453a819f517","source_id":"seoul-openaptinfo"},"type":"Feature"},{"geometry":{"coordinates":[127.10249742,37.497609869],"type":"Point"},"id":"A10025850","properties":{"coordinate_status":"provider_xy_crs_unconfirmed","households":9510,"kapt_code":"A10025850","name":"헬리오시티아파트","property_aptseq_join":"unique_official_road_address_and_name","property_complex_id":"molit-apt:11710:11710-8865","property_release_id":"property-eea48453a819f517","source_id":"seoul-openaptinfo"},"type":"Feature"},{"geometry":{"coordinates":[127.0818336,37.617182275],"type":"Point"},"id":"A10025855","properties":{"coordinate_status":"provider_xy_crs_unconfirmed","households":719,"kapt_code":"A10025855","name":"e편한세상화랑대아파트","property_aptseq_join":"not_established","source_id":"seoul-openaptinfo"},"type":"Feature"},{"geometry":{"coordinates":[126.818686643,37.475639025],"type":"Point"},"id":"A10025858","properties":{"coordinate_status":"provider_xy_crs_unconfirmed","households":384,"kapt_code":"A10025858","name":"항동하버라인8단지","property_aptseq_join":"not_established","source_id":"seoul-openaptinfo"},"type":"Feature"},{"geometry":{"coordinates":[126.960357717,37.504188897],"type":"Point"},"id":"A10025867","properties":{"coordinate_status":"provider_xy_crs_unconfirmed","households":545,"kapt_code":"A10025867","name":"흑석롯데캐슬에듀포레","property_aptseq_join":"not_established","source_id":"seoul-openaptinfo"},"type":"Feature"},{"geometry":{"coordinates":[126.95967494,37.540312732],"type":"Point"},"id":"A10025898","properties":{"coordinate_status":"provider_xy_crs_unconfirmed","households":199,"kapt_code":"A10025898","name":"용산kcc스위첸","property_aptseq_join":"not_established","source_id":"seoul-openaptinfo"},"type":"Feature"},{"geometry":{"coordinates":[127.002420894,37.47933498],"type":"Point"},"id":"A10025927","properties":{"coordinate_status":"provider_xy_crs_unconfirmed","households":353,"kapt_code":"A10025927","name":"방배아트자이","property_aptseq_join":"unique_official_road_address_and_name","property_complex_id":"molit-apt:11650:11650-4706","property_release_id":"property-eea48453a819f517","source_id":"seoul-openaptinfo"},"type":"Feature"},{"geometry":{"coordinates":[126.896692486,37.459972159],"type":"Point"},"id":"A10025946","properties":{"coordinate_status":"provider_xy_crs_unconfirmed","households":1236,"kapt_code":"A10025946","name":"금천롯데캐슬골드파크3차아파트","property_aptseq_join":"unique_official_road_address_and_name","property_complex_id":"molit-apt:11545:11545-2479","property_release_id":"property-eea48453a819f517","source_id":"seoul-openaptinfo"},"type":"Feature"},{"geometry":{"coordinates":[126.911153316,37.58625579],"type":"Point"},"id":"A10025969","properties":{"coordinate_status":"provider_xy_crs_unconfirmed","households":119,"kapt_code":"A10025969","name":"DMC월드아파트","property_aptseq_join":"unique_official_road_address_and_name","property_complex_id":"molit-apt:11380:11380-88","property_release_id":"property-eea48453a819f517","source_id":"seoul-openaptinfo"},"type":"Feature"},{"geometry":{"coordinates":[126.92029671,37.580618738],"type":"Point"},"id":"A10025976","properties":{"coordinate_status":"provider_xy_crs_unconfirmed","households":1061,"kapt_code":"A10025976","name":"DMC센트럴아이파크","property_aptseq_join":"unique_official_road_address_and_name","property_complex_id":"molit-apt:11410:11410-4762","property_release_id":"property-eea48453a819f517","source_id":"seoul-openaptinfo"},"type":"Feature"},{"geometry":{"coordinates":[127.090644874,37.545044487],"type":"Point"},"id":"A10025985","properties":{"coordinate_status":"provider_xy_crs_unconfirmed","households":854,"kapt_code":"A10025985","name":"래미안 구의 파크스위트 아파트","property_aptseq_join":"not_established","source_id":"seoul-openaptinfo"},"type":"Feature"},{"geometry":{"coordinates":[127.008290077,37.510878519],"type":"Point"},"id":"A10026004","properties":{"coordinate_status":"provider_xy_crs_unconfirmed","households":607,"kapt_code":"A10026004","name":"신반포자이아파트","property_aptseq_join":"unique_official_road_address_and_name","property_complex_id":"molit-apt:11650:11650-4675","property_release_id":"property-eea48453a819f517","source_id":"seoul-openaptinfo"},"type":"Feature"},{"geometry":{"coordinates":[127.017679173,37.501311326],"type":"Point"},"id":"A10026015","properties":{"coordinate_status":"provider_xy_crs_unconfirmed","households":764,"kapt_code":"A10026015","name":"반포써밋","property_aptseq_join":"unique_official_road_address_and_name","property_complex_id":"molit-apt:11650:11650-4703","property_release_id":"property-eea48453a819f517","source_id":"seoul-openaptinfo"},"type":"Feature"},{"geometry":{"coordinates":[126.865458572,37.545586782],"type":"Point"},"id":"A10026023","properties":{"coordinate_status":"provider_xy_crs_unconfirmed","households":410,"kapt_code":"A10026023","name":"목동롯데캐슬 마에스트로","property_aptseq_join":"unique_official_road_address_and_name","property_complex_id":"molit-apt:11470:11470-5515","property_release_id":"property-eea48453a819f517","source_id":"seoul-openaptinfo"},"type":"Feature"},{"geometry":{"coordinates":[126.892169979,37.461099971],"type":"Point"},"id":"A10026024","properties":{"coordinate_status":"provider_xy_crs_unconfirmed","households":109,"kapt_code":"A10026024","name":"독산라이프아파트","property_aptseq_join":"not_established","source_id":"seoul-openaptinfo"},"type":"Feature"},{"geometry":{"coordinates":[126.946612479,37.55027258],"type":"Point"},"id":"A10026036","properties":{"coordinate_status":"provider_xy_crs_unconfirmed","households":927,"kapt_code":"A10026036","name":"마포자이 더 센트리지 아파트","property_aptseq_join":"not_established","source_id":"seoul-openaptinfo"},"type":"Feature"},{"geometry":{"coordinates":[126.84231695,37.476003774],"type":"Point"},"id":"A10026039","properties":{"coordinate_status":"provider_xy_crs_unconfirmed","households":298,"kapt_code":"A10026039","name":"천왕이펜하우스8단지","property_aptseq_join":"not_established","source_id":"seoul-openaptinfo"},"type":"Feature"},{"geometry":{"coordinates":[127.080174573,37.602556816],"type":"Point"},"id":"A10026046","properties":{"coordinate_status":"provider_xy_crs_unconfirmed","households":109,"kapt_code":"A10026046","name":"청광플러스원 아파트","property_aptseq_join":"unique_official_road_address_and_name","property_complex_id":"molit-apt:11260:11260-2061","property_release_id":"property-eea48453a819f517","source_id":"seoul-openaptinfo"},"type":"Feature"},{"geometry":{"coordinates":[127.012560435,37.50092246],"type":"Point"},"id":"A10026051","properties":{"coordinate_status":"provider_xy_crs_unconfirmed","households":829,"kapt_code":"A10026051","name":"반포래미안아이파크","property_aptseq_join":"unique_official_road_address_and_name","property_complex_id":"molit-apt:11650:11650-4678","property_release_id":"property-eea48453a819f517","source_id":"seoul-openaptinfo"},"type":"Feature"},{"geometry":{"coordinates":[126.903368542,37.552087028],"type":"Point"},"id":"A10026053","properties":{"coordinate_status":"provider_xy_crs_unconfirmed","households":385,"kapt_code":"A10026053","name":"마포한강 아이파크","property_aptseq_join":"unique_official_road_address_and_name","property_complex_id":"molit-apt:11440:11440-5759","property_release_id":"property-eea48453a819f517","source_id":"seoul-openaptinfo"},"type":"Feature"},{"geometry":{"coordinates":[127.046194211,37.571541735],"type":"Point"},"id":"A10026104","properties":{"coordinate_status":"provider_xy_crs_unconfirmed","households":764,"kapt_code":"A10026104","name":"힐스테이트청계","property_aptseq_join":"unique_official_road_address_and_name","property_complex_id":"molit-apt:11230:11230-2823","property_release_id":"property-eea48453a819f517","source_id":"seoul-openaptinfo"},"type":"Feature"},{"geometry":{"coordinates":[127.044732251,37.646796059],"type":"Point"},"id":"A10026109","properties":{"coordinate_status":"provider_xy_crs_unconfirmed","households":160,"kapt_code":"A10026109","name":"창동서울가든아파트","property_aptseq_join":"not_established","source_id":"seoul-openaptinfo"},"type":"Feature"},{"geometry":{"coordinates":[127.023761854,37.573068713],"type":"Point"},"id":"A10026147","properties":{"coordinate_status":"provider_xy_crs_unconfirmed","households":170,"kapt_code":"A10026147","name":"신설동 지웰홈스","property_aptseq_join":"not_established","source_id":"seoul-openaptinfo"},"type":"Feature"},{"geometry":{"coordinates":[127.10094291,37.542433104],"type":"Point"},"id":"A10026162","properties":{"coordinate_status":"provider_xy_crs_unconfirmed","households":200,"kapt_code":"A10026162","name":"상록타워 아파트","property_aptseq_join":"unique_official_road_address_and_name","property_complex_id":"molit-apt:11215:11215-144","property_release_id":"property-eea48453a819f517","source_id":"seoul-openaptinfo"},"type":"Feature"},{"geometry":{"coordinates":[127.049051552,37.575918854],"type":"Point"},"id":"A10026180","properties":{"coordinate_status":"provider_xy_crs_unconfirmed","households":584,"kapt_code":"A10026180","name":"롯데캐슬노블레스","property_aptseq_join":"not_established","source_id":"seoul-openaptinfo"},"type":"Feature"},{"geometry":{"coordinates":[127.122488849,37.546936626],"type":"Point"},"id":"A10026195","properties":{"coordinate_status":"provider_xy_crs_unconfirmed","households":134,"kapt_code":"A10026195","name":"강변그대가갤럭시아파트","property_aptseq_join":"unique_official_road_address_and_name","property_complex_id":"molit-apt:11740:11740-2870","property_release_id":"property-eea48453a819f517","source_id":"seoul-openaptinfo"},"type":"Feature"},{"geometry":{"coordinates":[126.886719811,37.517270721],"type":"Point"},"id":"A10026197","properties":{"coordinate_status":"provider_xy_crs_unconfirmed","households":222,"kapt_code":"A10026197","name":"문래동모아미래도아파트","property_aptseq_join":"not_established","source_id":"seoul-openaptinfo"},"type":"Feature"},{"geometry":{"coordinates":[127.038322773,37.554285428],"type":"Point"},"id":"A10026207","properties":{"coordinate_status":"provider_xy_crs_unconfirmed","households":1034,"kapt_code":"A10026207","name":"서울숲리버뷰자이아파트","property_aptseq_join":"unique_official_road_address_and_name","property_complex_id":"molit-apt:11200:11200-3173","property_release_id":"property-eea48453a819f517","source_id":"seoul-openaptinfo"},"type":"Feature"},{"geometry":{"coordinates":[127.006052096,37.513554635],"type":"Point"},"id":"A10026227","properties":{"coordinate_status":"provider_xy_crs_unconfirmed","households":595,"kapt_code":"A10026227","name":"아크로리버뷰 신반포","property_aptseq_join":"unique_official_road_address_and_name","property_complex_id":"molit-apt:11650:11650-4676","property_release_id":"property-eea48453a819f517","source_id":"seoul-openaptinfo"},"type":"Feature"},{"geometry":{"coordinates":[127.055655651,37.575339011],"type":"Point"},"id":"A10026232","properties":{"coordinate_status":"provider_xy_crs_unconfirmed","households":1009,"kapt_code":"A10026232","name":"래미안미드카운티","property_aptseq_join":"unique_official_road_address_and_name","property_complex_id":"molit-apt:11230:11230-2802","property_release_id":"property-eea48453a819f517","source_id":"seoul-openaptinfo"},"type":"Feature"},{"geometry":{"coordinates":[127.13805128,37.506398125],"type":"Point"},"id":"A10026249","properties":{"coordinate_status":"provider_xy_crs_unconfirmed","households":818,"kapt_code":"A10026249","name":"송파레미니스2단지","property_aptseq_join":"unique_official_road_address_and_name","property_complex_id":"molit-apt:11710:11710-8691","property_release_id":"property-eea48453a819f517","source_id":"seoul-openaptinfo"},"type":"Feature"},{"geometry":{"coordinates":[127.045066203,37.664440604],"type":"Point"},"id":"A10026279","properties":{"coordinate_status":"provider_xy_crs_unconfirmed","households":105,"kapt_code":"A10026279","name":"방학금광포란재아파트","property_aptseq_join":"not_established","source_id":"seoul-openaptinfo"},"type":"Feature"},{"geometry":{"coordinates":[127.071996685,37.625663861],"type":"Point"},"id":"A10026289","properties":{"coordinate_status":"provider_xy_crs_unconfirmed","households":138,"kapt_code":"A10026289","name":"공릉2차신도브래뉴아파트","property_aptseq_join":"not_established","source_id":"seoul-openaptinfo"},"type":"Feature"},{"geometry":{"coordinates":[126.974221693,37.487543475],"type":"Point"},"id":"A10026299","properties":{"coordinate_status":"provider_xy_crs_unconfirmed","households":668,"kapt_code":"A10026299","name":"래미안로이파크아파트","property_aptseq_join":"unique_official_road_address_and_name","property_complex_id":"molit-apt:11590:11590-4827","property_release_id":"property-eea48453a819f517","source_id":"seoul-openaptinfo"},"type":"Feature"},{"geometry":{"coordinates":[126.912953086,37.516572774],"type":"Point"},"id":"A10026311","properties":{"coordinate_status":"provider_xy_crs_unconfirmed","households":136,"kapt_code":"A10026311","name":"순영웰라이빌아파트","property_aptseq_join":"unique_official_road_address_and_name","property_complex_id":"molit-apt:11560:11560-3","property_release_id":"property-eea48453a819f517","source_id":"seoul-openaptinfo"},"type":"Feature"},{"geometry":{"coordinates":[127.0177846,37.4922133],"type":"Point"},"id":"A10026337","properties":{"coordinate_status":"provider_xy_crs_unconfirmed","households":79,"kapt_code":"A10026337","name":"래미안서초7차아파트","property_aptseq_join":"not_established","source_id":"seoul-openaptinfo"},"type":"Feature"},{"geometry":{"coordinates":[127.018027909,37.492362379],"type":"Point"},"id":"A10026340","properties":{"coordinate_status":"provider_xy_crs_unconfirmed","households":84,"kapt_code":"A10026340","name":"서초롯데캐슬84아파트","property_aptseq_join":"not_established","source_id":"seoul-openaptinfo"},"type":"Feature"},{"geometry":{"coordinates":[127.051321691,37.51579097],"type":"Point"},"id":"A10026350","properties":{"coordinate_status":"provider_xy_crs_unconfirmed","households":416,"kapt_code":"A10026350","name":"삼성동센트럴아이파크","property_aptseq_join":"unique_official_road_address_and_name","property_complex_id":"molit-apt:11680:11680-4718","property_release_id":"property-eea48453a819f517","source_id":"seoul-openaptinfo"},"type":"Feature"},{"geometry":{"coordinates":[127.14273705,37.513461955],"type":"Point"},"id":"A10026362","properties":{"coordinate_status":"provider_xy_crs_unconfirmed","households":220,"kapt_code":"A10026362","name":"송파호반베르디움더퍼스트","property_aptseq_join":"unique_official_road_address_and_name","property_complex_id":"molit-apt:11710:11710-8630","property_release_id":"property-eea48453a819f517","source_id":"seoul-openaptinfo"},"type":"Feature"},{"geometry":{"coordinates":[126.954974315,37.558298572],"type":"Point"},"id":"A10026370","properties":{"coordinate_status":"provider_xy_crs_unconfirmed","households":1910,"kapt_code":"A10026370","name":"e편한세상신촌아파트","property_aptseq_join":"not_established","source_id":"seoul-openaptinfo"},"type":"Feature"},{"geometry":{"coordinates":[127.164713884,37.553199667],"type":"Point"},"id":"A10026403","properties":{"coordinate_status":"provider_xy_crs_unconfirmed","households":687,"kapt_code":"A10026403","name":"고덕숲아이파크아파트","property_aptseq_join":"unique_official_road_address_and_name","property_complex_id":"molit-apt:11740:11740-4359","property_release_id":"property-eea48453a819f517","source_id":"seoul-openaptinfo"},"type":"Feature"},{"geometry":{"coordinates":[127.027121,37.492859],"type":"Point"},"id":"A10026411","properties":{"coordinate_status":"provider_xy_crs_unconfirmed","households":0,"kapt_code":"A10026411","name":"래미안서초에스티지에스아파트","property_aptseq_join":"not_established","source_id":"seoul-openaptinfo"},"type":"Feature"},{"geometry":{"coordinates":[126.917530474,37.639233488],"type":"Point"},"id":"A10026414","properties":{"coordinate_status":"provider_xy_crs_unconfirmed","households":260,"kapt_code":"A10026414","name":"은평뉴타운솔하임","property_aptseq_join":"unique_official_road_address_and_name","property_complex_id":"molit-apt:11380:11380-10714","property_release_id":"property-eea48453a819f517","source_id":"seoul-openaptinfo"},"type":"Feature"},{"geometry":{"coordinates":[127.02150397,37.554065425],"type":"Point"},"id":"A10026418","properties":{"coordinate_status":"provider_xy_crs_unconfirmed","households":1467,"kapt_code":"A10026418","name":"e편한세상금호파크힐스","property_aptseq_join":"not_established","source_id":"seoul-openaptinfo"},"type":"Feature"},{"geometry":{"coordinates":[126.846646709,37.495585259],"type":"Point"},"id":"A10026434","properties":{"coordinate_status":"provider_xy_crs_unconfirmed","households":890,"kapt_code":"A10026434","name":"서울 오류동 행복주택","property_aptseq_join":"not_established","source_id":"seoul-openaptinfo"},"type":"Feature"},{"geometry":{"coordinates":[127.077514596,37.613819141],"type":"Point"},"id":"A10026469","properties":{"coordinate_status":"provider_xy_crs_unconfirmed","households":274,"kapt_code":"A10026469","name":"묵동자이2단지아파트","property_aptseq_join":"not_established","source_id":"seoul-openaptinfo"},"type":"Feature"},{"geometry":{"coordinates":[127.025765703,37.546449237],"type":"Point"},"id":"A10026470","properties":{"coordinate_status":"provider_xy_crs_unconfirmed","households":606,"kapt_code":"A10026470","name":"힐스테이트서울숲리버","property_aptseq_join":"unique_official_road_address_and_name","property_complex_id":"molit-apt:11200:11200-3158","property_release_id":"property-eea48453a819f517","source_id":"seoul-openaptinfo"},"type":"Feature"},{"geometry":{"coordinates":[126.965925429,37.554461667],"type":"Point"},"id":"A10026517","properties":{"coordinate_status":"provider_xy_crs_unconfirmed","households":199,"kapt_code":"A10026517","name":"서울역한라비발디센트럴아파트","property_aptseq_join":"unique_official_road_address_and_name","property_complex_id":"molit-apt:11140:11140-1307","property_release_id":"property-eea48453a819f517","source_id":"seoul-openaptinfo"},"type":"Feature"},{"geometry":{"coordinates":[127.045902701,37.620483346],"type":"Point"},"id":"A10026571","properties":{"coordinate_status":"provider_xy_crs_unconfirmed","households":513,"kapt_code":"A10026571","name":"꿈의숲코오롱하늘채아파트","property_aptseq_join":"unique_official_road_address_and_name","property_complex_id":"molit-apt:11290:11290-4641","property_release_id":"property-eea48453a819f517","source_id":"seoul-openaptinfo"},"type":"Feature"},{"geometry":{"coordinates":[126.941172485,37.594565358],"type":"Point"},"id":"A10026604","properties":{"coordinate_status":"provider_xy_crs_unconfirmed","households":552,"kapt_code":"A10026604","name":"북한산 더샵","property_aptseq_join":"unique_official_road_address_and_name","property_complex_id":"molit-apt:11410:11410-4702","property_release_id":"property-eea48453a819f517","source_id":"seoul-openaptinfo"},"type":"Feature"},{"geometry":{"coordinates":[126.89431017,37.458265335],"type":"Point"},"id":"A10026626","properties":{"coordinate_status":"provider_xy_crs_unconfirmed","households":292,"kapt_code":"A10026626","name":"금천롯데캐슬골드파크2차","property_aptseq_join":"not_established","source_id":"seoul-openaptinfo"},"type":"Feature"},{"geometry":{"coordinates":[127.134102732,37.476533455],"type":"Point"},"id":"A10026682","properties":{"coordinate_status":"provider_xy_crs_unconfirmed","households":2200,"kapt_code":"A10026682","name":"위례포레샤인아파트","property_aptseq_join":"not_established","source_id":"seoul-openaptinfo"},"type":"Feature"},{"geometry":{"coordinates":[126.950472217,37.479692886],"type":"Point"},"id":"A10026710","properties":{"coordinate_status":"provider_xy_crs_unconfirmed","households":208,"kapt_code":"A10026710","name":"프라비다2","property_aptseq_join":"unique_official_road_address_and_name","property_complex_id":"molit-apt:11620:11620-4853","property_release_id":"property-eea48453a819f517","source_id":"seoul-openaptinfo"},"type":"Feature"},{"geometry":{"coordinates":[126.968830027,37.527386174],"type":"Point"},"id":"A10026719","properties":{"coordinate_status":"provider_xy_crs_unconfirmed","households":128,"kapt_code":"A10026719","name":"아스테리움용산","property_aptseq_join":"unique_official_road_address_and_name","property_complex_id":"molit-apt:11170:11170-2907","property_release_id":"property-eea48453a819f517","source_id":"seoul-openaptinfo"},"type":"Feature"},{"geometry":{"coordinates":[127.081371623,37.538005998],"type":"Point"},"id":"A10026720","properties":{"coordinate_status":"provider_xy_crs_unconfirmed","households":264,"kapt_code":"A10026720","name":"래미안 프리미어 팰리스","property_aptseq_join":"unique_official_road_address_and_name","property_complex_id":"molit-apt:11215:11215-4343","property_release_id":"property-eea48453a819f517","source_id":"seoul-openaptinfo"},"type":"Feature"},{"geometry":{"coordinates":[126.841255317,37.48817847],"type":"Point"},"id":"A10026729","properties":{"coordinate_status":"provider_xy_crs_unconfirmed","households":181,"kapt_code":"A10026729","name":"천왕연지마을1단지 아파트","property_aptseq_join":"not_established","source_id":"seoul-openaptinfo"},"type":"Feature"},{"geometry":{"coordinates":[127.136922525526,37.506522605093],"type":"Point"},"id":"A10026734","properties":{"coordinate_status":"provider_xy_crs_unconfirmed","households":575,"kapt_code":"A10026734","name":"송파레미니스아파트","property_aptseq_join":"unique_official_road_address_and_name","property_complex_id":"molit-apt:11710:11710-8570","property_release_id":"property-eea48453a819f517","source_id":"seoul-openaptinfo"},"type":"Feature"},{"geometry":{"coordinates":[127.012736958,37.547818816],"type":"Point"},"id":"A10026748","properties":{"coordinate_status":"provider_xy_crs_unconfirmed","households":1976,"kapt_code":"A10026748","name":"옥수파크힐스아파트","property_aptseq_join":"not_established","source_id":"seoul-openaptinfo"},"type":"Feature"},{"geometry":{"coordinates":[126.964891822,37.527041168],"type":"Point"},"id":"A10026759","properties":{"coordinate_status":"provider_xy_crs_unconfirmed","households":0,"kapt_code":"A10026759","name":"용산푸르지오써밋","property_aptseq_join":"not_established","source_id":"seoul-openaptinfo"},"type":"Feature"},{"geometry":{"coordinates":[126.903450627,37.486095491],"type":"Point"},"id":"A10026761","properties":{"coordinate_status":"provider_xy_crs_unconfirmed","households":293,"kapt_code":"A10026761","name":"H하우스 대림 뉴스테이","property_aptseq_join":"not_established","source_id":"seoul-openaptinfo"},"type":"Feature"},{"geometry":{"coordinates":[126.909304414,37.453598197],"type":"Point"},"id":"A10026792","properties":{"coordinate_status":"provider_xy_crs_unconfirmed","households":112,"kapt_code":"A10026792","name":"백운한비치2차","property_aptseq_join":"not_established","source_id":"seoul-openaptinfo"},"type":"Feature"},{"geometry":{"coordinates":[126.903249935,37.528646161],"type":"Point"},"id":"A10026797","properties":{"coordinate_status":"provider_xy_crs_unconfirmed","households":198,"kapt_code":"A10026797","name":"당산롯데캐슬프레스티지 아파트","property_aptseq_join":"unique_official_road_address_and_name","property_complex_id":"molit-apt:11560:11560-2004","property_release_id":"property-eea48453a819f517","source_id":"seoul-openaptinfo"},"type":"Feature"},{"geometry":{"coordinates":[126.908306473,37.522935232],"type":"Point"},"id":"A10026816","properties":{"coordinate_status":"provider_xy_crs_unconfirmed","households":1221,"kapt_code":"A10026816","name":"아크로타워스퀘어","property_aptseq_join":"unique_official_road_address_and_name","property_complex_id":"molit-apt:11560:11560-1955","property_release_id":"property-eea48453a819f517","source_id":"seoul-openaptinfo"},"type":"Feature"},{"geometry":{"coordinates":[126.922119678,37.589428823],"type":"Point"},"id":"A10026834","properties":{"coordinate_status":"provider_xy_crs_unconfirmed","households":963,"kapt_code":"A10026834","name":"힐스테이트백련산4차","property_aptseq_join":"not_established","source_id":"seoul-openaptinfo"},"type":"Feature"},{"geometry":{"coordinates":[126.931359825,37.643916227],"type":"Point"},"id":"A10026842","properties":{"coordinate_status":"provider_xy_crs_unconfirmed","households":220,"kapt_code":"A10026842","name":"은평지웰테라스","property_aptseq_join":"not_established","source_id":"seoul-openaptinfo"},"type":"Feature"},{"geometry":{"coordinates":[127.000070648,37.560705866],"type":"Point"},"id":"A10026849","properties":{"coordinate_status":"provider_xy_crs_unconfirmed","households":122,"kapt_code":"A10026849","name":"묵정아파트","property_aptseq_join":"unique_official_road_address_and_name","property_complex_id":"molit-apt:11140:11140-15","property_release_id":"property-eea48453a819f517","source_id":"seoul-openaptinfo"},"type":"Feature"},{"geometry":{"coordinates":[127.131431454,37.537256476],"type":"Point"},"id":"A10026852","properties":{"coordinate_status":"provider_xy_crs_unconfirmed","households":999,"kapt_code":"A10026852","name":"래미안강동팰리스","property_aptseq_join":"unique_official_road_address_and_name","property_complex_id":"molit-apt:11740:11740-4289","property_release_id":"property-eea48453a819f517","source_id":"seoul-openaptinfo"},"type":"Feature"},{"geometry":{"coordinates":[126.951985017,37.511641432],"type":"Point"},"id":"A10026873","properties":{"coordinate_status":"provider_xy_crs_unconfirmed","households":123,"kapt_code":"A10026873","name":"극동강변아파트","property_aptseq_join":"unique_official_road_address_and_name","property_complex_id":"molit-apt:11590:11590-28","property_release_id":"property-eea48453a819f517","source_id":"seoul-openaptinfo"},"type":"Feature"},{"geometry":{"coordinates":[127.090159908,37.538654984],"type":"Point"},"id":"A10026874","properties":{"coordinate_status":"provider_xy_crs_unconfirmed","households":197,"kapt_code":"A10026874","name":"강변에스케이뷰","property_aptseq_join":"unique_official_road_address_and_name","property_complex_id":"molit-apt:11215:11215-4277","property_release_id":"property-eea48453a819f517","source_id":"seoul-openaptinfo"},"type":"Feature"},{"geometry":{"coordinates":[126.817866875,37.556919366],"type":"Point"},"id":"A10026879","properties":{"coordinate_status":"provider_xy_crs_unconfirmed","households":1194,"kapt_code":"A10026879","name":"마곡13단지 힐스테이트마스터 아파트","property_aptseq_join":"unique_official_road_address_and_name","property_complex_id":"molit-apt:11500:11500-7596","property_release_id":"property-eea48453a819f517","source_id":"seoul-openaptinfo"},"type":"Feature"},{"geometry":{"coordinates":[126.963095629,37.554609078],"type":"Point"},"id":"A10026881","properties":{"coordinate_status":"provider_xy_crs_unconfirmed","households":1341,"kapt_code":"A10026881","name":"서울역센트럴자이아파트","property_aptseq_join":"unique_official_road_address_and_name","property_complex_id":"molit-apt:11140:11140-1300","property_release_id":"property-eea48453a819f517","source_id":"seoul-openaptinfo"},"type":"Feature"},{"geometry":{"coordinates":[127.024673339,37.561526818],"type":"Point"},"id":"A10026900","properties":{"coordinate_status":"provider_xy_crs_unconfirmed","households":713,"kapt_code":"A10026900","name":"왕십리 자이 아파트","property_aptseq_join":"unique_official_road_address_and_name","property_complex_id":"molit-apt:11200:11200-3144","property_release_id":"property-eea48453a819f517","source_id":"seoul-openaptinfo"},"type":"Feature"},{"geometry":{"coordinates":[126.928987037,37.471423323],"type":"Point"},"id":"A10026910","properties":{"coordinate_status":"provider_xy_crs_unconfirmed","households":140,"kapt_code":"A10026910","name":"관악우정하이비전아파트 1단지","property_aptseq_join":"not_established","source_id":"seoul-openaptinfo"},"type":"Feature"},{"geometry":{"coordinates":[126.966626598,37.528817959],"type":"Point"},"id":"A10026922","properties":{"coordinate_status":"provider_xy_crs_unconfirmed","households":195,"kapt_code":"A10026922","name":"래미안용산아파트","property_aptseq_join":"not_established","source_id":"seoul-openaptinfo"},"type":"Feature"},{"geometry":{"coordinates":[127.060987215,37.495928761],"type":"Point"},"id":"A10026924","properties":{"coordinate_status":"provider_xy_crs_unconfirmed","households":239,"kapt_code":"A10026924","name":"대치SK VIEW","property_aptseq_join":"unique_official_road_address_and_name","property_complex_id":"molit-apt:11680:11680-4637","property_release_id":"property-eea48453a819f517","source_id":"seoul-openaptinfo"},"type":"Feature"},{"geometry":{"coordinates":[126.961547023,37.571389503],"type":"Point"},"id":"A10026940","properties":{"coordinate_status":"provider_xy_crs_unconfirmed","households":182,"kapt_code":"A10026940","name":"경희궁자이4단지주상복합","property_aptseq_join":"not_established","source_id":"seoul-openaptinfo"},"type":"Feature"},{"geometry":{"coordinates":[127.021202557,37.501586389],"type":"Point"},"id":"A10026941","properties":{"coordinate_status":"provider_xy_crs_unconfirmed","households":907,"kapt_code":"A10026941","name":"서초푸르지오써밋","property_aptseq_join":"not_established","source_id":"seoul-openaptinfo"},"type":"Feature"},{"geometry":{"coordinates":[126.964497043,37.572234844],"type":"Point"},"id":"A10026946","properties":{"coordinate_status":"provider_xy_crs_unconfirmed","households":496,"kapt_code":"A10026946","name":"경희궁자이1단지(임대아파트)","property_aptseq_join":"not_established","source_id":"seoul-openaptinfo"},"type":"Feature"},{"geometry":{"coordinates":[127.035613592,37.617159235],"type":"Point"},"id":"A10026947","properties":{"coordinate_status":"provider_xy_crs_unconfirmed","households":615,"kapt_code":"A10026947","name":"꿈의숲롯데캐슬아파트","property_aptseq_join":"unique_official_road_address_and_name","property_complex_id":"molit-apt:11305:11305-5141","property_release_id":"property-eea48453a819f517","source_id":"seoul-openaptinfo"},"type":"Feature"},{"geometry":{"coordinates":[127.044437092,37.538534075],"type":"Point"},"id":"A10026988","properties":{"coordinate_status":"provider_xy_crs_unconfirmed","households":688,"kapt_code":"A10026988","name":"트리마제","property_aptseq_join":"unique_official_road_address_and_name","property_complex_id":"molit-apt:11200:11200-3141","property_release_id":"property-eea48453a819f517","source_id":"seoul-openaptinfo"},"type":"Feature"},{"geometry":{"coordinates":[126.998967937,37.485967505],"type":"Point"},"id":"A10027016","properties":{"coordinate_status":"provider_xy_crs_unconfirmed","households":136,"kapt_code":"A10027016","name":"방배자이아파트","property_aptseq_join":"unique_official_road_address_and_name","property_complex_id":"molit-apt:11650:11650-512","property_release_id":"property-eea48453a819f517","source_id":"seoul-openaptinfo"},"type":"Feature"},{"geometry":{"coordinates":[126.917815537,37.569890023],"type":"Point"},"id":"A10027019","properties":{"coordinate_status":"provider_xy_crs_unconfirmed","households":288,"kapt_code":"A10027019","name":"상암DMC엘가","property_aptseq_join":"not_established","source_id":"seoul-openaptinfo"},"type":"Feature"},{"geometry":{"coordinates":[127.007259146,37.532400862],"type":"Point"},"id":"A10027071","properties":{"coordinate_status":"provider_xy_crs_unconfirmed","households":280,"kapt_code":"A10027071","name":"한남아이파크","property_aptseq_join":"not_established","source_id":"seoul-openaptinfo"},"type":"Feature"},{"geometry":{"coordinates":[126.911869059,37.500998074],"type":"Point"},"id":"A10027073","properties":{"coordinate_status":"provider_xy_crs_unconfirmed","households":1722,"kapt_code":"A10027073","name":"래미안에스티움","property_aptseq_join":"unique_official_road_address_and_name","property_complex_id":"molit-apt:11560:11560-2006","property_release_id":"property-eea48453a819f517","source_id":"seoul-openaptinfo"},"type":"Feature"},{"geometry":{"coordinates":[127.05514947,37.566114225],"type":"Point"},"id":"A10027089","properties":{"coordinate_status":"provider_xy_crs_unconfirmed","households":269,"kapt_code":"A10027089","name":"현대썬앤빌청계","property_aptseq_join":"unique_official_road_address_and_name","property_complex_id":"molit-apt:11230:11230-2682","property_release_id":"property-eea48453a819f517","source_id":"seoul-openaptinfo"},"type":"Feature"},{"geometry":{"coordinates":[126.958559679,37.555353944],"type":"Point"},"id":"A10027090","properties":{"coordinate_status":"provider_xy_crs_unconfirmed","households":497,"kapt_code":"A10027090","name":"마포센트럴아이파크","property_aptseq_join":"unique_official_road_address_and_name","property_complex_id":"molit-apt:11440:11440-5661","property_release_id":"property-eea48453a819f517","source_id":"seoul-openaptinfo"},"type":"Feature"},{"geometry":{"coordinates":[126.965171094,37.568854929],"type":"Point"},"id":"A10027105","properties":{"coordinate_status":"provider_xy_crs_unconfirmed","households":589,"kapt_code":"A10027105","name":"경희궁자이3단지","property_aptseq_join":"unique_official_road_address_and_name","property_complex_id":"molit-apt:11110:11110-2446","property_release_id":"property-eea48453a819f517","source_id":"seoul-openaptinfo"},"type":"Feature"},{"geometry":{"coordinates":[126.964152408,37.569205424],"type":"Point"},"id":"A10027118","properties":{"coordinate_status":"provider_xy_crs_unconfirmed","households":1148,"kapt_code":"A10027118","name":"경희궁자이2단지 아파트","property_aptseq_join":"unique_official_road_address_and_name","property_complex_id":"molit-apt:11110:11110-2445","property_release_id":"property-eea48453a819f517","source_id":"seoul-openaptinfo"},"type":"Feature"},{"geometry":{"coordinates":[127.052573601,37.64131959],"type":"Point"},"id":"A10027121","properties":{"coordinate_status":"provider_xy_crs_unconfirmed","households":326,"kapt_code":"A10027121","name":"녹천역두산위브아파트","property_aptseq_join":"unique_official_road_address_and_name","property_complex_id":"molit-apt:11350:11350-2194","property_release_id":"property-eea48453a819f517","source_id":"seoul-openaptinfo"},"type":"Feature"},{"geometry":{"coordinates":[127.043095482,37.67819466],"type":"Point"},"id":"A10027136","properties":{"coordinate_status":"provider_xy_crs_unconfirmed","households":172,"kapt_code":"A10027136","name":"도봉숲 아뜨리움","property_aptseq_join":"not_established","source_id":"seoul-openaptinfo"},"type":"Feature"},{"geometry":{"coordinates":[126.913252206,37.569150167],"type":"Point"},"id":"A10027157","properties":{"coordinate_status":"provider_xy_crs_unconfirmed","households":362,"kapt_code":"A10027157","name":"서울가좌행복주택","property_aptseq_join":"not_established","source_id":"seoul-openaptinfo"},"type":"Feature"},{"geometry":{"coordinates":[127.001860865,37.574038827],"type":"Point"},"id":"A10027162","properties":{"coordinate_status":"provider_xy_crs_unconfirmed","households":152,"kapt_code":"A10027162","name":"포레스트힐시티","property_aptseq_join":"unique_official_road_address_and_name","property_complex_id":"molit-apt:11110:11110-2440","property_release_id":"property-eea48453a819f517","source_id":"seoul-openaptinfo"},"type":"Feature"},{"geometry":{"coordinates":[126.894426981405,37.4597543543324],"type":"Point"},"id":"A10027188","properties":{"coordinate_status":"provider_xy_crs_unconfirmed","households":1743,"kapt_code":"A10027188","name":"금천롯데캐슬골드파크1차아파트","property_aptseq_join":"not_established","source_id":"seoul-openaptinfo"},"type":"Feature"},{"geometry":{"coordinates":[127.018504541,37.578039998],"type":"Point"},"id":"A10027189","properties":{"coordinate_status":"provider_xy_crs_unconfirmed","households":1186,"kapt_code":"A10027189","name":"보문파크뷰자이아파트","property_aptseq_join":"not_established","source_id":"seoul-openaptinfo"},"type":"Feature"},{"geometry":{"coordinates":[126.993250772,37.504899938],"type":"Point"},"id":"A10027205","properties":{"coordinate_status":"provider_xy_crs_unconfirmed","households":1612,"kapt_code":"A10027205","name":"아크로리버파크","property_aptseq_join":"not_established","source_id":"seoul-openaptinfo"},"type":"Feature"},{"geometry":{"coordinates":[127.150901775,37.559120831],"type":"Point"},"id":"A10027207","properties":{"coordinate_status":"provider_xy_crs_unconfirmed","households":3658,"kapt_code":"A10027207","name":"래미안힐스테이트 고덕","property_aptseq_join":"unique_official_road_address_and_name","property_complex_id":"molit-apt:11740:11740-4214","property_release_id":"property-eea48453a819f517","source_id":"seoul-openaptinfo"},"type":"Feature"},{"geometry":{"coordinates":[127.02517275372,37.4927897082291],"type":"Point"},"id":"A10027221","properties":{"coordinate_status":"provider_xy_crs_unconfirmed","households":421,"kapt_code":"A10027221","name":"래미안 서초에스티지","property_aptseq_join":"not_established","source_id":"seoul-openaptinfo"},"type":"Feature"},{"geometry":{"coordinates":[127.013683635,37.598845928],"type":"Point"},"id":"A10027227","properties":{"coordinate_status":"provider_xy_crs_unconfirmed","households":629,"kapt_code":"A10027227","name":"돈암코오롱하늘채아파트","property_aptseq_join":"unique_official_road_address_and_name","property_complex_id":"molit-apt:11290:11290-4544","property_release_id":"property-eea48453a819f517","source_id":"seoul-openaptinfo"},"type":"Feature"},{"geometry":{"coordinates":[127.033031122,37.577786059],"type":"Point"},"id":"A10027274","properties":{"coordinate_status":"provider_xy_crs_unconfirmed","households":299,"kapt_code":"A10027274","name":"동대문푸르지오시티","property_aptseq_join":"not_established","source_id":"seoul-openaptinfo"},"type":"Feature"},{"geometry":{"coordinates":[127.028445899926,37.5663379455023],"type":"Point"},"id":"A10027289","properties":{"coordinate_status":"provider_xy_crs_unconfirmed","households":0,"kapt_code":"A10027289","name":"센트라스","property_aptseq_join":"unique_official_road_address_and_name","property_complex_id":"molit-apt:11200:11200-3120","property_release_id":"property-eea48453a819f517","source_id":"seoul-openaptinfo"},"type":"Feature"},{"geometry":{"coordinates":[127.096286978,37.602732708],"type":"Point"},"id":"A10027297","properties":{"coordinate_status":"provider_xy_crs_unconfirmed","households":133,"kapt_code":"A10027297","name":"신내대성유니드아파트","property_aptseq_join":"not_established","source_id":"seoul-openaptinfo"},"type":"Feature"},{"geometry":{"coordinates":[126.912343994,37.551034901],"type":"Point"},"id":"A10027301","properties":{"coordinate_status":"provider_xy_crs_unconfirmed","households":198,"kapt_code":"A10027301","name":"마포한강2차푸르지오","property_aptseq_join":"unique_official_road_address_and_name","property_complex_id":"molit-apt:11440:11440-5606","property_release_id":"property-eea48453a819f517","source_id":"seoul-openaptinfo"},"type":"Feature"},{"geometry":{"coordinates":[127.039063066,37.487992235],"type":"Point"},"id":"A10027319","properties":{"coordinate_status":"provider_xy_crs_unconfirmed","households":110,"kapt_code":"A10027319","name":"도곡한라비발디아파트","property_aptseq_join":"not_established","source_id":"seoul-openaptinfo"},"type":"Feature"},{"geometry":{"coordinates":[127.123648601561,37.4806144984781],"type":"Point"},"id":"A10027346","properties":{"coordinate_status":"provider_xy_crs_unconfirmed","households":999,"kapt_code":"A10027346","name":"파크하비오푸르지오아파트","property_aptseq_join":"not_established","source_id":"seoul-openaptinfo"},"type":"Feature"},{"geometry":{"coordinates":[127.128374,37.526798],"type":"Point"},"id":"A10027354","properties":{"coordinate_status":"provider_xy_crs_unconfirmed","households":482,"kapt_code":"A10027354","name":"올림픽파크한양수자인","property_aptseq_join":"not_established","source_id":"seoul-openaptinfo"},"type":"Feature"},{"geometry":{"coordinates":[126.970353714468,37.5635869321786],"type":"Point"},"id":"A10027364","properties":{"coordinate_status":"provider_xy_crs_unconfirmed","households":296,"kapt_code":"A10027364","name":"덕수궁롯데캐슬아파트","property_aptseq_join":"unique_official_road_address_and_name","property_complex_id":"molit-apt:11140:11140-1277","property_release_id":"property-eea48453a819f517","source_id":"seoul-openaptinfo"},"type":"Feature"},{"geometry":{"coordinates":[126.820729496,37.559467733],"type":"Point"},"id":"A10027371","properties":{"coordinate_status":"provider_xy_crs_unconfirmed","households":347,"kapt_code":"A10027371","name":"마곡엠밸리11단지","property_aptseq_join":"not_established","source_id":"seoul-openaptinfo"},"type":"Feature"},{"geometry":{"coordinates":[126.856168,37.520319],"type":"Point"},"id":"A10027375","properties":{"coordinate_status":"provider_xy_crs_unconfirmed","households":1081,"kapt_code":"A10027375","name":"목동힐스테이트","property_aptseq_join":"not_established","source_id":"seoul-openaptinfo"},"type":"Feature"},{"geometry":{"coordinates":[126.905101,37.493128],"type":"Point"},"id":"A10027381","properties":{"coordinate_status":"provider_xy_crs_unconfirmed","households":247,"kapt_code":"A10027381","name":"보라매 신동아파밀리에아파트","property_aptseq_join":"not_established","source_id":"seoul-openaptinfo"},"type":"Feature"},{"geometry":{"coordinates":[126.831471900625,37.5062441985981],"type":"Point"},"id":"A10027396","properties":{"coordinate_status":"provider_xy_crs_unconfirmed","households":560,"kapt_code":"A10027396","name":"신정숲속마을아파트","property_aptseq_join":"not_established","source_id":"seoul-openaptinfo"},"type":"Feature"},{"geometry":{"coordinates":[126.822877,37.559259],"type":"Point"},"id":"A10027403","properties":{"coordinate_status":"provider_xy_crs_unconfirmed","households":363,"kapt_code":"A10027403","name":"마곡엠밸리12단지","property_aptseq_join":"not_established","source_id":"seoul-openaptinfo"},"type":"Feature"},{"geometry":{"coordinates":[126.936814743904,37.5054571009919],"type":"Point"},"id":"A10027424","properties":{"coordinate_status":"provider_xy_crs_unconfirmed","households":471,"kapt_code":"A10027424","name":"상도파크자이 아파트","property_aptseq_join":"unique_official_road_address_and_name","property_complex_id":"molit-apt:11590:11590-4642","property_release_id":"property-eea48453a819f517","source_id":"seoul-openaptinfo"},"type":"Feature"},{"geometry":{"coordinates":[127.026651584718,37.5608836320414],"type":"Point"},"id":"A10027432","properties":{"coordinate_status":"provider_xy_crs_unconfirmed","households":272,"kapt_code":"A10027432","name":"서울 왕십리 KCC스위첸아파트","property_aptseq_join":"not_established","source_id":"seoul-openaptinfo"},"type":"Feature"},{"geometry":{"coordinates":[126.819535,37.563757],"type":"Point"},"id":"A10027433","properties":{"coordinate_status":"provider_xy_crs_unconfirmed","households":531,"kapt_code":"A10027433","name":"마곡엠밸리8단지","property_aptseq_join":"unique_official_road_address_and_name","property_complex_id":"molit-apt:11500:11500-7419","property_release_id":"property-eea48453a819f517","source_id":"seoul-openaptinfo"},"type":"Feature"},{"geometry":{"coordinates":[127.013632374325,37.5151866765696],"type":"Point"},"id":"A10027439","properties":{"coordinate_status":"provider_xy_crs_unconfirmed","households":0,"kapt_code":"A10027439","name":"래미안 신반포팰리스","property_aptseq_join":"not_established","source_id":"seoul-openaptinfo"},"type":"Feature"},{"geometry":{"coordinates":[127.09520578873,37.4810280655445],"type":"Point"},"id":"A10027446","properties":{"coordinate_status":"provider_xy_crs_unconfirmed","households":400,"kapt_code":"A10027446","name":"강남더샵포레스트","property_aptseq_join":"not_established","source_id":"seoul-openaptinfo"},"type":"Feature"},{"geometry":{"coordinates":[126.818603846,37.559216264],"type":"Point"},"id":"A10027452","properties":{"coordinate_status":"provider_xy_crs_unconfirmed","households":550,"kapt_code":"A10027452","name":"마곡엠밸리10단지 아파트","property_aptseq_join":"unique_official_road_address_and_name","property_complex_id":"molit-apt:11500:11500-7435","property_release_id":"property-eea48453a819f517","source_id":"seoul-openaptinfo"},"type":"Feature"},{"geometry":{"coordinates":[127.142154569,37.478644524],"type":"Point"},"id":"A10027461","properties":{"coordinate_status":"provider_xy_crs_unconfirmed","households":490,"kapt_code":"A10027461","name":"힐스테이트 송파위례아파트","property_aptseq_join":"not_established","source_id":"seoul-openaptinfo"},"type":"Feature"},{"geometry":{"coordinates":[126.942148701351,37.5057919936089],"type":"Point"},"id":"A10027472","properties":{"coordinate_status":"provider_xy_crs_unconfirmed","households":202,"kapt_code":"A10027472","name":"상도효성해링턴플레이스","property_aptseq_join":"unique_official_road_address_and_name","property_complex_id":"molit-apt:11590:11590-4559","property_release_id":"property-eea48453a819f517","source_id":"seoul-openaptinfo"},"type":"Feature"},{"geometry":{"coordinates":[127.040128519,37.505881731],"type":"Point"},"id":"A10027474","properties":{"coordinate_status":"provider_xy_crs_unconfirmed","households":408,"kapt_code":"A10027474","name":"역삼자이아파트","property_aptseq_join":"not_established","source_id":"seoul-openaptinfo"},"type":"Feature"},{"geometry":{"coordinates":[126.9805813,37.4843925],"type":"Point"},"id":"A10027495","properties":{"coordinate_status":"provider_xy_crs_unconfirmed","households":140,"kapt_code":"A10027495","name":"이수자이 주상복합","property_aptseq_join":"not_established","source_id":"seoul-openaptinfo"},"type":"Feature"},{"geometry":{"coordinates":[126.866261225,37.555261117],"type":"Point"},"id":"A10027541","properties":{"coordinate_status":"provider_xy_crs_unconfirmed","households":152,"kapt_code":"A10027541","name":"강서쌍용예가아파트","property_aptseq_join":"unique_official_road_address_and_name","property_complex_id":"molit-apt:11500:11500-6884","property_release_id":"property-eea48453a819f517","source_id":"seoul-openaptinfo"},"type":"Feature"},{"geometry":{"coordinates":[127.142191153,37.481741467],"type":"Point"},"id":"A10027553","properties":{"coordinate_status":"provider_xy_crs_unconfirmed","households":495,"kapt_code":"A10027553","name":"위례2차아이파크아파트","property_aptseq_join":"not_established","source_id":"seoul-openaptinfo"},"type":"Feature"},{"geometry":{"coordinates":[127.09654275,37.473209395],"type":"Point"},"id":"A10027558","properties":{"coordinate_status":"provider_xy_crs_unconfirmed","households":199,"kapt_code":"A10027558","name":"강남효성해링턴코트","property_aptseq_join":"not_established","source_id":"seoul-openaptinfo"},"type":"Feature"},{"geometry":{"coordinates":[127.077334893,37.490936857],"type":"Point"},"id":"A10027571","properties":{"coordinate_status":"provider_xy_crs_unconfirmed","households":142,"kapt_code":"A10027571","name":"개포4차현대아파트","property_aptseq_join":"not_established","source_id":"seoul-openaptinfo"},"type":"Feature"},{"geometry":{"coordinates":[127.059585259544,37.6431974154098],"type":"Point"},"id":"A10027601","properties":{"coordinate_status":"provider_xy_crs_unconfirmed","households":457,"kapt_code":"A10027601","name":"중계센트럴파크아파트","property_aptseq_join":"unique_official_road_address_and_name","property_complex_id":"molit-apt:11350:11350-2151","property_release_id":"property-eea48453a819f517","source_id":"seoul-openaptinfo"},"type":"Feature"},{"geometry":{"coordinates":[127.017996318,37.554491403],"type":"Point"},"id":"A10027602","properties":{"coordinate_status":"provider_xy_crs_unconfirmed","households":1156,"kapt_code":"A10027602","name":"신금호파크자이아파트","property_aptseq_join":"unique_official_road_address_and_name","property_complex_id":"molit-apt:11200:11200-3086","property_release_id":"property-eea48453a819f517","source_id":"seoul-openaptinfo"},"type":"Feature"},{"geometry":{"coordinates":[126.93796686,37.504968122],"type":"Point"},"id":"A10027614","properties":{"coordinate_status":"provider_xy_crs_unconfirmed","households":298,"kapt_code":"A10027614","name":"상도 휴엔하임 도시형생횔주택","property_aptseq_join":"not_established","source_id":"seoul-openaptinfo"},"type":"Feature"},{"geometry":{"coordinates":[127.076197120371,37.6185320161544],"type":"Point"},"id":"A10027622","properties":{"coordinate_status":"provider_xy_crs_unconfirmed","households":234,"kapt_code":"A10027622","name":"노원프레미어스엠코","property_aptseq_join":"unique_official_road_address_and_name","property_complex_id":"molit-apt:11350:11350-2139","property_release_id":"property-eea48453a819f517","source_id":"seoul-openaptinfo"},"type":"Feature"},{"geometry":{"coordinates":[127.143446683975,37.4763790289476],"type":"Point"},"id":"A10027632","properties":{"coordinate_status":"provider_xy_crs_unconfirmed","households":390,"kapt_code":"A10027632","name":"송파 와이즈더샵","property_aptseq_join":"not_established","source_id":"seoul-openaptinfo"},"type":"Feature"},{"geometry":{"coordinates":[126.942294155,37.504794039],"type":"Point"},"id":"A10027633","properties":{"coordinate_status":"provider_xy_crs_unconfirmed","households":582,"kapt_code":"A10027633","name":"상도2차 두산위브트레지움 아파트","property_aptseq_join":"not_established","source_id":"seoul-openaptinfo"},"type":"Feature"},{"geometry":{"coordinates":[127.179448401,37.562219987],"type":"Point"},"id":"A10027638","properties":{"coordinate_status":"provider_xy_crs_unconfirmed","households":346,"kapt_code":"A10027638","name":"강일리버파크11단지","property_aptseq_join":"not_established","source_id":"seoul-openaptinfo"},"type":"Feature"},{"geometry":{"coordinates":[127.09220427,37.59736204],"type":"Point"},"id":"A10027670","properties":{"coordinate_status":"provider_xy_crs_unconfirmed","households":264,"kapt_code":"A10027670","name":"상봉듀오트리스","property_aptseq_join":"unique_official_road_address_and_name","property_complex_id":"molit-apt:11260:11260-3271","property_release_id":"property-eea48453a819f517","source_id":"seoul-openaptinfo"},"type":"Feature"},{"geometry":{"coordinates":[126.940393197,37.58267368],"type":"Point"},"id":"A10027681","properties":{"coordinate_status":"provider_xy_crs_unconfirmed","households":296,"kapt_code":"A10027681","name":"홍제금호어울림아파트","property_aptseq_join":"not_established","source_id":"seoul-openaptinfo"},"type":"Feature"},{"geometry":{"coordinates":[126.902503999,37.527217482],"type":"Point"},"id":"A10027684","properties":{"coordinate_status":"provider_xy_crs_unconfirmed","households":162,"kapt_code":"A10027684","name":"당산브라운스톤아파트","property_aptseq_join":"not_established","source_id":"seoul-openaptinfo"},"type":"Feature"},{"geometry":{"coordinates":[126.818111,37.564067],"type":"Point"},"id":"A10027687","properties":{"coordinate_status":"provider_xy_crs_unconfirmed","households":603,"kapt_code":"A10027687","name":"마곡힐스테이트","property_aptseq_join":"not_established","source_id":"seoul-openaptinfo"},"type":"Feature"},{"geometry":{"coordinates":[126.959494207,37.576000837],"type":"Point"},"id":"A10027708","properties":{"coordinate_status":"provider_xy_crs_unconfirmed","households":167,"kapt_code":"A10027708","name":"인왕산2차아이파크아파트","property_aptseq_join":"unique_official_road_address_and_name","property_complex_id":"molit-apt:11110:11110-2417","property_release_id":"property-eea48453a819f517","source_id":"seoul-openaptinfo"},"type":"Feature"},{"geometry":{"coordinates":[126.912174762,37.545900753],"type":"Point"},"id":"A10027714","properties":{"coordinate_status":"provider_xy_crs_unconfirmed","households":773,"kapt_code":"A10027714","name":"래미안 웰스트림","property_aptseq_join":"not_established","source_id":"seoul-openaptinfo"},"type":"Feature"},{"geometry":{"coordinates":[127.053592,37.622032],"type":"Point"},"id":"A10027716","properties":{"coordinate_status":"provider_xy_crs_unconfirmed","households":504,"kapt_code":"A10027716","name":"꿈의숲 SK뷰 아파트","property_aptseq_join":"not_established","source_id":"seoul-openaptinfo"},"type":"Feature"},{"geometry":{"coordinates":[127.142285942,37.477145973],"type":"Point"},"id":"A10027744","properties":{"coordinate_status":"provider_xy_crs_unconfirmed","households":400,"kapt_code":"A10027744","name":"위례아이파크아파트","property_aptseq_join":"unique_official_road_address_and_name","property_complex_id":"molit-apt:11710:11710-7945","property_release_id":"property-eea48453a819f517","source_id":"seoul-openaptinfo"},"type":"Feature"},{"geometry":{"coordinates":[126.947969482459,37.544870536681],"type":"Point"},"id":"A10027748","properties":{"coordinate_status":"provider_xy_crs_unconfirmed","households":288,"kapt_code":"A10027748","name":"공덕파크자이 아파트","property_aptseq_join":"unique_official_road_address_and_name","property_complex_id":"molit-apt:11440:11440-5530","property_release_id":"property-eea48453a819f517","source_id":"seoul-openaptinfo"},"type":"Feature"},{"geometry":{"coordinates":[126.909349842,37.504997784],"type":"Point"},"id":"A10027755","properties":{"coordinate_status":"provider_xy_crs_unconfirmed","households":949,"kapt_code":"A10027755","name":"래미안프레비뉴","property_aptseq_join":"not_established","source_id":"seoul-openaptinfo"},"type":"Feature"},{"geometry":{"coordinates":[126.836853061,37.482105564],"type":"Point"},"id":"A10027764","properties":{"coordinate_status":"provider_xy_crs_unconfirmed","households":374,"kapt_code":"A10027764","name":"천왕이펜하우스7단지","property_aptseq_join":"not_established","source_id":"seoul-openaptinfo"},"type":"Feature"},{"geometry":{"coordinates":[127.097182157,37.614174941],"type":"Point"},"id":"A10027775","properties":{"coordinate_status":"provider_xy_crs_unconfirmed","households":222,"kapt_code":"A10027775","name":"신내의료안심주택","property_aptseq_join":"not_established","source_id":"seoul-openaptinfo"},"type":"Feature"},{"geometry":{"coordinates":[127.058330579,37.497179415],"type":"Point"},"id":"A10027800","properties":{"coordinate_status":"provider_xy_crs_unconfirmed","households":1608,"kapt_code":"A10027800","name":"래미안 대치 팰리스","property_aptseq_join":"not_established","source_id":"seoul-openaptinfo"},"type":"Feature"},{"geometry":{"coordinates":[126.933751561,37.60557539],"type":"Point"},"id":"A10027816","properties":{"coordinate_status":"provider_xy_crs_unconfirmed","households":1230,"kapt_code":"A10027816","name":"북한산 푸르지오","property_aptseq_join":"unique_official_road_address_and_name","property_complex_id":"molit-apt:11380:11380-10020","property_release_id":"property-eea48453a819f517","source_id":"seoul-openaptinfo"},"type":"Feature"},{"geometry":{"coordinates":[126.922655933,37.573897103],"type":"Point"},"id":"A10027817","properties":{"coordinate_status":"provider_xy_crs_unconfirmed","households":4300,"kapt_code":"A10027817","name":"DMC파크뷰자이아파트","property_aptseq_join":"not_established","source_id":"seoul-openaptinfo"},"type":"Feature"},{"geometry":{"coordinates":[126.87667139085,37.5237460322195],"type":"Point"},"id":"A10027849","properties":{"coordinate_status":"provider_xy_crs_unconfirmed","households":248,"kapt_code":"A10027849","name":"목동센트럴푸르지오아파트","property_aptseq_join":"unique_official_road_address_and_name","property_complex_id":"molit-apt:11470:11470-5141","property_release_id":"property-eea48453a819f517","source_id":"seoul-openaptinfo"},"type":"Feature"},{"geometry":{"coordinates":[126.956000417,37.561909131],"type":"Point"},"id":"A10027851","properties":{"coordinate_status":"provider_xy_crs_unconfirmed","households":940,"kapt_code":"A10027851","name":"신촌푸르지오 아파트","property_aptseq_join":"unique_official_road_address_and_name","property_complex_id":"molit-apt:11410:11410-4476","property_release_id":"property-eea48453a819f517","source_id":"seoul-openaptinfo"},"type":"Feature"},{"geometry":{"coordinates":[127.100344823,37.506573966],"type":"Point"},"id":"A10027881","properties":{"coordinate_status":"provider_xy_crs_unconfirmed","households":257,"kapt_code":"A10027881","name":"석촌호수 효성해링턴타워","property_aptseq_join":"unique_official_road_address_and_name","property_complex_id":"molit-apt:11710:11710-7855","property_release_id":"property-eea48453a819f517","source_id":"seoul-openaptinfo"},"type":"Feature"},{"geometry":{"coordinates":[126.968950011,37.537777769],"type":"Point"},"id":"A10027901","properties":{"coordinate_status":"provider_xy_crs_unconfirmed","households":232,"kapt_code":"A10027901","name":"용산 KCC 웰츠타워","property_aptseq_join":"unique_official_road_address_and_name","property_complex_id":"molit-apt:11170:11170-3008","property_release_id":"property-eea48453a819f517","source_id":"seoul-openaptinfo"},"type":"Feature"},{"geometry":{"coordinates":[126.911963367,37.550008515],"type":"Point"},"id":"A10027902","properties":{"coordinate_status":"provider_xy_crs_unconfirmed","households":198,"kapt_code":"A10027902","name":"마포한강푸르지오","property_aptseq_join":"not_established","source_id":"seoul-openaptinfo"},"type":"Feature"},{"geometry":{"coordinates":[126.957785372,37.553825904],"type":"Point"},"id":"A10027906","properties":{"coordinate_status":"provider_xy_crs_unconfirmed","households":963,"kapt_code":"A10027906","name":"공덕자이 아파트","property_aptseq_join":"unique_official_road_address_and_name","property_complex_id":"molit-apt:11440:11440-5458","property_release_id":"property-eea48453a819f517","source_id":"seoul-openaptinfo"},"type":"Feature"},{"geometry":{"coordinates":[126.980211454,37.517858789],"type":"Point"},"id":"A10027908","properties":{"coordinate_status":"provider_xy_crs_unconfirmed","households":460,"kapt_code":"A10027908","name":"래미안첼리투스","property_aptseq_join":"not_established","source_id":"seoul-openaptinfo"},"type":"Feature"},{"geometry":{"coordinates":[127.109208453,37.472644746],"type":"Point"},"id":"A10027909","properties":{"coordinate_status":"provider_xy_crs_unconfirmed","households":169,"kapt_code":"A10027909","name":"강남한신휴플러스 8단지","property_aptseq_join":"not_established","source_id":"seoul-openaptinfo"},"type":"Feature"},{"geometry":{"coordinates":[127.106816655,37.471790158],"type":"Point"},"id":"A10027912","properties":{"coordinate_status":"provider_xy_crs_unconfirmed","households":378,"kapt_code":"A10027912","name":"강남한신휴플러스 6단지","property_aptseq_join":"unique_official_road_address_and_name","property_complex_id":"molit-apt:11680:11680-4398","property_release_id":"property-eea48453a819f517","source_id":"seoul-openaptinfo"},"type":"Feature"},{"geometry":{"coordinates":[127.029523531,37.567343812],"type":"Point"},"id":"A10027920","properties":{"coordinate_status":"provider_xy_crs_unconfirmed","households":1369,"kapt_code":"A10027920","name":"텐즈힐1단지","property_aptseq_join":"not_established","source_id":"seoul-openaptinfo"},"type":"Feature"},{"geometry":{"coordinates":[126.898035607,37.495288021],"type":"Point"},"id":"A10027935","properties":{"coordinate_status":"provider_xy_crs_unconfirmed","households":291,"kapt_code":"A10027935","name":"대림쌍용플래티넘S","property_aptseq_join":"not_established","source_id":"seoul-openaptinfo"},"type":"Feature"},{"geometry":{"coordinates":[127.133588053,37.536758671],"type":"Point"},"id":"A10027948","properties":{"coordinate_status":"provider_xy_crs_unconfirmed","households":230,"kapt_code":"A10027948","name":"강동역신동아파밀리에","property_aptseq_join":"not_established","source_id":"seoul-openaptinfo"},"type":"Feature"},{"geometry":{"coordinates":[126.958866047,37.554668818],"type":"Point"},"id":"A10027951","properties":{"coordinate_status":"provider_xy_crs_unconfirmed","households":201,"kapt_code":"A10027951","name":"공덕자이(임대)","property_aptseq_join":"not_established","source_id":"seoul-openaptinfo"},"type":"Feature"},{"geometry":{"coordinates":[127.029523531,37.567343812],"type":"Point"},"id":"A10027969","properties":{"coordinate_status":"provider_xy_crs_unconfirmed","households":333,"kapt_code":"A10027969","name":"왕십리텐즈힐1단지(임대)","property_aptseq_join":"not_established","source_id":"seoul-openaptinfo"},"type":"Feature"},{"geometry":{"coordinates":[127.089608304,37.471808424],"type":"Point"},"id":"A10027985","properties":{"coordinate_status":"provider_xy_crs_unconfirmed","households":1339,"kapt_code":"A10027985","name":"강남자곡힐스테이트아파트","property_aptseq_join":"unique_official_road_address_and_name","property_complex_id":"molit-apt:11680:11680-4375","property_release_id":"property-eea48453a819f517","source_id":"seoul-openaptinfo"},"type":"Feature"},{"geometry":{"coordinates":[127.011139326,37.601861521],"type":"Point"},"id":"A10028000","properties":{"coordinate_status":"provider_xy_crs_unconfirmed","households":349,"kapt_code":"A10028000","name":"한화포레나정릉아파트","property_aptseq_join":"not_established","source_id":"seoul-openaptinfo"},"type":"Feature"},{"geometry":{"coordinates":[127.022839,37.600867],"type":"Point"},"id":"A10028001","properties":{"coordinate_status":"provider_xy_crs_unconfirmed","households":490,"kapt_code":"A10028001","name":"금호어울림센터힐아파트","property_aptseq_join":"not_established","source_id":"seoul-openaptinfo"},"type":"Feature"},{"geometry":{"coordinates":[126.943227994,37.541663869],"type":"Point"},"id":"A10028006","properties":{"coordinate_status":"provider_xy_crs_unconfirmed","households":547,"kapt_code":"A10028006","name":"e편한세상마포리버파크","property_aptseq_join":"not_established","source_id":"seoul-openaptinfo"},"type":"Feature"},{"geometry":{"coordinates":[127.062595724,37.454702914],"type":"Point"},"id":"A10028021","properties":{"coordinate_status":"provider_xy_crs_unconfirmed","households":1077,"kapt_code":"A10028021","name":"서초포레스타2단지아파트","property_aptseq_join":"unique_official_road_address_and_name","property_complex_id":"molit-apt:11650:11650-4156","property_release_id":"property-eea48453a819f517","source_id":"seoul-openaptinfo"},"type":"Feature"},{"geometry":{"coordinates":[127.087070196,37.57185787],"type":"Point"},"id":"A10028033","properties":{"coordinate_status":"provider_xy_crs_unconfirmed","households":265,"kapt_code":"A10028033","name":"용마산하늘채아파트","property_aptseq_join":"unique_official_road_address_and_name","property_complex_id":"molit-apt:11260:11260-3079","property_release_id":"property-eea48453a819f517","source_id":"seoul-openaptinfo"},"type":"Feature"},{"geometry":{"coordinates":[127.056257458,37.566267492],"type":"Point"},"id":"A10028042","properties":{"coordinate_status":"provider_xy_crs_unconfirmed","households":245,"kapt_code":"A10028042","name":"센시티일육","property_aptseq_join":"not_established","source_id":"seoul-openaptinfo"},"type":"Feature"},{"geometry":{"coordinates":[127.058537351,37.456174198],"type":"Point"},"id":"A10028046","properties":{"coordinate_status":"provider_xy_crs_unconfirmed","households":256,"kapt_code":"A10028046","name":"힐스테이트서초젠트리스","property_aptseq_join":"unique_official_road_address_and_name","property_complex_id":"molit-apt:11650:11650-4103","property_release_id":"property-eea48453a819f517","source_id":"seoul-openaptinfo"},"type":"Feature"},{"geometry":{"coordinates":[126.926901586,37.615587553],"type":"Point"},"id":"A10028056","properties":{"coordinate_status":"provider_xy_crs_unconfirmed","households":188,"kapt_code":"A10028056","name":"북한산힐스테이트7차제2 (임대)","property_aptseq_join":"not_established","source_id":"seoul-openaptinfo"},"type":"Feature"},{"geometry":{"coordinates":[126.888067266,37.511282818],"type":"Point"},"id":"A10028063","properties":{"coordinate_status":"provider_xy_crs_unconfirmed","households":189,"kapt_code":"A10028063","name":"신도림아이파크아파트","property_aptseq_join":"not_established","source_id":"seoul-openaptinfo"},"type":"Feature"},{"geometry":{"coordinates":[127.030470001,37.579419433],"type":"Point"},"id":"A10028080","properties":{"coordinate_status":"provider_xy_crs_unconfirmed","households":311,"kapt_code":"A10028080","name":"용두 롯데 캐슬리치 아파트","property_aptseq_join":"unique_official_road_address_and_name","property_complex_id":"molit-apt:11230:11230-2518","property_release_id":"property-eea48453a819f517","source_id":"seoul-openaptinfo"},"type":"Feature"},{"geometry":{"coordinates":[127.11819331,37.500610534],"type":"Point"},"id":"A10028083","properties":{"coordinate_status":"provider_xy_crs_unconfirmed","households":71,"kapt_code":"A10028083","name":"송파SK아파트","property_aptseq_join":"not_established","source_id":"seoul-openaptinfo"},"type":"Feature"},{"geometry":{"coordinates":[127.141167508,37.481599452],"type":"Point"},"id":"A10028086","properties":{"coordinate_status":"provider_xy_crs_unconfirmed","households":549,"kapt_code":"A10028086","name":"위례 송파푸르지오","property_aptseq_join":"not_established","source_id":"seoul-openaptinfo"},"type":"Feature"},{"geometry":{"coordinates":[127.033620937,37.524050617],"type":"Point"},"id":"A10028094","properties":{"coordinate_status":"provider_xy_crs_unconfirmed","households":86,"kapt_code":"A10028094","name":"압구정하이츠파크","property_aptseq_join":"unique_official_road_address_and_name","property_complex_id":"molit-apt:11680:11680-549","property_release_id":"property-eea48453a819f517","source_id":"seoul-openaptinfo"},"type":"Feature"},{"geometry":{"coordinates":[127.055028706,37.45014991],"type":"Point"},"id":"A10028105","properties":{"coordinate_status":"provider_xy_crs_unconfirmed","households":585,"kapt_code":"A10028105","name":"서초포레스타6단지","property_aptseq_join":"unique_official_road_address_and_name","property_complex_id":"molit-apt:11650:11650-4140","property_release_id":"property-eea48453a819f517","source_id":"seoul-openaptinfo"},"type":"Feature"},{"geometry":{"coordinates":[127.019660511793,37.4974114491367],"type":"Point"},"id":"A10028146","properties":{"coordinate_status":"provider_xy_crs_unconfirmed","households":280,"kapt_code":"A10028146","name":"서초롯데캐슬프레지던트","property_aptseq_join":"not_established","source_id":"seoul-openaptinfo"},"type":"Feature"},{"geometry":{"coordinates":[127.101704398,37.474094746],"type":"Point"},"id":"A10028172","properties":{"coordinate_status":"provider_xy_crs_unconfirmed","households":716,"kapt_code":"A10028172","name":"강남자곡아이파크","property_aptseq_join":"unique_official_road_address_and_name","property_complex_id":"molit-apt:11680:11680-4332","property_release_id":"property-eea48453a819f517","source_id":"seoul-openaptinfo"},"type":"Feature"},{"geometry":{"coordinates":[126.9252469,37.5461503],"type":"Point"},"id":"A10028177","properties":{"coordinate_status":"provider_xy_crs_unconfirmed","households":429,"kapt_code":"A10028177","name":"래미안밤섬리베뉴 Ⅰ","property_aptseq_join":"unique_official_road_address_and_name","property_complex_id":"molit-apt:11440:11440-5428","property_release_id":"property-eea48453a819f517","source_id":"seoul-openaptinfo"},"type":"Feature"},{"geometry":{"coordinates":[126.995814695,37.56355333],"type":"Point"},"id":"A10028201","properties":{"coordinate_status":"provider_xy_crs_unconfirmed","households":182,"kapt_code":"A10028201","name":"인현신성","property_aptseq_join":"not_established","source_id":"seoul-openaptinfo"},"type":"Feature"},{"geometry":{"coordinates":[127.0222215,37.5711004],"type":"Point"},"id":"A10044001","properties":{"coordinate_status":"provider_xy_crs_unconfirmed","households":336,"kapt_code":"A10044001","name":"SH황학롯데캐슬베네치아","property_aptseq_join":"not_established","source_id":"seoul-openaptinfo"},"type":"Feature"},{"geometry":{"coordinates":[127.0222215,37.5711004],"type":"Point"},"id":"A10044002","properties":{"coordinate_status":"provider_xy_crs_unconfirmed","households":1534,"kapt_code":"A10044002","name":"롯데캐슬베네치아","property_aptseq_join":"not_established","source_id":"seoul-openaptinfo"},"type":"Feature"},{"geometry":{"coordinates":[127.0195121,37.5592169],"type":"Point"},"id":"A10045001","properties":{"coordinate_status":"provider_xy_crs_unconfirmed","households":461,"kapt_code":"A10045001","name":"신당푸르지오","property_aptseq_join":"unique_official_road_address_and_name","property_complex_id":"molit-apt:11140:11140-990","property_release_id":"property-eea48453a819f517","source_id":"seoul-openaptinfo"},"type":"Feature"},{"geometry":{"coordinates":[127.0166741,37.5604078],"type":"Point"},"id":"A10045002","properties":{"coordinate_status":"provider_xy_crs_unconfirmed","households":737,"kapt_code":"A10045002","name":"청구e편한세상(분양)","property_aptseq_join":"not_established","source_id":"seoul-openaptinfo"},"type":"Feature"},{"geometry":{"coordinates":[127.0072969,37.5467804],"type":"Point"},"id":"A10045301","properties":{"coordinate_status":"provider_xy_crs_unconfirmed","households":2034,"kapt_code":"A10045301","name":"신당남산타운임대","property_aptseq_join":"not_established","source_id":"seoul-openaptinfo"},"type":"Feature"},{"geometry":{"coordinates":[127.0072969,37.5467804],"type":"Point"},"id":"A10045302","properties":{"coordinate_status":"provider_xy_crs_unconfirmed","households":3118,"kapt_code":"A10045302","name":"신당남산타운(분양)","property_aptseq_join":"not_established","source_id":"seoul-openaptinfo"},"type":"Feature"},{"geometry":{"coordinates":[127.0179323,37.5580944],"type":"Point"},"id":"A10045401","properties":{"coordinate_status":"provider_xy_crs_unconfirmed","households":440,"kapt_code":"A10045401","name":"신당삼성임대","property_aptseq_join":"not_established","source_id":"seoul-openaptinfo"},"type":"Feature"},{"geometry":{"coordinates":[127.0147458,37.5548919],"type":"Point"},"id":"A10045402","properties":{"coordinate_status":"provider_xy_crs_unconfirmed","households":684,"kapt_code":"A10045402","name":"약수하이츠아파트(임대)","property_aptseq_join":"not_established","source_id":"seoul-openaptinfo"},"type":"Feature"},{"geometry":{"coordinates":[127.0179323,37.5580944],"type":"Point"},"id":"A10045403","properties":{"coordinate_status":"provider_xy_crs_unconfirmed","households":994,"kapt_code":"A10045403","name":"신당삼성(분양)","property_aptseq_join":"not_established","source_id":"seoul-openaptinfo"},"type":"Feature"},{"geometry":{"coordinates":[127.015698,37.5549165],"type":"Point"},"id":"A10045404","properties":{"coordinate_status":"provider_xy_crs_unconfirmed","households":1598,"kapt_code":"A10045404","name":"신당약수하이츠","property_aptseq_join":"not_established","source_id":"seoul-openaptinfo"},"type":"Feature"},{"geometry":{"coordinates":[127.0217626,37.5599909],"type":"Point"},"id":"A10045601","properties":{"coordinate_status":"provider_xy_crs_unconfirmed","households":942,"kapt_code":"A10045601","name":"신당현대","property_aptseq_join":"not_established","source_id":"seoul-openaptinfo"},"type":"Feature"},{"geometry":{"coordinates":[126.9976903,37.5627311],"type":"Point"},"id":"A10071301","properties":{"coordinate_status":"provider_xy_crs_unconfirmed","households":273,"kapt_code":"A10071301","name":"남산센트럴자이","property_aptseq_join":"unique_official_road_address_and_name","property_complex_id":"molit-apt:11140:11140-1097","property_release_id":"property-eea48453a819f517","source_id":"seoul-openaptinfo"},"type":"Feature"},{"geometry":{"coordinates":[126.9832431,37.5595151],"type":"Point"},"id":"A10072501","properties":{"coordinate_status":"provider_xy_crs_unconfirmed","households":236,"kapt_code":"A10072501","name":"쌍용남산플래티넘","property_aptseq_join":"unique_official_road_address_and_name","property_complex_id":"molit-apt:11140:11140-1123","property_release_id":"property-eea48453a819f517","source_id":"seoul-openaptinfo"},"type":"Feature"},{"geometry":{"coordinates":[127.017270475,37.562344199],"type":"Point"},"id":"A10078102","properties":{"coordinate_status":"provider_xy_crs_unconfirmed","households":132,"kapt_code":"A10078102","name":"파라다이스","property_aptseq_join":"not_established","source_id":"seoul-openaptinfo"},"type":"Feature"},{"geometry":{"coordinates":[127.0187194,37.5606081],"type":"Point"},"id":"A10078103","properties":{"coordinate_status":"provider_xy_crs_unconfirmed","households":158,"kapt_code":"A10078103","name":"청구e편한세상임대","property_aptseq_join":"not_established","source_id":"seoul-openaptinfo"},"type":"Feature"},{"geometry":{"coordinates":[127.0232537,37.5614662],"type":"Point"},"id":"A10078901","properties":{"coordinate_status":"provider_xy_crs_unconfirmed","households":784,"kapt_code":"A10078901","name":"래미안신당하이베르","property_aptseq_join":"not_established","source_id":"seoul-openaptinfo"},"type":"Feature"},{"geometry":{"coordinates":[127.0227976,37.5613365],"type":"Point"},"id":"A10078902","properties":{"coordinate_status":"provider_xy_crs_unconfirmed","households":161,"kapt_code":"A10078902","name":"래미안신당하이베르임대","property_aptseq_join":"not_established","source_id":"seoul-openaptinfo"},"type":"Feature"},{"geometry":{"coordinates":[126.9669575,37.5558961],"type":"Point"},"id":"A10080701","properties":{"coordinate_status":"provider_xy_crs_unconfirmed","households":181,"kapt_code":"A10080701","name":"엘아이지서울역리가","property_aptseq_join":"not_established","source_id":"seoul-openaptinfo"},"type":"Feature"},{"geometry":{"coordinates":[126.9643574,37.5573531],"type":"Point"},"id":"A10085902","properties":{"coordinate_status":"provider_xy_crs_unconfirmed","households":355,"kapt_code":"A10085902","name":"중림삼성래미안아파트","property_aptseq_join":"not_established","source_id":"seoul-openaptinfo"},"type":"Feature"},{"geometry":{"coordinates":[126.9653021,37.5581126],"type":"Point"},"id":"A10085903","properties":{"coordinate_status":"provider_xy_crs_unconfirmed","households":712,"kapt_code":"A10085903","name":"중림삼성사이버빌리지","property_aptseq_join":"not_established","source_id":"seoul-openaptinfo"},"type":"Feature"},{"geometry":{"coordinates":[126.9959355,37.5624272],"type":"Point"},"id":"A10086301","properties":{"coordinate_status":"provider_xy_crs_unconfirmed","households":286,"kapt_code":"A10086301","name":"충무로진양","property_aptseq_join":"not_established","source_id":"seoul-openaptinfo"},"type":"Feature"},{"geometry":{"coordinates":[127.0214788,37.5664017],"type":"Point"},"id":"A10086801","properties":{"coordinate_status":"provider_xy_crs_unconfirmed","households":263,"kapt_code":"A10086801","name":"황학아크로타워","property_aptseq_join":"unique_official_road_address_and_name","property_complex_id":"molit-apt:11140:11140-1106","property_release_id":"property-eea48453a819f517","source_id":"seoul-openaptinfo"},"type":"Feature"},{"geometry":{"coordinates":[126.9806109,37.5591878],"type":"Point"},"id":"A10088101","properties":{"coordinate_status":"provider_xy_crs_unconfirmed","households":233,"kapt_code":"A10088101","name":"남산SK리더스뷰","property_aptseq_join":"not_established","source_id":"seoul-openaptinfo"},"type":"Feature"},{"geometry":{"coordinates":[126.9815848,37.5585392],"type":"Point"},"id":"A10088102","properties":{"coordinate_status":"provider_xy_crs_unconfirmed","households":386,"kapt_code":"A10088102","name":"남산롯데캐슬아이리스","property_aptseq_join":"unique_official_road_address_and_name","property_complex_id":"molit-apt:11140:11140-1142","property_release_id":"property-eea48453a819f517","source_id":"seoul-openaptinfo"},"type":"Feature"},{"geometry":{"coordinates":[127.015438181,37.565762209],"type":"Point"},"id":"A10095501","properties":{"coordinate_status":"provider_xy_crs_unconfirmed","households":297,"kapt_code":"A10095501","name":"동대문와이즈캐슬","property_aptseq_join":"unique_official_road_address_and_name","property_complex_id":"molit-apt:11140:11140-1220","property_release_id":"property-eea48453a819f517","source_id":"seoul-openaptinfo"},"type":"Feature"},{"geometry":{"coordinates":[127.017090685,37.566864484],"type":"Point"},"id":"A10095502","properties":{"coordinate_status":"provider_xy_crs_unconfirmed","households":0,"kapt_code":"A10095502","name":"청계천두산위브더제니스","property_aptseq_join":"unique_official_road_address_and_name","property_complex_id":"molit-apt:11140:11140-1226","property_release_id":"property-eea48453a819f517","source_id":"seoul-openaptinfo"},"type":"Feature"},{"geometry":{"coordinates":[126.9783329,37.6107886],"type":"Point"},"id":"A11001203","properties":{"coordinate_status":"provider_xy_crs_unconfirmed","households":176,"kapt_code":"A11001203","name":"평창삼성","property_aptseq_join":"not_established","source_id":"seoul-openaptinfo"},"type":"Feature"},{"geometry":{"coordinates":[126.9686008,37.5744035],"type":"Point"},"id":"A11005401","properties":{"coordinate_status":"provider_xy_crs_unconfirmed","households":744,"kapt_code":"A11005401","name":"광화문스페이스본 아파트","property_aptseq_join":"not_established","source_id":"seoul-openaptinfo"},"type":"Feature"},{"geometry":{"coordinates":[126.9720155,37.5736451],"type":"Point"},"id":"A11007001","properties":{"coordinate_status":"provider_xy_crs_unconfirmed","households":150,"kapt_code":"A11007001","name":"경희궁의아침3단지","property_aptseq_join":"unique_official_road_address_and_name","property_complex_id":"molit-apt:11110:11110-116","property_release_id":"property-eea48453a819f517","source_id":"seoul-openaptinfo"},"type":"Feature"},{"geometry":{"coordinates":[126.9584344,37.5757134],"type":"Point"},"id":"A11008001","properties":{"coordinate_status":"provider_xy_crs_unconfirmed","households":550,"kapt_code":"A11008001","name":"무악현대임대아파트","property_aptseq_join":"not_established","source_id":"seoul-openaptinfo"},"type":"Feature"},{"geometry":{"coordinates":[126.990057,37.5751303],"type":"Point"},"id":"A11034001","properties":{"coordinate_status":"provider_xy_crs_unconfirmed","households":291,"kapt_code":"A11034001","name":"현대뜨레비앙","property_aptseq_join":"unique_official_road_address_and_name","property_complex_id":"molit-apt:11110:11110-102","property_release_id":"property-eea48453a819f517","source_id":"seoul-openaptinfo"},"type":"Feature"},{"geometry":{"coordinates":[126.9983959,37.571436],"type":"Point"},"id":"A11041001","properties":{"coordinate_status":"provider_xy_crs_unconfirmed","households":298,"kapt_code":"A11041001","name":"효성주얼리시티아파트","property_aptseq_join":"not_established","source_id":"seoul-openaptinfo"},"type":"Feature"},{"geometry":{"coordinates":[126.9992985,37.5859111],"type":"Point"},"id":"A11052201","properties":{"coordinate_status":"provider_xy_crs_unconfirmed","households":436,"kapt_code":"A11052201","name":"명륜아남1차","property_aptseq_join":"not_established","source_id":"seoul-openaptinfo"},"type":"Feature"},{"geometry":{"coordinates":[127.0142935,37.574221],"type":"Point"},"id":"A11054101","properties":{"coordinate_status":"provider_xy_crs_unconfirmed","households":529,"kapt_code":"A11054101","name":"창신두산","property_aptseq_join":"not_established","source_id":"seoul-openaptinfo"},"type":"Feature"},{"geometry":{"coordinates":[127.0140195,37.5805173],"type":"Point"},"id":"A11054301","properties":{"coordinate_status":"provider_xy_crs_unconfirmed","households":585,"kapt_code":"A11054301","name":"창신쌍용1단지","property_aptseq_join":"not_established","source_id":"seoul-openaptinfo"},"type":"Feature"},{"geometry":{"coordinates":[127.0211388,37.5759616],"type":"Point"},"id":"A11055002","properties":{"coordinate_status":"provider_xy_crs_unconfirmed","households":288,"kapt_code":"A11055002","name":"종로청계힐스테이트","property_aptseq_join":"unique_official_road_address_and_name","property_complex_id":"molit-apt:11110:11110-2234","property_release_id":"property-eea48453a819f517","source_id":"seoul-openaptinfo"},"type":"Feature"},{"geometry":{"coordinates":[127.0002684,37.585619],"type":"Point"},"id":"A11076701","properties":{"coordinate_status":"provider_xy_crs_unconfirmed","households":136,"kapt_code":"A11076701","name":"주상복합아남아파트","property_aptseq_join":"not_established","source_id":"seoul-openaptinfo"},"type":"Feature"},{"geometry":{"coordinates":[127.0117627,37.5806115],"type":"Point"},"id":"A11077101","properties":{"coordinate_status":"provider_xy_crs_unconfirmed","households":919,"kapt_code":"A11077101","name":"창신쌍용아파트2단지","property_aptseq_join":"not_established","source_id":"seoul-openaptinfo"},"type":"Feature"},{"geometry":{"coordinates":[126.9572222,37.5771174],"type":"Point"},"id":"A11081302","properties":{"coordinate_status":"provider_xy_crs_unconfirmed","households":810,"kapt_code":"A11081302","name":"인왕산아이파크","property_aptseq_join":"not_established","source_id":"seoul-openaptinfo"},"type":"Feature"},{"geometry":{"coordinates":[126.960306,37.5751953],"type":"Point"},"id":"A11081503","properties":{"coordinate_status":"provider_xy_crs_unconfirmed","households":964,"kapt_code":"A11081503","name":"무악현대아파트","property_aptseq_join":"not_established","source_id":"seoul-openaptinfo"},"type":"Feature"},{"geometry":{"coordinates":[126.9756922,37.6091332],"type":"Point"},"id":"A11084601","properties":{"coordinate_status":"provider_xy_crs_unconfirmed","households":156,"kapt_code":"A11084601","name":"평창롯데","property_aptseq_join":"not_established","source_id":"seoul-openaptinfo"},"type":"Feature"},{"geometry":{"coordinates":[127.0161891,37.5738554],"type":"Point"},"id":"A11087601","properties":{"coordinate_status":"provider_xy_crs_unconfirmed","households":220,"kapt_code":"A11087601","name":"롯데캐슬천지인","property_aptseq_join":"unique_official_road_address_and_name","property_complex_id":"molit-apt:11110:11110-152","property_release_id":"property-eea48453a819f517","source_id":"seoul-openaptinfo"},"type":"Feature"},{"geometry":{"coordinates":[127.015931,37.5809831],"type":"Point"},"id":"A11087602","properties":{"coordinate_status":"provider_xy_crs_unconfirmed","households":416,"kapt_code":"A11087602","name":"종로센트레빌","property_aptseq_join":"unique_official_road_address_and_name","property_complex_id":"molit-apt:11110:11110-2224","property_release_id":"property-eea48453a819f517","source_id":"seoul-openaptinfo"},"type":"Feature"},{"geometry":{"coordinates":[127.0499952,37.4997285],"type":"Point"},"id":"A12003001","properties":{"coordinate_status":"provider_xy_crs_unconfirmed","households":180,"kapt_code":"A12003001","name":"충정로 skview 아파트","property_aptseq_join":"not_established","source_id":"seoul-openaptinfo"},"type":"Feature"},{"geometry":{"coordinates":[126.958455,37.5676522],"type":"Point"},"id":"A12004001","properties":{"coordinate_status":"provider_xy_crs_unconfirmed","households":1008,"kapt_code":"A12004001","name":"서대문천연뜨란채아파트","property_aptseq_join":"not_established","source_id":"seoul-openaptinfo"},"type":"Feature"},{"geometry":{"coordinates":[126.9598553,37.5663309],"type":"Point"},"id":"A12005001","properties":{"coordinate_status":"provider_xy_crs_unconfirmed","households":237,"kapt_code":"A12005001","name":"냉천동부센트레빌","property_aptseq_join":"not_established","source_id":"seoul-openaptinfo"},"type":"Feature"},{"geometry":{"coordinates":[126.9584462,37.5703141],"type":"Point"},"id":"A12007001","properties":{"coordinate_status":"provider_xy_crs_unconfirmed","households":895,"kapt_code":"A12007001","name":"독립문삼호","property_aptseq_join":"unique_official_road_address_and_name","property_complex_id":"molit-apt:11410:11410-9","property_release_id":"property-eea48453a819f517","source_id":"seoul-openaptinfo"},"type":"Feature"},{"geometry":{"coordinates":[126.9514854,37.5749642],"type":"Point"},"id":"A12008001","properties":{"coordinate_status":"provider_xy_crs_unconfirmed","households":290,"kapt_code":"A12008001","name":"독립문파크빌","property_aptseq_join":"unique_official_road_address_and_name","property_complex_id":"molit-apt:11410:11410-11","property_release_id":"property-eea48453a819f517","source_id":"seoul-openaptinfo"},"type":"Feature"},{"geometry":{"coordinates":[126.9567073,37.5720665],"type":"Point"},"id":"A12008003","properties":{"coordinate_status":"provider_xy_crs_unconfirmed","households":1300,"kapt_code":"A12008003","name":"독립문극동","property_aptseq_join":"not_established","source_id":"seoul-openaptinfo"},"type":"Feature"},{"geometry":{"coordinates":[126.9523764,37.5951028],"type":"Point"},"id":"A12009001","properties":{"coordinate_status":"provider_xy_crs_unconfirmed","households":150,"kapt_code":"A12009001","name":"홍제유원하나제2","property_aptseq_join":"not_established","source_id":"seoul-openaptinfo"},"type":"Feature"},{"geometry":{"coordinates":[126.9381745,37.5887933],"type":"Point"},"id":"A12009101","properties":{"coordinate_status":"provider_xy_crs_unconfirmed","households":192,"kapt_code":"A12009101","name":"홍제남양","property_aptseq_join":"not_established","source_id":"seoul-openaptinfo"},"type":"Feature"},{"geometry":{"coordinates":[126.9414014,37.5890017],"type":"Point"},"id":"A12009102","properties":{"coordinate_status":"provider_xy_crs_unconfirmed","households":704,"kapt_code":"A12009102","name":"홍제현대아파트","property_aptseq_join":"unique_official_road_address_and_name","property_complex_id":"molit-apt:11410:11410-68","property_release_id":"property-eea48453a819f517","source_id":"seoul-openaptinfo"},"type":"Feature"},{"geometry":{"coordinates":[126.9494371,37.5887167],"type":"Point"},"id":"A12009201","properties":{"coordinate_status":"provider_xy_crs_unconfirmed","households":242,"kapt_code":"A12009201","name":"홍제성원아파트","property_aptseq_join":"not_established","source_id":"seoul-openaptinfo"},"type":"Feature"},{"geometry":{"coordinates":[126.9508555,37.5784484],"type":"Point"},"id":"A12009202","properties":{"coordinate_status":"provider_xy_crs_unconfirmed","households":474,"kapt_code":"A12009202","name":"홍제삼성래미안","property_aptseq_join":"unique_official_road_address_and_name","property_complex_id":"molit-apt:11410:11410-71","property_release_id":"property-eea48453a819f517","source_id":"seoul-openaptinfo"},"type":"Feature"},{"geometry":{"coordinates":[126.9520597,37.5819293],"type":"Point"},"id":"A12009203","properties":{"coordinate_status":"provider_xy_crs_unconfirmed","households":862,"kapt_code":"A12009203","name":"홍제무악청구1차","property_aptseq_join":"not_established","source_id":"seoul-openaptinfo"},"type":"Feature"},{"geometry":{"coordinates":[126.948372,37.5921958],"type":"Point"},"id":"A12009302","properties":{"coordinate_status":"provider_xy_crs_unconfirmed","households":236,"kapt_code":"A12009302","name":"인왕산벽산아파트","property_aptseq_join":"unique_official_road_address_and_name","property_complex_id":"molit-apt:11410:11410-59","property_release_id":"property-eea48453a819f517","source_id":"seoul-openaptinfo"},"type":"Feature"},{"geometry":{"coordinates":[126.9491411,37.5892439],"type":"Point"},"id":"A12009303","properties":{"coordinate_status":"provider_xy_crs_unconfirmed","households":240,"kapt_code":"A12009303","name":"홍제현대그린","property_aptseq_join":"not_established","source_id":"seoul-openaptinfo"},"type":"Feature"},{"geometry":{"coordinates":[126.9523764,37.5951028],"type":"Point"},"id":"A12009304","properties":{"coordinate_status":"provider_xy_crs_unconfirmed","households":554,"kapt_code":"A12009304","name":"홍제유원하나","property_aptseq_join":"not_established","source_id":"seoul-openaptinfo"},"type":"Feature"},{"geometry":{"coordinates":[126.9494989,37.592258],"type":"Point"},"id":"A12009305","properties":{"coordinate_status":"provider_xy_crs_unconfirmed","households":768,"kapt_code":"A12009305","name":"문화촌현대","property_aptseq_join":"unique_official_road_address_and_name","property_complex_id":"molit-apt:11410:11410-49","property_release_id":"property-eea48453a819f517","source_id":"seoul-openaptinfo"},"type":"Feature"},{"geometry":{"coordinates":[126.9439015,37.5991679],"type":"Point"},"id":"A12010001","properties":{"coordinate_status":"provider_xy_crs_unconfirmed","households":195,"kapt_code":"A12010001","name":"홍은동원베네스트","property_aptseq_join":"not_established","source_id":"seoul-openaptinfo"},"type":"Feature"},{"geometry":{"coordinates":[126.9420732,37.5949317],"type":"Point"},"id":"A12010101","properties":{"coordinate_status":"provider_xy_crs_unconfirmed","households":181,"kapt_code":"A12010101","name":"홍은풍림1차","property_aptseq_join":"not_established","source_id":"seoul-openaptinfo"},"type":"Feature"},{"geometry":{"coordinates":[126.943037,37.5932796],"type":"Point"},"id":"A12010103","properties":{"coordinate_status":"provider_xy_crs_unconfirmed","households":390,"kapt_code":"A12010103","name":"홍은풍림2차","property_aptseq_join":"not_established","source_id":"seoul-openaptinfo"},"type":"Feature"},{"geometry":{"coordinates":[126.9455393,37.5954557],"type":"Point"},"id":"A12010104","properties":{"coordinate_status":"provider_xy_crs_unconfirmed","households":1509,"kapt_code":"A12010104","name":"홍은벽산","property_aptseq_join":"not_established","source_id":"seoul-openaptinfo"},"type":"Feature"},{"geometry":{"coordinates":[126.9378412,37.5972741],"type":"Point"},"id":"A12010202","properties":{"coordinate_status":"provider_xy_crs_unconfirmed","households":333,"kapt_code":"A12010202","name":"홍은풍림아이원","property_aptseq_join":"not_established","source_id":"seoul-openaptinfo"},"type":"Feature"},{"geometry":{"coordinates":[126.9509978,37.6030233],"type":"Point"},"id":"A12010203","properties":{"coordinate_status":"provider_xy_crs_unconfirmed","households":488,"kapt_code":"A12010203","name":"홍은극동","property_aptseq_join":"not_established","source_id":"seoul-openaptinfo"},"type":"Feature"},{"geometry":{"coordinates":[126.9295194,37.5615291],"type":"Point"},"id":"A12011002","properties":{"coordinate_status":"provider_xy_crs_unconfirmed","households":562,"kapt_code":"A12011002","name":"연희대우","property_aptseq_join":"not_established","source_id":"seoul-openaptinfo"},"type":"Feature"},{"geometry":{"coordinates":[126.9126716,37.5719992],"type":"Point"},"id":"A12012101","properties":{"coordinate_status":"provider_xy_crs_unconfirmed","households":503,"kapt_code":"A12012101","name":"래미안남가좌2차","property_aptseq_join":"unique_official_road_address_and_name","property_complex_id":"molit-apt:11410:11410-3524","property_release_id":"property-eea48453a819f517","source_id":"seoul-openaptinfo"},"type":"Feature"},{"geometry":{"coordinates":[126.9160723,37.5786616],"type":"Point"},"id":"A12012201","properties":{"coordinate_status":"provider_xy_crs_unconfirmed","households":358,"kapt_code":"A12012201","name":"DMC래미안클라시스","property_aptseq_join":"not_established","source_id":"seoul-openaptinfo"},"type":"Feature"},{"geometry":{"coordinates":[126.9165687,37.577934],"type":"Point"},"id":"A12012202","properties":{"coordinate_status":"provider_xy_crs_unconfirmed","households":1114,"kapt_code":"A12012202","name":"DMC래미안클라시스(분양)","property_aptseq_join":"not_established","source_id":"seoul-openaptinfo"},"type":"Feature"},{"geometry":{"coordinates":[126.9195759,37.5747049],"type":"Point"},"id":"A12012203","properties":{"coordinate_status":"provider_xy_crs_unconfirmed","households":1155,"kapt_code":"A12012203","name":"남가좌동현대아파트","property_aptseq_join":"not_established","source_id":"seoul-openaptinfo"},"type":"Feature"},{"geometry":{"coordinates":[126.912154,37.5773849],"type":"Point"},"id":"A12013001","properties":{"coordinate_status":"provider_xy_crs_unconfirmed","households":197,"kapt_code":"A12013001","name":"DMC휴먼빌","property_aptseq_join":"unique_official_road_address_and_name","property_complex_id":"molit-apt:11410:11410-3608","property_release_id":"property-eea48453a819f517","source_id":"seoul-openaptinfo"},"type":"Feature"},{"geometry":{"coordinates":[126.9141298,37.5757029],"type":"Point"},"id":"A12013002","properties":{"coordinate_status":"provider_xy_crs_unconfirmed","households":362,"kapt_code":"A12013002","name":"DMC아이파크","property_aptseq_join":"unique_official_road_address_and_name","property_complex_id":"molit-apt:11410:11410-3856","property_release_id":"property-eea48453a819f517","source_id":"seoul-openaptinfo"},"type":"Feature"},{"geometry":{"coordinates":[126.9109013,37.572773],"type":"Point"},"id":"A12013003","properties":{"coordinate_status":"provider_xy_crs_unconfirmed","households":3293,"kapt_code":"A12013003","name":"DMC래미안e편한세상","property_aptseq_join":"unique_official_road_address_and_name","property_complex_id":"molit-apt:11410:11410-4085","property_release_id":"property-eea48453a819f517","source_id":"seoul-openaptinfo"},"type":"Feature"},{"geometry":{"coordinates":[126.9079507,37.5768106],"type":"Point"},"id":"A12013101","properties":{"coordinate_status":"provider_xy_crs_unconfirmed","households":213,"kapt_code":"A12013101","name":"디엠씨현대","property_aptseq_join":"not_established","source_id":"seoul-openaptinfo"},"type":"Feature"},{"geometry":{"coordinates":[126.9172378,37.5802688],"type":"Point"},"id":"A12013201","properties":{"coordinate_status":"provider_xy_crs_unconfirmed","households":235,"kapt_code":"A12013201","name":"DMC두산위브","property_aptseq_join":"unique_official_road_address_and_name","property_complex_id":"molit-apt:11410:11410-3677","property_release_id":"property-eea48453a819f517","source_id":"seoul-openaptinfo"},"type":"Feature"},{"geometry":{"coordinates":[126.9131574,37.5765711],"type":"Point"},"id":"A12013202","properties":{"coordinate_status":"provider_xy_crs_unconfirmed","households":616,"kapt_code":"A12013202","name":"북가좌삼호","property_aptseq_join":"not_established","source_id":"seoul-openaptinfo"},"type":"Feature"},{"geometry":{"coordinates":[126.9479632,37.5595234],"type":"Point"},"id":"A12017001","properties":{"coordinate_status":"provider_xy_crs_unconfirmed","households":855,"kapt_code":"A12017001","name":"신촌럭키","property_aptseq_join":"unique_official_road_address_and_name","property_complex_id":"molit-apt:11410:11410-22","property_release_id":"property-eea48453a819f517","source_id":"seoul-openaptinfo"},"type":"Feature"},{"geometry":{"coordinates":[126.9613516,37.5662487],"type":"Point"},"id":"A12070101","properties":{"coordinate_status":"provider_xy_crs_unconfirmed","households":561,"kapt_code":"A12070101","name":"돈의문센트레빌","property_aptseq_join":"unique_official_road_address_and_name","property_complex_id":"molit-apt:11410:11410-3906","property_release_id":"property-eea48453a819f517","source_id":"seoul-openaptinfo"},"type":"Feature"},{"geometry":{"coordinates":[126.9651045,37.5604168],"type":"Point"},"id":"A12070201","properties":{"coordinate_status":"provider_xy_crs_unconfirmed","households":258,"kapt_code":"A12070201","name":"충정리시온","property_aptseq_join":"unique_official_road_address_and_name","property_complex_id":"molit-apt:11410:11410-141","property_release_id":"property-eea48453a819f517","source_id":"seoul-openaptinfo"},"type":"Feature"},{"geometry":{"coordinates":[126.9316681,37.579183],"type":"Point"},"id":"A12071001","properties":{"coordinate_status":"provider_xy_crs_unconfirmed","households":294,"kapt_code":"A12071001","name":"홍은두산","property_aptseq_join":"not_established","source_id":"seoul-openaptinfo"},"type":"Feature"},{"geometry":{"coordinates":[126.9378412,37.5972741],"type":"Point"},"id":"A12071002","properties":{"coordinate_status":"provider_xy_crs_unconfirmed","households":201,"kapt_code":"A12071002","name":"홍은동부센트레빌","property_aptseq_join":"not_established","source_id":"seoul-openaptinfo"},"type":"Feature"},{"geometry":{"coordinates":[126.935449,37.5938186],"type":"Point"},"id":"A12071003","properties":{"coordinate_status":"provider_xy_crs_unconfirmed","households":300,"kapt_code":"A12071003","name":"홍은동미성아파트","property_aptseq_join":"not_established","source_id":"seoul-openaptinfo"},"type":"Feature"},{"geometry":{"coordinates":[126.9391726,37.5764491],"type":"Point"},"id":"A12071101","properties":{"coordinate_status":"provider_xy_crs_unconfirmed","households":581,"kapt_code":"A12071101","name":"연희성원","property_aptseq_join":"not_established","source_id":"seoul-openaptinfo"},"type":"Feature"},{"geometry":{"coordinates":[126.927128,37.5652014],"type":"Point"},"id":"A12071102","properties":{"coordinate_status":"provider_xy_crs_unconfirmed","households":212,"kapt_code":"A12071102","name":"연희임광아파트","property_aptseq_join":"not_established","source_id":"seoul-openaptinfo"},"type":"Feature"},{"geometry":{"coordinates":[126.9362953,37.5754721],"type":"Point"},"id":"A12071103","properties":{"coordinate_status":"provider_xy_crs_unconfirmed","households":220,"kapt_code":"A12071103","name":"연희대림아파트","property_aptseq_join":"not_established","source_id":"seoul-openaptinfo"},"type":"Feature"},{"geometry":{"coordinates":[126.9281324,37.56397],"type":"Point"},"id":"A12071104","properties":{"coordinate_status":"provider_xy_crs_unconfirmed","households":186,"kapt_code":"A12071104","name":"연희자이엘라","property_aptseq_join":"unique_official_road_address_and_name","property_complex_id":"molit-apt:11410:11410-4254","property_release_id":"property-eea48453a819f517","source_id":"seoul-openaptinfo"},"type":"Feature"},{"geometry":{"coordinates":[126.9156652,37.5759769],"type":"Point"},"id":"A12072801","properties":{"coordinate_status":"provider_xy_crs_unconfirmed","households":473,"kapt_code":"A12072801","name":"DMC센트레빌","property_aptseq_join":"unique_official_road_address_and_name","property_complex_id":"molit-apt:11410:11410-3900","property_release_id":"property-eea48453a819f517","source_id":"seoul-openaptinfo"},"type":"Feature"},{"geometry":{"coordinates":[126.920496,37.5747183],"type":"Point"},"id":"A12072802","properties":{"coordinate_status":"provider_xy_crs_unconfirmed","households":330,"kapt_code":"A12072802","name":"남가좌현대제2","property_aptseq_join":"not_established","source_id":"seoul-openaptinfo"},"type":"Feature"},{"geometry":{"coordinates":[126.9121106,37.5768267],"type":"Point"},"id":"A12076601","properties":{"coordinate_status":"provider_xy_crs_unconfirmed","households":267,"kapt_code":"A12076601","name":"북가좌삼호제2","property_aptseq_join":"not_established","source_id":"seoul-openaptinfo"},"type":"Feature"},{"geometry":{"coordinates":[126.9516215,37.5838257],"type":"Point"},"id":"A12078201","properties":{"coordinate_status":"provider_xy_crs_unconfirmed","households":246,"kapt_code":"A12078201","name":"인왕산현대","property_aptseq_join":"not_established","source_id":"seoul-openaptinfo"},"type":"Feature"},{"geometry":{"coordinates":[126.9495987,37.5876675],"type":"Point"},"id":"A12078704","properties":{"coordinate_status":"provider_xy_crs_unconfirmed","households":939,"kapt_code":"A12078704","name":"홍제원 현대","property_aptseq_join":"not_established","source_id":"seoul-openaptinfo"},"type":"Feature"},{"geometry":{"coordinates":[126.9501007,37.5856879],"type":"Point"},"id":"A12078705","properties":{"coordinate_status":"provider_xy_crs_unconfirmed","households":700,"kapt_code":"A12078705","name":"홍제인왕산현대","property_aptseq_join":"not_established","source_id":"seoul-openaptinfo"},"type":"Feature"},{"geometry":{"coordinates":[126.9528765,37.5804108],"type":"Point"},"id":"A12078706","properties":{"coordinate_status":"provider_xy_crs_unconfirmed","households":228,"kapt_code":"A12078706","name":"홍제청구3차","property_aptseq_join":"not_established","source_id":"seoul-openaptinfo"},"type":"Feature"},{"geometry":{"coordinates":[126.9505613,37.5866004],"type":"Point"},"id":"A12078707","properties":{"coordinate_status":"provider_xy_crs_unconfirmed","households":482,"kapt_code":"A12078707","name":"홍제원현대임대","property_aptseq_join":"not_established","source_id":"seoul-openaptinfo"},"type":"Feature"},{"geometry":{"coordinates":[126.9501114,37.5591855],"type":"Point"},"id":"A12079501","properties":{"coordinate_status":"provider_xy_crs_unconfirmed","households":956,"kapt_code":"A12079501","name":"북아현두산","property_aptseq_join":"not_established","source_id":"seoul-openaptinfo"},"type":"Feature"},{"geometry":{"coordinates":[126.9548958,37.5725382],"type":"Point"},"id":"A12079601","properties":{"coordinate_status":"provider_xy_crs_unconfirmed","households":600,"kapt_code":"A12079601","name":"독립문극동임대","property_aptseq_join":"not_established","source_id":"seoul-openaptinfo"},"type":"Feature"},{"geometry":{"coordinates":[126.9040715,37.5765928],"type":"Point"},"id":"A12081602","properties":{"coordinate_status":"provider_xy_crs_unconfirmed","households":254,"kapt_code":"A12081602","name":"월드컵현대","property_aptseq_join":"unique_official_road_address_and_name","property_complex_id":"molit-apt:11410:11410-107","property_release_id":"property-eea48453a819f517","source_id":"seoul-openaptinfo"},"type":"Feature"},{"geometry":{"coordinates":[126.9091078,37.5759022],"type":"Point"},"id":"A12081703","properties":{"coordinate_status":"provider_xy_crs_unconfirmed","households":660,"kapt_code":"A12081703","name":"디엠씨한양","property_aptseq_join":"not_established","source_id":"seoul-openaptinfo"},"type":"Feature"},{"geometry":{"coordinates":[126.9446692,37.5975121],"type":"Point"},"id":"A12084302","properties":{"coordinate_status":"provider_xy_crs_unconfirmed","households":299,"kapt_code":"A12084302","name":"유원홍은","property_aptseq_join":"not_established","source_id":"seoul-openaptinfo"},"type":"Feature"},{"geometry":{"coordinates":[126.938788,37.5905613],"type":"Point"},"id":"A12084504","properties":{"coordinate_status":"provider_xy_crs_unconfirmed","households":610,"kapt_code":"A12084504","name":"홍은현대","property_aptseq_join":"not_established","source_id":"seoul-openaptinfo"},"type":"Feature"},{"geometry":{"coordinates":[126.9475449,37.5830058],"type":"Point"},"id":"A12085303","properties":{"coordinate_status":"provider_xy_crs_unconfirmed","households":998,"kapt_code":"A12085303","name":"홍제한양","property_aptseq_join":"unique_official_road_address_and_name","property_complex_id":"molit-apt:11410:11410-67","property_release_id":"property-eea48453a819f517","source_id":"seoul-openaptinfo"},"type":"Feature"},{"geometry":{"coordinates":[126.9466544,37.5935653],"type":"Point"},"id":"A12086001","properties":{"coordinate_status":"provider_xy_crs_unconfirmed","households":214,"kapt_code":"A12086001","name":"홍제태영으뜸","property_aptseq_join":"not_established","source_id":"seoul-openaptinfo"},"type":"Feature"},{"geometry":{"coordinates":[126.9591333,37.5563617],"type":"Point"},"id":"A12101001","properties":{"coordinate_status":"provider_xy_crs_unconfirmed","households":208,"kapt_code":"A12101001","name":"서서울삼성아파트","property_aptseq_join":"unique_official_road_address_and_name","property_complex_id":"molit-apt:11440:11440-1","property_release_id":"property-eea48453a819f517","source_id":"seoul-openaptinfo"},"type":"Feature"},{"geometry":{"coordinates":[126.9554496,37.5471128],"type":"Point"},"id":"A12102002","properties":{"coordinate_status":"provider_xy_crs_unconfirmed","households":192,"kapt_code":"A12102002","name":"공덕한화꿈에그린","property_aptseq_join":"not_established","source_id":"seoul-openaptinfo"},"type":"Feature"},{"geometry":{"coordinates":[126.9496256,37.549767],"type":"Point"},"id":"A12102005","properties":{"coordinate_status":"provider_xy_crs_unconfirmed","households":480,"kapt_code":"A12102005","name":"마포현대아파트","property_aptseq_join":"unique_official_road_address_and_name","property_complex_id":"molit-apt:11440:11440-6","property_release_id":"property-eea48453a819f517","source_id":"seoul-openaptinfo"},"type":"Feature"},{"geometry":{"coordinates":[126.9595592,37.5509157],"type":"Point"},"id":"A12102008","properties":{"coordinate_status":"provider_xy_crs_unconfirmed","households":683,"kapt_code":"A12102008","name":"삼성래미안공덕2차","property_aptseq_join":"not_established","source_id":"seoul-openaptinfo"},"type":"Feature"},{"geometry":{"coordinates":[126.9569018,37.5454825],"type":"Point"},"id":"A12103002","properties":{"coordinate_status":"provider_xy_crs_unconfirmed","households":366,"kapt_code":"A12103002","name":"신공덕3차삼성래미안","property_aptseq_join":"not_established","source_id":"seoul-openaptinfo"},"type":"Feature"},{"geometry":{"coordinates":[126.9528726,37.5435044],"type":"Point"},"id":"A12103006","properties":{"coordinate_status":"provider_xy_crs_unconfirmed","households":242,"kapt_code":"A12103006","name":"대우메트로디오빌","property_aptseq_join":"unique_official_road_address_and_name","property_complex_id":"molit-apt:11440:11440-4071","property_release_id":"property-eea48453a819f517","source_id":"seoul-openaptinfo"},"type":"Feature"},{"geometry":{"coordinates":[126.9539119,37.5402834],"type":"Point"},"id":"A12104001","properties":{"coordinate_status":"provider_xy_crs_unconfirmed","households":196,"kapt_code":"A12104001","name":"도화현대","property_aptseq_join":"not_established","source_id":"seoul-openaptinfo"},"type":"Feature"},{"geometry":{"coordinates":[126.9502808,37.5401501],"type":"Point"},"id":"A12104005","properties":{"coordinate_status":"provider_xy_crs_unconfirmed","households":982,"kapt_code":"A12104005","name":"마포삼성","property_aptseq_join":"not_established","source_id":"seoul-openaptinfo"},"type":"Feature"},{"geometry":{"coordinates":[126.9473837,37.5369085],"type":"Point"},"id":"A12104007","properties":{"coordinate_status":"provider_xy_crs_unconfirmed","households":1222,"kapt_code":"A12104007","name":"마포도화우성아파트","property_aptseq_join":"not_established","source_id":"seoul-openaptinfo"},"type":"Feature"},{"geometry":{"coordinates":[126.9456451,37.5371661],"type":"Point"},"id":"A12105001","properties":{"coordinate_status":"provider_xy_crs_unconfirmed","households":339,"kapt_code":"A12105001","name":"마포쌍용황금","property_aptseq_join":"unique_official_road_address_and_name","property_complex_id":"molit-apt:11440:11440-30","property_release_id":"property-eea48453a819f517","source_id":"seoul-openaptinfo"},"type":"Feature"},{"geometry":{"coordinates":[126.9413292,37.5394266],"type":"Point"},"id":"A12106001","properties":{"coordinate_status":"provider_xy_crs_unconfirmed","households":456,"kapt_code":"A12106001","name":"토정한강삼성","property_aptseq_join":"not_established","source_id":"seoul-openaptinfo"},"type":"Feature"},{"geometry":{"coordinates":[126.9451908,37.5433293],"type":"Point"},"id":"A12109001","properties":{"coordinate_status":"provider_xy_crs_unconfirmed","households":534,"kapt_code":"A12109001","name":"마포자이","property_aptseq_join":"unique_official_road_address_and_name","property_complex_id":"molit-apt:11440:11440-147","property_release_id":"property-eea48453a819f517","source_id":"seoul-openaptinfo"},"type":"Feature"},{"geometry":{"coordinates":[126.9467985,37.5489719],"type":"Point"},"id":"A12109002","properties":{"coordinate_status":"provider_xy_crs_unconfirmed","households":574,"kapt_code":"A12109002","name":"염리삼성래미안","property_aptseq_join":"not_established","source_id":"seoul-openaptinfo"},"type":"Feature"},{"geometry":{"coordinates":[126.934029,37.5487707],"type":"Point"},"id":"A12111001","properties":{"coordinate_status":"provider_xy_crs_unconfirmed","households":160,"kapt_code":"A12111001","name":"마포경남아너스빌","property_aptseq_join":"unique_official_road_address_and_name","property_complex_id":"molit-apt:11440:11440-4078","property_release_id":"property-eea48453a819f517","source_id":"seoul-openaptinfo"},"type":"Feature"},{"geometry":{"coordinates":[126.9326689,37.5426551],"type":"Point"},"id":"A12112001","properties":{"coordinate_status":"provider_xy_crs_unconfirmed","households":219,"kapt_code":"A12112001","name":"밤섬현대","property_aptseq_join":"not_established","source_id":"seoul-openaptinfo"},"type":"Feature"},{"geometry":{"coordinates":[126.9336392,37.5433077],"type":"Point"},"id":"A12112002","properties":{"coordinate_status":"provider_xy_crs_unconfirmed","households":510,"kapt_code":"A12112002","name":"마포강변힐스테이트","property_aptseq_join":"not_established","source_id":"seoul-openaptinfo"},"type":"Feature"},{"geometry":{"coordinates":[126.931681,37.5440956],"type":"Point"},"id":"A12114001","properties":{"coordinate_status":"provider_xy_crs_unconfirmed","households":538,"kapt_code":"A12114001","name":"서강GS","property_aptseq_join":"unique_official_road_address_and_name","property_complex_id":"molit-apt:11440:11440-51","property_release_id":"property-eea48453a819f517","source_id":"seoul-openaptinfo"},"type":"Feature"},{"geometry":{"coordinates":[126.9281273,37.5448541],"type":"Point"},"id":"A12115001","properties":{"coordinate_status":"provider_xy_crs_unconfirmed","households":488,"kapt_code":"A12115001","name":"한강밤섬자이아파트","property_aptseq_join":"unique_official_road_address_and_name","property_complex_id":"molit-apt:11440:11440-4715","property_release_id":"property-eea48453a819f517","source_id":"seoul-openaptinfo"},"type":"Feature"},{"geometry":{"coordinates":[126.9302387,37.5462183],"type":"Point"},"id":"A12119004","properties":{"coordinate_status":"provider_xy_crs_unconfirmed","households":447,"kapt_code":"A12119004","name":"서강해모로","property_aptseq_join":"not_established","source_id":"seoul-openaptinfo"},"type":"Feature"},{"geometry":{"coordinates":[126.9295552,37.5484412],"type":"Point"},"id":"A12119006","properties":{"coordinate_status":"provider_xy_crs_unconfirmed","households":635,"kapt_code":"A12119006","name":"서강쌍용예가","property_aptseq_join":"not_established","source_id":"seoul-openaptinfo"},"type":"Feature"},{"geometry":{"coordinates":[126.9306956,37.5509952],"type":"Point"},"id":"A12119007","properties":{"coordinate_status":"provider_xy_crs_unconfirmed","households":640,"kapt_code":"A12119007","name":"창전삼성","property_aptseq_join":"not_established","source_id":"seoul-openaptinfo"},"type":"Feature"},{"geometry":{"coordinates":[126.898736,37.5586582],"type":"Point"},"id":"A12123001","properties":{"coordinate_status":"provider_xy_crs_unconfirmed","households":210,"kapt_code":"A12123001","name":"망원휴먼빌아파트","property_aptseq_join":"not_established","source_id":"seoul-openaptinfo"},"type":"Feature"},{"geometry":{"coordinates":[126.9053595,37.5697756],"type":"Point"},"id":"A12125001","properties":{"coordinate_status":"provider_xy_crs_unconfirmed","households":189,"kapt_code":"A12125001","name":"성산2차e-편한세상","property_aptseq_join":"unique_official_road_address_and_name","property_complex_id":"molit-apt:11440:11440-171","property_release_id":"property-eea48453a819f517","source_id":"seoul-openaptinfo"},"type":"Feature"},{"geometry":{"coordinates":[126.908252,37.5693576],"type":"Point"},"id":"A12125202","properties":{"coordinate_status":"provider_xy_crs_unconfirmed","households":795,"kapt_code":"A12125202","name":"성산월드타운대림","property_aptseq_join":"unique_official_road_address_and_name","property_complex_id":"molit-apt:11440:11440-118","property_release_id":"property-eea48453a819f517","source_id":"seoul-openaptinfo"},"type":"Feature"},{"geometry":{"coordinates":[126.8852677,37.5806443],"type":"Point"},"id":"A12127001","properties":{"coordinate_status":"provider_xy_crs_unconfirmed","households":436,"kapt_code":"A12127001","name":"상암월드컵파크5단지","property_aptseq_join":"unique_official_road_address_and_name","property_complex_id":"molit-apt:11440:11440-3929","property_release_id":"property-eea48453a819f517","source_id":"seoul-openaptinfo"},"type":"Feature"},{"geometry":{"coordinates":[126.8842686,37.5798306],"type":"Point"},"id":"A12127002","properties":{"coordinate_status":"provider_xy_crs_unconfirmed","households":484,"kapt_code":"A12127002","name":"상암월드컵파크6단지","property_aptseq_join":"unique_official_road_address_and_name","property_complex_id":"molit-apt:11440:11440-3928","property_release_id":"property-eea48453a819f517","source_id":"seoul-openaptinfo"},"type":"Feature"},{"geometry":{"coordinates":[126.8896983,37.5727883],"type":"Point"},"id":"A12127003","properties":{"coordinate_status":"provider_xy_crs_unconfirmed","households":540,"kapt_code":"A12127003","name":"상암월드컵파크3단지","property_aptseq_join":"unique_official_road_address_and_name","property_complex_id":"molit-apt:11440:11440-135","property_release_id":"property-eea48453a819f517","source_id":"seoul-openaptinfo"},"type":"Feature"},{"geometry":{"coordinates":[126.8915091,37.5749496],"type":"Point"},"id":"A12127004","properties":{"coordinate_status":"provider_xy_crs_unconfirmed","households":657,"kapt_code":"A12127004","name":"상암월드컵파크2단지","property_aptseq_join":"unique_official_road_address_and_name","property_complex_id":"molit-apt:11440:11440-136","property_release_id":"property-eea48453a819f517","source_id":"seoul-openaptinfo"},"type":"Feature"},{"geometry":{"coordinates":[126.8812087,37.5819338],"type":"Point"},"id":"A12127005","properties":{"coordinate_status":"provider_xy_crs_unconfirmed","households":733,"kapt_code":"A12127005","name":"상암월드컵파크7단지","property_aptseq_join":"unique_official_road_address_and_name","property_complex_id":"molit-apt:11440:11440-3927","property_release_id":"property-eea48453a819f517","source_id":"seoul-openaptinfo"},"type":"Feature"},{"geometry":{"coordinates":[127.0484681,37.5163114],"type":"Point"},"id":"A12127006","properties":{"coordinate_status":"provider_xy_crs_unconfirmed","households":761,"kapt_code":"A12127006","name":"상암월드컵파크4단지","property_aptseq_join":"unique_official_road_address_and_name","property_complex_id":"molit-apt:11440:11440-4038","property_release_id":"property-eea48453a819f517","source_id":"seoul-openaptinfo"},"type":"Feature"},{"geometry":{"coordinates":[126.8933187,37.5753148],"type":"Point"},"id":"A12127007","properties":{"coordinate_status":"provider_xy_crs_unconfirmed","households":820,"kapt_code":"A12127007","name":"상암월드컵1단지","property_aptseq_join":"not_established","source_id":"seoul-openaptinfo"},"type":"Feature"},{"geometry":{"coordinates":[126.8829174,37.5776205],"type":"Point"},"id":"A12127008","properties":{"coordinate_status":"provider_xy_crs_unconfirmed","households":840,"kapt_code":"A12127008","name":"상암월드컵8단지","property_aptseq_join":"not_established","source_id":"seoul-openaptinfo"},"type":"Feature"},{"geometry":{"coordinates":[126.9523524,37.5403318],"type":"Point"},"id":"A12170401","properties":{"coordinate_status":"provider_xy_crs_unconfirmed","households":167,"kapt_code":"A12170401","name":"마포동원베네스트","property_aptseq_join":"unique_official_road_address_and_name","property_complex_id":"molit-apt:11440:11440-4611","property_release_id":"property-eea48453a819f517","source_id":"seoul-openaptinfo"},"type":"Feature"},{"geometry":{"coordinates":[126.945289,37.5399269],"type":"Point"},"id":"A12170402","properties":{"coordinate_status":"provider_xy_crs_unconfirmed","households":662,"kapt_code":"A12170402","name":"마포한화오벨리스크","property_aptseq_join":"not_established","source_id":"seoul-openaptinfo"},"type":"Feature"},{"geometry":{"coordinates":[126.9514027,37.5499127],"type":"Point"},"id":"A12170601","properties":{"coordinate_status":"provider_xy_crs_unconfirmed","households":597,"kapt_code":"A12170601","name":"삼성래미안공덕4차","property_aptseq_join":"not_established","source_id":"seoul-openaptinfo"},"type":"Feature"},{"geometry":{"coordinates":[126.9595592,37.5509157],"type":"Point"},"id":"A12170602","properties":{"coordinate_status":"provider_xy_crs_unconfirmed","households":199,"kapt_code":"A12170602","name":"공덕2삼성임대","property_aptseq_join":"not_established","source_id":"seoul-openaptinfo"},"type":"Feature"},{"geometry":{"coordinates":[126.9521365,37.5507992],"type":"Point"},"id":"A12170603","properties":{"coordinate_status":"provider_xy_crs_unconfirmed","households":794,"kapt_code":"A12170603","name":"공덕래미안5차","property_aptseq_join":"not_established","source_id":"seoul-openaptinfo"},"type":"Feature"},{"geometry":{"coordinates":[126.9271752,37.5469174],"type":"Point"},"id":"A12170702","properties":{"coordinate_status":"provider_xy_crs_unconfirmed","households":530,"kapt_code":"A12170702","name":"래미안밤섬리베뉴 2","property_aptseq_join":"not_established","source_id":"seoul-openaptinfo"},"type":"Feature"},{"geometry":{"coordinates":[126.9145216,37.5676304],"type":"Point"},"id":"A12171101","properties":{"coordinate_status":"provider_xy_crs_unconfirmed","households":320,"kapt_code":"A12171101","name":"월드컵아이파크1단지","property_aptseq_join":"not_established","source_id":"seoul-openaptinfo"},"type":"Feature"},{"geometry":{"coordinates":[126.936584,37.5466152],"type":"Point"},"id":"A12171201","properties":{"coordinate_status":"provider_xy_crs_unconfirmed","households":313,"kapt_code":"A12171201","name":"밤섬경남아너스빌","property_aptseq_join":"unique_official_road_address_and_name","property_complex_id":"molit-apt:11440:11440-4706","property_release_id":"property-eea48453a819f517","source_id":"seoul-openaptinfo"},"type":"Feature"},{"geometry":{"coordinates":[126.942127375,37.556258728],"type":"Point"},"id":"A12172201","properties":{"coordinate_status":"provider_xy_crs_unconfirmed","households":350,"kapt_code":"A12172201","name":"신촌포스빌","property_aptseq_join":"unique_official_road_address_and_name","property_complex_id":"molit-apt:11440:11440-180","property_release_id":"property-eea48453a819f517","source_id":"seoul-openaptinfo"},"type":"Feature"},{"geometry":{"coordinates":[126.9410747,37.5492559],"type":"Point"},"id":"A12172401","properties":{"coordinate_status":"provider_xy_crs_unconfirmed","households":558,"kapt_code":"A12172401","name":"마포자이2차","property_aptseq_join":"unique_official_road_address_and_name","property_complex_id":"molit-apt:11440:11440-5348","property_release_id":"property-eea48453a819f517","source_id":"seoul-openaptinfo"},"type":"Feature"},{"geometry":{"coordinates":[126.943257632,37.556299913],"type":"Point"},"id":"A12172402","properties":{"coordinate_status":"provider_xy_crs_unconfirmed","households":203,"kapt_code":"A12172402","name":"서희스타힐스","property_aptseq_join":"unique_official_road_address_and_name","property_complex_id":"molit-apt:11440:11440-5381","property_release_id":"property-eea48453a819f517","source_id":"seoul-openaptinfo"},"type":"Feature"},{"geometry":{"coordinates":[126.9139379,37.5513225],"type":"Point"},"id":"A12174601","properties":{"coordinate_status":"provider_xy_crs_unconfirmed","households":617,"kapt_code":"A12174601","name":"메세나폴리스","property_aptseq_join":"unique_official_road_address_and_name","property_complex_id":"molit-apt:11440:11440-5097","property_release_id":"property-eea48453a819f517","source_id":"seoul-openaptinfo"},"type":"Feature"},{"geometry":{"coordinates":[126.9542913,37.552355],"type":"Point"},"id":"A12175203","properties":{"coordinate_status":"provider_xy_crs_unconfirmed","households":3885,"kapt_code":"A12175203","name":"마포래미안푸르지오","property_aptseq_join":"not_established","source_id":"seoul-openaptinfo"},"type":"Feature"},{"geometry":{"coordinates":[126.9318242,37.5465994],"type":"Point"},"id":"A12177801","properties":{"coordinate_status":"provider_xy_crs_unconfirmed","households":192,"kapt_code":"A12177801","name":"서강한화오벨리스크스위트","property_aptseq_join":"not_established","source_id":"seoul-openaptinfo"},"type":"Feature"},{"geometry":{"coordinates":[126.9281799,37.5500345],"type":"Point"},"id":"A12177802","properties":{"coordinate_status":"provider_xy_crs_unconfirmed","households":311,"kapt_code":"A12177802","name":"창전삼성임대","property_aptseq_join":"not_established","source_id":"seoul-openaptinfo"},"type":"Feature"},{"geometry":{"coordinates":[126.9559987,37.5411796],"type":"Point"},"id":"A12179001","properties":{"coordinate_status":"provider_xy_crs_unconfirmed","households":290,"kapt_code":"A12179001","name":"브라운스톤공덕","property_aptseq_join":"unique_official_road_address_and_name","property_complex_id":"molit-apt:11440:11440-4551","property_release_id":"property-eea48453a819f517","source_id":"seoul-openaptinfo"},"type":"Feature"},{"geometry":{"coordinates":[126.9560689,37.5422845],"type":"Point"},"id":"A12179002","properties":{"coordinate_status":"provider_xy_crs_unconfirmed","households":376,"kapt_code":"A12179002","name":"신공덕삼성임대","property_aptseq_join":"not_established","source_id":"seoul-openaptinfo"},"type":"Feature"},{"geometry":{"coordinates":[126.9587059,37.5464693],"type":"Point"},"id":"A12179003","properties":{"coordinate_status":"provider_xy_crs_unconfirmed","households":103,"kapt_code":"A12179003","name":"신공덕2삼성래미안제2","property_aptseq_join":"not_established","source_id":"seoul-openaptinfo"},"type":"Feature"},{"geometry":{"coordinates":[126.9541219,37.543383],"type":"Point"},"id":"A12179004","properties":{"coordinate_status":"provider_xy_crs_unconfirmed","households":476,"kapt_code":"A12179004","name":"마포펜트라우스","property_aptseq_join":"not_established","source_id":"seoul-openaptinfo"},"type":"Feature"},{"geometry":{"coordinates":[126.9560556,37.544744],"type":"Point"},"id":"A12179005","properties":{"coordinate_status":"provider_xy_crs_unconfirmed","households":195,"kapt_code":"A12179005","name":"공덕아이파크","property_aptseq_join":"unique_official_road_address_and_name","property_complex_id":"molit-apt:11440:11440-5218","property_release_id":"property-eea48453a819f517","source_id":"seoul-openaptinfo"},"type":"Feature"},{"geometry":{"coordinates":[126.95706655016,37.5419083408628],"type":"Point"},"id":"A12179006","properties":{"coordinate_status":"provider_xy_crs_unconfirmed","households":128,"kapt_code":"A12179006","name":"신공덕e-편한세상","property_aptseq_join":"unique_official_road_address_and_name","property_complex_id":"molit-apt:11440:11440-4072","property_release_id":"property-eea48453a819f517","source_id":"seoul-openaptinfo"},"type":"Feature"},{"geometry":{"coordinates":[126.896649,37.575112],"type":"Point"},"id":"A12179501","properties":{"coordinate_status":"provider_xy_crs_unconfirmed","households":184,"kapt_code":"A12179501","name":"DMC상암센트럴파크2단지","property_aptseq_join":"unique_official_road_address_and_name","property_complex_id":"molit-apt:11440:11440-4659","property_release_id":"property-eea48453a819f517","source_id":"seoul-openaptinfo"},"type":"Feature"},{"geometry":{"coordinates":[126.8968328,37.5740878],"type":"Point"},"id":"A12179502","properties":{"coordinate_status":"provider_xy_crs_unconfirmed","households":213,"kapt_code":"A12179502","name":"DMC상암센트럴파크1단지","property_aptseq_join":"unique_official_road_address_and_name","property_complex_id":"molit-apt:11440:11440-4660","property_release_id":"property-eea48453a819f517","source_id":"seoul-openaptinfo"},"type":"Feature"},{"geometry":{"coordinates":[126.882139,37.587704],"type":"Point"},"id":"A12179503","properties":{"coordinate_status":"provider_xy_crs_unconfirmed","households":588,"kapt_code":"A12179503","name":"상암월드컵파크11단지","property_aptseq_join":"unique_official_road_address_and_name","property_complex_id":"molit-apt:11440:11440-4755","property_release_id":"property-eea48453a819f517","source_id":"seoul-openaptinfo"},"type":"Feature"},{"geometry":{"coordinates":[126.8781709,37.5847997],"type":"Point"},"id":"A12179504","properties":{"coordinate_status":"provider_xy_crs_unconfirmed","households":1036,"kapt_code":"A12179504","name":"상암월드컵파크9단지","property_aptseq_join":"unique_official_road_address_and_name","property_complex_id":"molit-apt:11440:11440-4800","property_release_id":"property-eea48453a819f517","source_id":"seoul-openaptinfo"},"type":"Feature"},{"geometry":{"coordinates":[126.8798182,37.5869909],"type":"Point"},"id":"A12179505","properties":{"coordinate_status":"provider_xy_crs_unconfirmed","households":380,"kapt_code":"A12179505","name":"상암월드컵파크12단지","property_aptseq_join":"unique_official_road_address_and_name","property_complex_id":"molit-apt:11440:11440-4801","property_release_id":"property-eea48453a819f517","source_id":"seoul-openaptinfo"},"type":"Feature"},{"geometry":{"coordinates":[126.881979,37.5861713],"type":"Point"},"id":"A12179508","properties":{"coordinate_status":"provider_xy_crs_unconfirmed","households":861,"kapt_code":"A12179508","name":"상암월드컵파크10단지","property_aptseq_join":"unique_official_road_address_and_name","property_complex_id":"molit-apt:11440:11440-4772","property_release_id":"property-eea48453a819f517","source_id":"seoul-openaptinfo"},"type":"Feature"},{"geometry":{"coordinates":[126.9501318,37.5482962],"type":"Point"},"id":"A12180401","properties":{"coordinate_status":"provider_xy_crs_unconfirmed","households":183,"kapt_code":"A12180401","name":"공덕현대","property_aptseq_join":"unique_official_road_address_and_name","property_complex_id":"molit-apt:11440:11440-126","property_release_id":"property-eea48453a819f517","source_id":"seoul-openaptinfo"},"type":"Feature"},{"geometry":{"coordinates":[126.950904,37.5480749],"type":"Point"},"id":"A12180404","properties":{"coordinate_status":"provider_xy_crs_unconfirmed","households":226,"kapt_code":"A12180404","name":"공덕삼성임대","property_aptseq_join":"not_established","source_id":"seoul-openaptinfo"},"type":"Feature"},{"geometry":{"coordinates":[126.9514816,37.5468006],"type":"Point"},"id":"A12180407","properties":{"coordinate_status":"provider_xy_crs_unconfirmed","households":651,"kapt_code":"A12180407","name":"공덕삼성","property_aptseq_join":"not_established","source_id":"seoul-openaptinfo"},"type":"Feature"},{"geometry":{"coordinates":[126.9524601,37.5480555],"type":"Point"},"id":"A12180506","properties":{"coordinate_status":"provider_xy_crs_unconfirmed","households":616,"kapt_code":"A12180506","name":"공덕삼성래미안3차","property_aptseq_join":"not_established","source_id":"seoul-openaptinfo"},"type":"Feature"},{"geometry":{"coordinates":[126.9406061,37.5479468],"type":"Point"},"id":"A12181101","properties":{"coordinate_status":"provider_xy_crs_unconfirmed","households":165,"kapt_code":"A12181101","name":"마포더포레스트","property_aptseq_join":"not_established","source_id":"seoul-openaptinfo"},"type":"Feature"},{"geometry":{"coordinates":[126.9425711,37.5447358],"type":"Point"},"id":"A12181102","properties":{"coordinate_status":"provider_xy_crs_unconfirmed","households":566,"kapt_code":"A12181102","name":"마포태영제2","property_aptseq_join":"not_established","source_id":"seoul-openaptinfo"},"type":"Feature"},{"geometry":{"coordinates":[126.9425711,37.5447358],"type":"Point"},"id":"A12181103","properties":{"coordinate_status":"provider_xy_crs_unconfirmed","households":1424,"kapt_code":"A12181103","name":"마포태영아파트","property_aptseq_join":"not_established","source_id":"seoul-openaptinfo"},"type":"Feature"},{"geometry":{"coordinates":[126.9508751,37.5377686],"type":"Point"},"id":"A12181403","properties":{"coordinate_status":"provider_xy_crs_unconfirmed","households":793,"kapt_code":"A12181403","name":"도화현대2차아파트(임대)","property_aptseq_join":"not_established","source_id":"seoul-openaptinfo"},"type":"Feature"},{"geometry":{"coordinates":[126.9509486,37.5367386],"type":"Point"},"id":"A12181404","properties":{"coordinate_status":"provider_xy_crs_unconfirmed","households":914,"kapt_code":"A12181404","name":"도화현대홈타운","property_aptseq_join":"not_established","source_id":"seoul-openaptinfo"},"type":"Feature"},{"geometry":{"coordinates":[126.9528767,37.5393237],"type":"Point"},"id":"A12181406","properties":{"coordinate_status":"provider_xy_crs_unconfirmed","households":1021,"kapt_code":"A12181406","name":"도화현대1차아파트","property_aptseq_join":"not_established","source_id":"seoul-openaptinfo"},"type":"Feature"},{"geometry":{"coordinates":[126.90486,37.5534385],"type":"Point"},"id":"A12182101","properties":{"coordinate_status":"provider_xy_crs_unconfirmed","households":181,"kapt_code":"A12182101","name":"망원1차대림","property_aptseq_join":"not_established","source_id":"seoul-openaptinfo"},"type":"Feature"},{"geometry":{"coordinates":[126.8994031,37.557296],"type":"Point"},"id":"A12182401","properties":{"coordinate_status":"provider_xy_crs_unconfirmed","households":240,"kapt_code":"A12182401","name":"망원2차대림","property_aptseq_join":"not_established","source_id":"seoul-openaptinfo"},"type":"Feature"},{"geometry":{"coordinates":[126.9242897,37.5470285],"type":"Point"},"id":"A12182901","properties":{"coordinate_status":"provider_xy_crs_unconfirmed","households":258,"kapt_code":"A12182901","name":"상수두산위브","property_aptseq_join":"unique_official_road_address_and_name","property_complex_id":"molit-apt:11440:11440-213","property_release_id":"property-eea48453a819f517","source_id":"seoul-openaptinfo"},"type":"Feature"},{"geometry":{"coordinates":[126.9167558,37.5574299],"type":"Point"},"id":"A12184201","properties":{"coordinate_status":"provider_xy_crs_unconfirmed","households":366,"kapt_code":"A12184201","name":"서교동대우미래사랑","property_aptseq_join":"not_established","source_id":"seoul-openaptinfo"},"type":"Feature"},{"geometry":{"coordinates":[126.9124027,37.5685044],"type":"Point"},"id":"A12185001","properties":{"coordinate_status":"provider_xy_crs_unconfirmed","households":172,"kapt_code":"A12185001","name":"성사1차 풍림아파트","property_aptseq_join":"not_established","source_id":"seoul-openaptinfo"},"type":"Feature"},{"geometry":{"coordinates":[126.9014624,37.5643113],"type":"Point"},"id":"A12185003","properties":{"coordinate_status":"provider_xy_crs_unconfirmed","households":1807,"kapt_code":"A12185003","name":"SH성산아파트","property_aptseq_join":"not_established","source_id":"seoul-openaptinfo"},"type":"Feature"},{"geometry":{"coordinates":[126.9028201,37.5684652],"type":"Point"},"id":"A12185004","properties":{"coordinate_status":"provider_xy_crs_unconfirmed","households":3710,"kapt_code":"A12185004","name":"성산시영아파트","property_aptseq_join":"not_established","source_id":"seoul-openaptinfo"},"type":"Feature"},{"geometry":{"coordinates":[126.9558671,37.5434094],"type":"Point"},"id":"A12185303","properties":{"coordinate_status":"provider_xy_crs_unconfirmed","households":834,"kapt_code":"A12185303","name":"신공덕1차삼성래미안아파트","property_aptseq_join":"not_established","source_id":"seoul-openaptinfo"},"type":"Feature"},{"geometry":{"coordinates":[126.9579942,37.5464428],"type":"Point"},"id":"A12185304","properties":{"coordinate_status":"provider_xy_crs_unconfirmed","households":458,"kapt_code":"A12185304","name":"신공덕2차삼성래미안","property_aptseq_join":"not_established","source_id":"seoul-openaptinfo"},"type":"Feature"},{"geometry":{"coordinates":[126.9376295,37.546851],"type":"Point"},"id":"A12185504","properties":{"coordinate_status":"provider_xy_crs_unconfirmed","households":260,"kapt_code":"A12185504","name":"신수성원","property_aptseq_join":"not_established","source_id":"seoul-openaptinfo"},"type":"Feature"},{"geometry":{"coordinates":[126.9368027,37.5477681],"type":"Point"},"id":"A12185602","properties":{"coordinate_status":"provider_xy_crs_unconfirmed","households":192,"kapt_code":"A12185602","name":"신수세양청마루","property_aptseq_join":"not_established","source_id":"seoul-openaptinfo"},"type":"Feature"},{"geometry":{"coordinates":[126.9370025,37.5430889],"type":"Point"},"id":"A12185603","properties":{"coordinate_status":"provider_xy_crs_unconfirmed","households":210,"kapt_code":"A12185603","name":"신수현대","property_aptseq_join":"not_established","source_id":"seoul-openaptinfo"},"type":"Feature"},{"geometry":{"coordinates":[126.9335887,37.5481848],"type":"Point"},"id":"A12185605","properties":{"coordinate_status":"provider_xy_crs_unconfirmed","households":279,"kapt_code":"A12185605","name":"대원칸타빌","property_aptseq_join":"unique_official_road_address_and_name","property_complex_id":"molit-apt:11440:11440-129","property_release_id":"property-eea48453a819f517","source_id":"seoul-openaptinfo"},"type":"Feature"},{"geometry":{"coordinates":[126.9355656,37.5512309],"type":"Point"},"id":"A12185606","properties":{"coordinate_status":"provider_xy_crs_unconfirmed","households":391,"kapt_code":"A12185606","name":"마포신촌삼익아파트","property_aptseq_join":"not_established","source_id":"seoul-openaptinfo"},"type":"Feature"},{"geometry":{"coordinates":[126.9201576,37.5648197],"type":"Point"},"id":"A12186901","properties":{"coordinate_status":"provider_xy_crs_unconfirmed","households":466,"kapt_code":"A12186901","name":"코오롱하늘채","property_aptseq_join":"not_established","source_id":"seoul-openaptinfo"},"type":"Feature"},{"geometry":{"coordinates":[126.9475627,37.5514198],"type":"Point"},"id":"A12187403","properties":{"coordinate_status":"provider_xy_crs_unconfirmed","households":678,"kapt_code":"A12187403","name":"염리상록","property_aptseq_join":"not_established","source_id":"seoul-openaptinfo"},"type":"Feature"},{"geometry":{"coordinates":[126.9413984,37.543435],"type":"Point"},"id":"A12187501","properties":{"coordinate_status":"provider_xy_crs_unconfirmed","households":563,"kapt_code":"A12187501","name":"래미안마포리버웰","property_aptseq_join":"unique_official_road_address_and_name","property_complex_id":"molit-apt:11440:11440-5455","property_release_id":"property-eea48453a819f517","source_id":"seoul-openaptinfo"},"type":"Feature"},{"geometry":{"coordinates":[126.9413984,37.543435],"type":"Point"},"id":"A12187602","properties":{"coordinate_status":"provider_xy_crs_unconfirmed","households":430,"kapt_code":"A12187602","name":"래미안용강아파트","property_aptseq_join":"not_established","source_id":"seoul-openaptinfo"},"type":"Feature"},{"geometry":{"coordinates":[126.9083577,37.5705091],"type":"Point"},"id":"A12187703","properties":{"coordinate_status":"provider_xy_crs_unconfirmed","households":282,"kapt_code":"A12187703","name":"성산2차현대","property_aptseq_join":"not_established","source_id":"seoul-openaptinfo"},"type":"Feature"},{"geometry":{"coordinates":[126.905875,37.5706353],"type":"Point"},"id":"A12187901","properties":{"coordinate_status":"provider_xy_crs_unconfirmed","households":180,"kapt_code":"A12187901","name":"중동계룡","property_aptseq_join":"unique_official_road_address_and_name","property_complex_id":"molit-apt:11440:11440-121","property_release_id":"property-eea48453a819f517","source_id":"seoul-openaptinfo"},"type":"Feature"},{"geometry":{"coordinates":[126.9117669,37.5688306],"type":"Point"},"id":"A12187902","properties":{"coordinate_status":"provider_xy_crs_unconfirmed","households":206,"kapt_code":"A12187902","name":"건영월드컵","property_aptseq_join":"unique_official_road_address_and_name","property_complex_id":"molit-apt:11440:11440-125","property_release_id":"property-eea48453a819f517","source_id":"seoul-openaptinfo"},"type":"Feature"},{"geometry":{"coordinates":[126.9020362,37.5740861],"type":"Point"},"id":"A12187904","properties":{"coordinate_status":"provider_xy_crs_unconfirmed","households":420,"kapt_code":"A12187904","name":"DMC마포청구아파트","property_aptseq_join":"unique_official_road_address_and_name","property_complex_id":"molit-apt:11440:11440-123","property_release_id":"property-eea48453a819f517","source_id":"seoul-openaptinfo"},"type":"Feature"},{"geometry":{"coordinates":[126.9068961,37.5711515],"type":"Point"},"id":"A12187905","properties":{"coordinate_status":"provider_xy_crs_unconfirmed","households":477,"kapt_code":"A12187905","name":"마포중동현대","property_aptseq_join":"unique_official_road_address_and_name","property_complex_id":"molit-apt:11440:11440-122","property_release_id":"property-eea48453a819f517","source_id":"seoul-openaptinfo"},"type":"Feature"},{"geometry":{"coordinates":[126.9045765,37.5726291],"type":"Point"},"id":"A12187906","properties":{"coordinate_status":"provider_xy_crs_unconfirmed","households":499,"kapt_code":"A12187906","name":"월드컵참누리","property_aptseq_join":"not_established","source_id":"seoul-openaptinfo"},"type":"Feature"},{"geometry":{"coordinates":[126.932068,37.5528146],"type":"Point"},"id":"A12188201","properties":{"coordinate_status":"provider_xy_crs_unconfirmed","households":239,"kapt_code":"A12188201","name":"신촌금호","property_aptseq_join":"unique_official_road_address_and_name","property_complex_id":"molit-apt:11440:11440-46","property_release_id":"property-eea48453a819f517","source_id":"seoul-openaptinfo"},"type":"Feature"},{"geometry":{"coordinates":[126.9318441,37.5507951],"type":"Point"},"id":"A12188202","properties":{"coordinate_status":"provider_xy_crs_unconfirmed","households":243,"kapt_code":"A12188202","name":"창전현대홈타운","property_aptseq_join":"not_established","source_id":"seoul-openaptinfo"},"type":"Feature"},{"geometry":{"coordinates":[126.9309792,37.5533735],"type":"Point"},"id":"A12188205","properties":{"coordinate_status":"provider_xy_crs_unconfirmed","households":553,"kapt_code":"A12188205","name":"신촌태영데시앙","property_aptseq_join":"unique_official_road_address_and_name","property_complex_id":"molit-apt:11440:11440-149","property_release_id":"property-eea48453a819f517","source_id":"seoul-openaptinfo"},"type":"Feature"},{"geometry":{"coordinates":[126.9236175,37.5867673],"type":"Point"},"id":"A12201001","properties":{"coordinate_status":"provider_xy_crs_unconfirmed","households":204,"kapt_code":"A12201001","name":"대주피오레아파트","property_aptseq_join":"unique_official_road_address_and_name","property_complex_id":"molit-apt:11380:11380-109","property_release_id":"property-eea48453a819f517","source_id":"seoul-openaptinfo"},"type":"Feature"},{"geometry":{"coordinates":[126.9236217,37.5911513],"type":"Point"},"id":"A12201002","properties":{"coordinate_status":"provider_xy_crs_unconfirmed","households":893,"kapt_code":"A12201002","name":"백련산힐스테이트2차","property_aptseq_join":"not_established","source_id":"seoul-openaptinfo"},"type":"Feature"},{"geometry":{"coordinates":[126.9253163,37.5920025],"type":"Point"},"id":"A12201003","properties":{"coordinate_status":"provider_xy_crs_unconfirmed","households":1028,"kapt_code":"A12201003","name":"백련산힐스테이트1차","property_aptseq_join":"not_established","source_id":"seoul-openaptinfo"},"type":"Feature"},{"geometry":{"coordinates":[126.9242045,37.5895014],"type":"Point"},"id":"A12201004","properties":{"coordinate_status":"provider_xy_crs_unconfirmed","households":552,"kapt_code":"A12201004","name":"백련산힐스테이트임대","property_aptseq_join":"not_established","source_id":"seoul-openaptinfo"},"type":"Feature"},{"geometry":{"coordinates":[126.9266602,37.5989096],"type":"Point"},"id":"A12201005","properties":{"coordinate_status":"provider_xy_crs_unconfirmed","households":350,"kapt_code":"A12201005","name":"녹번역센트레빌","property_aptseq_join":"unique_official_road_address_and_name","property_complex_id":"molit-apt:11380:11380-9567","property_release_id":"property-eea48453a819f517","source_id":"seoul-openaptinfo"},"type":"Feature"},{"geometry":{"coordinates":[126.923497,37.5969983],"type":"Point"},"id":"A12201101","properties":{"coordinate_status":"provider_xy_crs_unconfirmed","households":206,"kapt_code":"A12201101","name":"신동아아파트","property_aptseq_join":"unique_official_road_address_and_name","property_complex_id":"molit-apt:11380:11380-57","property_release_id":"property-eea48453a819f517","source_id":"seoul-openaptinfo"},"type":"Feature"},{"geometry":{"coordinates":[126.9222397,37.5992267],"type":"Point"},"id":"A12201102","properties":{"coordinate_status":"provider_xy_crs_unconfirmed","households":300,"kapt_code":"A12201102","name":"응암동금호아파트","property_aptseq_join":"unique_official_road_address_and_name","property_complex_id":"molit-apt:11380:11380-7650","property_release_id":"property-eea48453a819f517","source_id":"seoul-openaptinfo"},"type":"Feature"},{"geometry":{"coordinates":[126.9261538,37.597442],"type":"Point"},"id":"A12201103","properties":{"coordinate_status":"provider_xy_crs_unconfirmed","households":361,"kapt_code":"A12201103","name":"응암푸르지오","property_aptseq_join":"unique_official_road_address_and_name","property_complex_id":"molit-apt:11380:11380-7855","property_release_id":"property-eea48453a819f517","source_id":"seoul-openaptinfo"},"type":"Feature"},{"geometry":{"coordinates":[126.9203156,37.5833193],"type":"Point"},"id":"A12201301","properties":{"coordinate_status":"provider_xy_crs_unconfirmed","households":160,"kapt_code":"A12201301","name":"경남아파트-응암경남","property_aptseq_join":"not_established","source_id":"seoul-openaptinfo"},"type":"Feature"},{"geometry":{"coordinates":[126.9321696,37.6216983],"type":"Point"},"id":"A12204001","properties":{"coordinate_status":"provider_xy_crs_unconfirmed","households":155,"kapt_code":"A12204001","name":"북한산수자인","property_aptseq_join":"not_established","source_id":"seoul-openaptinfo"},"type":"Feature"},{"geometry":{"coordinates":[126.9294384,37.6254055],"type":"Point"},"id":"A12204002","properties":{"coordinate_status":"provider_xy_crs_unconfirmed","households":256,"kapt_code":"A12204002","name":"북한산대창센시티","property_aptseq_join":"unique_official_road_address_and_name","property_complex_id":"molit-apt:11380:11380-257","property_release_id":"property-eea48453a819f517","source_id":"seoul-openaptinfo"},"type":"Feature"},{"geometry":{"coordinates":[126.937083,37.6126016],"type":"Point"},"id":"A12204003","properties":{"coordinate_status":"provider_xy_crs_unconfirmed","households":603,"kapt_code":"A12204003","name":"북한산힐스테이트1차","property_aptseq_join":"unique_official_road_address_and_name","property_complex_id":"molit-apt:11380:11380-8104","property_release_id":"property-eea48453a819f517","source_id":"seoul-openaptinfo"},"type":"Feature"},{"geometry":{"coordinates":[126.9357306,37.6181527],"type":"Point"},"id":"A12204004","properties":{"coordinate_status":"provider_xy_crs_unconfirmed","households":1185,"kapt_code":"A12204004","name":"북한산힐스테이트3차아파트","property_aptseq_join":"not_established","source_id":"seoul-openaptinfo"},"type":"Feature"},{"geometry":{"coordinates":[126.9267737,37.6166044],"type":"Point"},"id":"A12204005","properties":{"coordinate_status":"provider_xy_crs_unconfirmed","households":135,"kapt_code":"A12204005","name":"북한산래미안아파트(임대)","property_aptseq_join":"not_established","source_id":"seoul-openaptinfo"},"type":"Feature"},{"geometry":{"coordinates":[126.9324764,37.6130801],"type":"Point"},"id":"A12204006","properties":{"coordinate_status":"provider_xy_crs_unconfirmed","households":488,"kapt_code":"A12204006","name":"불광롯데캐슬","property_aptseq_join":"unique_official_road_address_and_name","property_complex_id":"molit-apt:11380:11380-10903","property_release_id":"property-eea48453a819f517","source_id":"seoul-openaptinfo"},"type":"Feature"},{"geometry":{"coordinates":[126.9350558,37.6121197],"type":"Point"},"id":"A12204102","properties":{"coordinate_status":"provider_xy_crs_unconfirmed","households":662,"kapt_code":"A12204102","name":"북한산현대홈타운","property_aptseq_join":"not_established","source_id":"seoul-openaptinfo"},"type":"Feature"},{"geometry":{"coordinates":[126.913541,37.6189819],"type":"Point"},"id":"A12205001","properties":{"coordinate_status":"provider_xy_crs_unconfirmed","households":200,"kapt_code":"A12205001","name":"미미아파트","property_aptseq_join":"unique_official_road_address_and_name","property_complex_id":"molit-apt:11380:11380-30","property_release_id":"property-eea48453a819f517","source_id":"seoul-openaptinfo"},"type":"Feature"},{"geometry":{"coordinates":[126.9063902,37.6121411],"type":"Point"},"id":"A12205003","properties":{"coordinate_status":"provider_xy_crs_unconfirmed","households":327,"kapt_code":"A12205003","name":"갈현1단지e-편한세상아파트","property_aptseq_join":"unique_official_road_address_and_name","property_complex_id":"molit-apt:11380:11380-186","property_release_id":"property-eea48453a819f517","source_id":"seoul-openaptinfo"},"type":"Feature"},{"geometry":{"coordinates":[126.905638,37.6129617],"type":"Point"},"id":"A12205004","properties":{"coordinate_status":"provider_xy_crs_unconfirmed","households":366,"kapt_code":"A12205004","name":"갈현현대아파트","property_aptseq_join":"unique_official_road_address_and_name","property_complex_id":"molit-apt:11380:11380-24","property_release_id":"property-eea48453a819f517","source_id":"seoul-openaptinfo"},"type":"Feature"},{"geometry":{"coordinates":[126.9057246,37.5999489],"type":"Point"},"id":"A12208001","properties":{"coordinate_status":"provider_xy_crs_unconfirmed","households":178,"kapt_code":"A12208001","name":"은평신사두산위브아파트","property_aptseq_join":"unique_official_road_address_and_name","property_complex_id":"molit-apt:11380:11380-7822","property_release_id":"property-eea48453a819f517","source_id":"seoul-openaptinfo"},"type":"Feature"},{"geometry":{"coordinates":[126.904003,37.5904992],"type":"Point"},"id":"A12208002","properties":{"coordinate_status":"provider_xy_crs_unconfirmed","households":228,"kapt_code":"A12208002","name":"신사이랜드타운","property_aptseq_join":"not_established","source_id":"seoul-openaptinfo"},"type":"Feature"},{"geometry":{"coordinates":[126.9133122,37.6004574],"type":"Point"},"id":"A12208101","properties":{"coordinate_status":"provider_xy_crs_unconfirmed","households":150,"kapt_code":"A12208101","name":"신사성원아파트","property_aptseq_join":"unique_official_road_address_and_name","property_complex_id":"molit-apt:11380:11380-70","property_release_id":"property-eea48453a819f517","source_id":"seoul-openaptinfo"},"type":"Feature"},{"geometry":{"coordinates":[126.9041738,37.6004103],"type":"Point"},"id":"A12208102","properties":{"coordinate_status":"provider_xy_crs_unconfirmed","households":290,"kapt_code":"A12208102","name":"신사씨티","property_aptseq_join":"unique_official_road_address_and_name","property_complex_id":"molit-apt:11380:11380-72","property_release_id":"property-eea48453a819f517","source_id":"seoul-openaptinfo"},"type":"Feature"},{"geometry":{"coordinates":[126.9068354,37.599227],"type":"Point"},"id":"A12208103","properties":{"coordinate_status":"provider_xy_crs_unconfirmed","households":296,"kapt_code":"A12208103","name":"신사동 한신 휴 플러스","property_aptseq_join":"unique_official_road_address_and_name","property_complex_id":"molit-apt:11380:11380-120","property_release_id":"property-eea48453a819f517","source_id":"seoul-openaptinfo"},"type":"Feature"},{"geometry":{"coordinates":[126.9053464,37.6023882],"type":"Point"},"id":"A12208104","properties":{"coordinate_status":"provider_xy_crs_unconfirmed","households":298,"kapt_code":"A12208104","name":"라이프 씨티아파트","property_aptseq_join":"unique_official_road_address_and_name","property_complex_id":"molit-apt:11380:11380-67","property_release_id":"property-eea48453a819f517","source_id":"seoul-openaptinfo"},"type":"Feature"},{"geometry":{"coordinates":[126.9069618,37.5979944],"type":"Point"},"id":"A12208105","properties":{"coordinate_status":"provider_xy_crs_unconfirmed","households":380,"kapt_code":"A12208105","name":"신사현대2차아파트","property_aptseq_join":"not_established","source_id":"seoul-openaptinfo"},"type":"Feature"},{"geometry":{"coordinates":[126.9050321,37.5897887],"type":"Point"},"id":"A12208203","properties":{"coordinate_status":"provider_xy_crs_unconfirmed","households":238,"kapt_code":"A12208203","name":"신성아파트","property_aptseq_join":"unique_official_road_address_and_name","property_complex_id":"molit-apt:11380:11380-71","property_release_id":"property-eea48453a819f517","source_id":"seoul-openaptinfo"},"type":"Feature"},{"geometry":{"coordinates":[126.9086256,37.5935228],"type":"Point"},"id":"A12208204","properties":{"coordinate_status":"provider_xy_crs_unconfirmed","households":445,"kapt_code":"A12208204","name":"새절역현대아파트","property_aptseq_join":"not_established","source_id":"seoul-openaptinfo"},"type":"Feature"},{"geometry":{"coordinates":[126.9077834,37.5895119],"type":"Point"},"id":"A12208205","properties":{"coordinate_status":"provider_xy_crs_unconfirmed","households":570,"kapt_code":"A12208205","name":"미성아파트(신사동)","property_aptseq_join":"not_established","source_id":"seoul-openaptinfo"},"type":"Feature"},{"geometry":{"coordinates":[126.9014333,37.5811202],"type":"Point"},"id":"A12209001","properties":{"coordinate_status":"provider_xy_crs_unconfirmed","households":196,"kapt_code":"A12209001","name":"DMC청구아파트","property_aptseq_join":"not_established","source_id":"seoul-openaptinfo"},"type":"Feature"},{"geometry":{"coordinates":[126.9328208,37.6499688],"type":"Point"},"id":"A12220001","properties":{"coordinate_status":"provider_xy_crs_unconfirmed","households":208,"kapt_code":"A12220001","name":"은평뉴타운상림마을6단지 제1아파트(8단지 푸르지오)","property_aptseq_join":"not_established","source_id":"seoul-openaptinfo"},"type":"Feature"},{"geometry":{"coordinates":[126.927883,37.6474864],"type":"Point"},"id":"A12220002","properties":{"coordinate_status":"provider_xy_crs_unconfirmed","households":298,"kapt_code":"A12220002","name":"은평뉴타운상림마을13단지","property_aptseq_join":"not_established","source_id":"seoul-openaptinfo"},"type":"Feature"},{"geometry":{"coordinates":[126.9265857,37.6466728],"type":"Point"},"id":"A12220003","properties":{"coordinate_status":"provider_xy_crs_unconfirmed","households":335,"kapt_code":"A12220003","name":"은평뉴타운상림마을2단지","property_aptseq_join":"not_established","source_id":"seoul-openaptinfo"},"type":"Feature"},{"geometry":{"coordinates":[126.9219731,37.6411039],"type":"Point"},"id":"A12220004","properties":{"coordinate_status":"provider_xy_crs_unconfirmed","households":551,"kapt_code":"A12220004","name":"은평뉴타운상림마을12단지","property_aptseq_join":"not_established","source_id":"seoul-openaptinfo"},"type":"Feature"},{"geometry":{"coordinates":[126.9227727,37.6415577],"type":"Point"},"id":"A12220005","properties":{"coordinate_status":"provider_xy_crs_unconfirmed","households":707,"kapt_code":"A12220005","name":"은평뉴타운상림마을1단지","property_aptseq_join":"not_established","source_id":"seoul-openaptinfo"},"type":"Feature"},{"geometry":{"coordinates":[126.9168122,37.6122422],"type":"Point"},"id":"A12271402","properties":{"coordinate_status":"provider_xy_crs_unconfirmed","households":175,"kapt_code":"A12271402","name":"동광갈현베르빌","property_aptseq_join":"unique_official_road_address_and_name","property_complex_id":"molit-apt:11380:11380-273","property_release_id":"property-eea48453a819f517","source_id":"seoul-openaptinfo"},"type":"Feature"},{"geometry":{"coordinates":[126.9385821,37.6115563],"type":"Point"},"id":"A12275201","properties":{"coordinate_status":"provider_xy_crs_unconfirmed","households":647,"kapt_code":"A12275201","name":"북한산래미안아파트","property_aptseq_join":"not_established","source_id":"seoul-openaptinfo"},"type":"Feature"},{"geometry":{"coordinates":[126.9268481,37.6161545],"type":"Point"},"id":"A12275202","properties":{"coordinate_status":"provider_xy_crs_unconfirmed","households":882,"kapt_code":"A12275202","name":"북한산힐스테이트7차","property_aptseq_join":"unique_official_road_address_and_name","property_complex_id":"molit-apt:11380:11380-8922","property_release_id":"property-eea48453a819f517","source_id":"seoul-openaptinfo"},"type":"Feature"},{"geometry":{"coordinates":[126.898834,37.5792037],"type":"Point"},"id":"A12275501","properties":{"coordinate_status":"provider_xy_crs_unconfirmed","households":254,"kapt_code":"A12275501","name":"디엠씨자이1단지(DMC자이1)","property_aptseq_join":"not_established","source_id":"seoul-openaptinfo"},"type":"Feature"},{"geometry":{"coordinates":[126.904381,37.6054333],"type":"Point"},"id":"A12276901","properties":{"coordinate_status":"provider_xy_crs_unconfirmed","households":203,"kapt_code":"A12276901","name":"구산그린빌","property_aptseq_join":"unique_official_road_address_and_name","property_complex_id":"molit-apt:11380:11380-8346","property_release_id":"property-eea48453a819f517","source_id":"seoul-openaptinfo"},"type":"Feature"},{"geometry":{"coordinates":[126.9109852,37.6232165],"type":"Point"},"id":"A12281701","properties":{"coordinate_status":"provider_xy_crs_unconfirmed","households":191,"kapt_code":"A12281701","name":"코오롱하늘채아파트","property_aptseq_join":"unique_official_road_address_and_name","property_complex_id":"molit-apt:11380:11380-123","property_release_id":"property-eea48453a819f517","source_id":"seoul-openaptinfo"},"type":"Feature"},{"geometry":{"coordinates":[126.9142876,37.6221584],"type":"Point"},"id":"A12281702","properties":{"coordinate_status":"provider_xy_crs_unconfirmed","households":278,"kapt_code":"A12281702","name":"갈현동현대아파트","property_aptseq_join":"unique_official_road_address_and_name","property_complex_id":"molit-apt:11380:11380-36","property_release_id":"property-eea48453a819f517","source_id":"seoul-openaptinfo"},"type":"Feature"},{"geometry":{"coordinates":[126.9100162,37.6181006],"type":"Point"},"id":"A12281801","properties":{"coordinate_status":"provider_xy_crs_unconfirmed","households":193,"kapt_code":"A12281801","name":"갈현한솔아파트","property_aptseq_join":"not_established","source_id":"seoul-openaptinfo"},"type":"Feature"},{"geometry":{"coordinates":[126.9092409,37.6115205],"type":"Point"},"id":"A12282102","properties":{"coordinate_status":"provider_xy_crs_unconfirmed","households":189,"kapt_code":"A12282102","name":"브라운스톤구산","property_aptseq_join":"unique_official_road_address_and_name","property_complex_id":"molit-apt:11380:11380-7732","property_release_id":"property-eea48453a819f517","source_id":"seoul-openaptinfo"},"type":"Feature"},{"geometry":{"coordinates":[126.9059489,37.6103948],"type":"Point"},"id":"A12282201","properties":{"coordinate_status":"provider_xy_crs_unconfirmed","households":171,"kapt_code":"A12282201","name":"경향파크아파트","property_aptseq_join":"not_established","source_id":"seoul-openaptinfo"},"type":"Feature"},{"geometry":{"coordinates":[126.9054804,37.6055438],"type":"Point"},"id":"A12282203","properties":{"coordinate_status":"provider_xy_crs_unconfirmed","households":475,"kapt_code":"A12282203","name":"경남아너스빌(구산동)","property_aptseq_join":"not_established","source_id":"seoul-openaptinfo"},"type":"Feature"},{"geometry":{"coordinates":[126.9246203,37.6051208],"type":"Point"},"id":"A12283601","properties":{"coordinate_status":"provider_xy_crs_unconfirmed","households":192,"kapt_code":"A12283601","name":"녹번2차현대아파트(녹번2현대)","property_aptseq_join":"not_established","source_id":"seoul-openaptinfo"},"type":"Feature"},{"geometry":{"coordinates":[126.937924,37.6000878],"type":"Point"},"id":"A12283602","properties":{"coordinate_status":"provider_xy_crs_unconfirmed","households":341,"kapt_code":"A12283602","name":"녹번JR아파트","property_aptseq_join":"unique_official_road_address_and_name","property_complex_id":"molit-apt:11380:11380-6","property_release_id":"property-eea48453a819f517","source_id":"seoul-openaptinfo"},"type":"Feature"},{"geometry":{"coordinates":[126.9370209,37.6001439],"type":"Point"},"id":"A12283603","properties":{"coordinate_status":"provider_xy_crs_unconfirmed","households":370,"kapt_code":"A12283603","name":"대림아파트(녹번동)","property_aptseq_join":"not_established","source_id":"seoul-openaptinfo"},"type":"Feature"},{"geometry":{"coordinates":[126.9217449,37.609112],"type":"Point"},"id":"A12284501","properties":{"coordinate_status":"provider_xy_crs_unconfirmed","households":357,"kapt_code":"A12284501","name":"삼성타운아파트","property_aptseq_join":"unique_official_road_address_and_name","property_complex_id":"molit-apt:11380:11380-51","property_release_id":"property-eea48453a819f517","source_id":"seoul-openaptinfo"},"type":"Feature"},{"geometry":{"coordinates":[126.9328692,37.6147577],"type":"Point"},"id":"A12284701","properties":{"coordinate_status":"provider_xy_crs_unconfirmed","households":198,"kapt_code":"A12284701","name":"불광대호2차","property_aptseq_join":"not_established","source_id":"seoul-openaptinfo"},"type":"Feature"},{"geometry":{"coordinates":[126.9283299,37.6149349],"type":"Point"},"id":"A12285703","properties":{"coordinate_status":"provider_xy_crs_unconfirmed","households":1340,"kapt_code":"A12285703","name":"미성아파트(불광동)","property_aptseq_join":"not_established","source_id":"seoul-openaptinfo"},"type":"Feature"},{"geometry":{"coordinates":[126.9002363,37.5854117],"type":"Point"},"id":"A12287202","properties":{"coordinate_status":"provider_xy_crs_unconfirmed","households":280,"kapt_code":"A12287202","name":"DMC진흥아파트","property_aptseq_join":"unique_official_road_address_and_name","property_complex_id":"molit-apt:11380:11380-173","property_release_id":"property-eea48453a819f517","source_id":"seoul-openaptinfo"},"type":"Feature"},{"geometry":{"coordinates":[126.9013422,37.5863961],"type":"Point"},"id":"A12287203","properties":{"coordinate_status":"provider_xy_crs_unconfirmed","households":464,"kapt_code":"A12287203","name":"수색대림한숲타운제2","property_aptseq_join":"not_established","source_id":"seoul-openaptinfo"},"type":"Feature"},{"geometry":{"coordinates":[126.9000124,37.5868487],"type":"Point"},"id":"A12287204","properties":{"coordinate_status":"provider_xy_crs_unconfirmed","households":976,"kapt_code":"A12287204","name":"이편한세상 수색 에코포레","property_aptseq_join":"not_established","source_id":"seoul-openaptinfo"},"type":"Feature"},{"geometry":{"coordinates":[126.9062236,37.5935011],"type":"Point"},"id":"A12289401","properties":{"coordinate_status":"provider_xy_crs_unconfirmed","households":167,"kapt_code":"A12289401","name":"뉴신사신성아파트","property_aptseq_join":"unique_official_road_address_and_name","property_complex_id":"molit-apt:11380:11380-65","property_release_id":"property-eea48453a819f517","source_id":"seoul-openaptinfo"},"type":"Feature"},{"geometry":{"coordinates":[126.9063355,37.5927487],"type":"Point"},"id":"A12289402","properties":{"coordinate_status":"provider_xy_crs_unconfirmed","households":180,"kapt_code":"A12289402","name":"신성수정","property_aptseq_join":"unique_official_road_address_and_name","property_complex_id":"molit-apt:11380:11380-69","property_release_id":"property-eea48453a819f517","source_id":"seoul-openaptinfo"},"type":"Feature"},{"geometry":{"coordinates":[126.9060015,37.6031215],"type":"Point"},"id":"A12289501","properties":{"coordinate_status":"provider_xy_crs_unconfirmed","households":400,"kapt_code":"A12289501","name":"역촌센트레빌","property_aptseq_join":"not_established","source_id":"seoul-openaptinfo"},"type":"Feature"},{"geometry":{"coordinates":[126.9240993,37.5879981],"type":"Point"},"id":"A12290901","properties":{"coordinate_status":"provider_xy_crs_unconfirmed","households":748,"kapt_code":"A12290901","name":"백련산힐스테이트3차","property_aptseq_join":"unique_official_road_address_and_name","property_complex_id":"molit-apt:11380:11380-9188","property_release_id":"property-eea48453a819f517","source_id":"seoul-openaptinfo"},"type":"Feature"},{"geometry":{"coordinates":[126.9175836,37.5840189],"type":"Point"},"id":"A12293002","properties":{"coordinate_status":"provider_xy_crs_unconfirmed","households":292,"kapt_code":"A12293002","name":"응암우성","property_aptseq_join":"not_established","source_id":"seoul-openaptinfo"},"type":"Feature"},{"geometry":{"coordinates":[126.9029992,37.5818742],"type":"Point"},"id":"A12294102","properties":{"coordinate_status":"provider_xy_crs_unconfirmed","households":429,"kapt_code":"A12294102","name":"DMC우방","property_aptseq_join":"unique_official_road_address_and_name","property_complex_id":"molit-apt:11380:11380-84","property_release_id":"property-eea48453a819f517","source_id":"seoul-openaptinfo"},"type":"Feature"},{"geometry":{"coordinates":[127.0604943,37.5800088],"type":"Point"},"id":"A13002002","properties":{"coordinate_status":"provider_xy_crs_unconfirmed","households":719,"kapt_code":"A13002002","name":"래미안아름숲","property_aptseq_join":"unique_official_road_address_and_name","property_complex_id":"molit-apt:11230:11230-2222","property_release_id":"property-eea48453a819f517","source_id":"seoul-openaptinfo"},"type":"Feature"},{"geometry":{"coordinates":[127.0603912,37.5714222],"type":"Point"},"id":"A13003002","properties":{"coordinate_status":"provider_xy_crs_unconfirmed","households":499,"kapt_code":"A13003002","name":"답십리동서울한양","property_aptseq_join":"not_established","source_id":"seoul-openaptinfo"},"type":"Feature"},{"geometry":{"coordinates":[127.0578742,37.5663332],"type":"Point"},"id":"A13003003","properties":{"coordinate_status":"provider_xy_crs_unconfirmed","households":516,"kapt_code":"A13003003","name":"답십리두산위브","property_aptseq_join":"not_established","source_id":"seoul-openaptinfo"},"type":"Feature"},{"geometry":{"coordinates":[127.0461674,37.5726683],"type":"Point"},"id":"A13003005","properties":{"coordinate_status":"provider_xy_crs_unconfirmed","households":725,"kapt_code":"A13003005","name":"청계한신휴플러스","property_aptseq_join":"unique_official_road_address_and_name","property_complex_id":"molit-apt:11230:11230-2208","property_release_id":"property-eea48453a819f517","source_id":"seoul-openaptinfo"},"type":"Feature"},{"geometry":{"coordinates":[127.052370031,37.57285189],"type":"Point"},"id":"A13003007","properties":{"coordinate_status":"provider_xy_crs_unconfirmed","households":2652,"kapt_code":"A13003007","name":"래미안위브","property_aptseq_join":"unique_official_road_address_and_name","property_complex_id":"molit-apt:11230:11230-2587","property_release_id":"property-eea48453a819f517","source_id":"seoul-openaptinfo"},"type":"Feature"},{"geometry":{"coordinates":[127.0598719,37.5696142],"type":"Point"},"id":"A13003201","properties":{"coordinate_status":"provider_xy_crs_unconfirmed","households":739,"kapt_code":"A13003201","name":"답십리두산","property_aptseq_join":"not_established","source_id":"seoul-openaptinfo"},"type":"Feature"},{"geometry":{"coordinates":[127.0595902,37.574435],"type":"Point"},"id":"A13003202","properties":{"coordinate_status":"provider_xy_crs_unconfirmed","households":1110,"kapt_code":"A13003202","name":"답십리청솔우성","property_aptseq_join":"unique_official_road_address_and_name","property_complex_id":"molit-apt:11230:11230-26","property_release_id":"property-eea48453a819f517","source_id":"seoul-openaptinfo"},"type":"Feature"},{"geometry":{"coordinates":[127.065531,37.5735797],"type":"Point"},"id":"A13003402","properties":{"coordinate_status":"provider_xy_crs_unconfirmed","households":231,"kapt_code":"A13003402","name":"세양청마루","property_aptseq_join":"unique_official_road_address_and_name","property_complex_id":"molit-apt:11230:11230-214","property_release_id":"property-eea48453a819f517","source_id":"seoul-openaptinfo"},"type":"Feature"},{"geometry":{"coordinates":[127.0660452,37.5748599],"type":"Point"},"id":"A13003404","properties":{"coordinate_status":"provider_xy_crs_unconfirmed","households":496,"kapt_code":"A13003404","name":"답십리우성그린","property_aptseq_join":"not_established","source_id":"seoul-openaptinfo"},"type":"Feature"},{"geometry":{"coordinates":[127.0625854,37.5708179],"type":"Point"},"id":"A13003405","properties":{"coordinate_status":"provider_xy_crs_unconfirmed","households":600,"kapt_code":"A13003405","name":"답십리동답한신","property_aptseq_join":"not_established","source_id":"seoul-openaptinfo"},"type":"Feature"},{"geometry":{"coordinates":[127.0617276,37.5693658],"type":"Point"},"id":"A13003406","properties":{"coordinate_status":"provider_xy_crs_unconfirmed","households":741,"kapt_code":"A13003406","name":"답십리동아","property_aptseq_join":"not_established","source_id":"seoul-openaptinfo"},"type":"Feature"},{"geometry":{"coordinates":[127.0357839,37.5799573],"type":"Point"},"id":"A13006002","properties":{"coordinate_status":"provider_xy_crs_unconfirmed","households":261,"kapt_code":"A13006002","name":"제기현대","property_aptseq_join":"not_established","source_id":"seoul-openaptinfo"},"type":"Feature"},{"geometry":{"coordinates":[127.0339745,37.5823765],"type":"Point"},"id":"A13006003","properties":{"coordinate_status":"provider_xy_crs_unconfirmed","households":299,"kapt_code":"A13006003","name":"제기이수브라운스톤","property_aptseq_join":"not_established","source_id":"seoul-openaptinfo"},"type":"Feature"},{"geometry":{"coordinates":[127.0391833,37.5888362],"type":"Point"},"id":"A13006101","properties":{"coordinate_status":"provider_xy_crs_unconfirmed","households":1070,"kapt_code":"A13006101","name":"제기한신","property_aptseq_join":"not_established","source_id":"seoul-openaptinfo"},"type":"Feature"},{"geometry":{"coordinates":[127.0362528,37.5734458],"type":"Point"},"id":"A13007001","properties":{"coordinate_status":"provider_xy_crs_unconfirmed","households":338,"kapt_code":"A13007001","name":"용두두산위브","property_aptseq_join":"unique_official_road_address_and_name","property_complex_id":"molit-apt:11230:11230-2164","property_release_id":"property-eea48453a819f517","source_id":"seoul-openaptinfo"},"type":"Feature"},{"geometry":{"coordinates":[127.0360455,37.5771878],"type":"Point"},"id":"A13007002","properties":{"coordinate_status":"provider_xy_crs_unconfirmed","households":435,"kapt_code":"A13007002","name":"용두롯데캐슬피렌체","property_aptseq_join":"not_established","source_id":"seoul-openaptinfo"},"type":"Feature"},{"geometry":{"coordinates":[127.0322964,37.5726319],"type":"Point"},"id":"A13007004","properties":{"coordinate_status":"provider_xy_crs_unconfirmed","households":772,"kapt_code":"A13007004","name":"용두신동아","property_aptseq_join":"not_established","source_id":"seoul-openaptinfo"},"type":"Feature"},{"geometry":{"coordinates":[127.063182,37.6041205],"type":"Point"},"id":"A13008001","properties":{"coordinate_status":"provider_xy_crs_unconfirmed","households":166,"kapt_code":"A13008001","name":"신이문금호어울림","property_aptseq_join":"unique_official_road_address_and_name","property_complex_id":"molit-apt:11230:11230-2126","property_release_id":"property-eea48453a819f517","source_id":"seoul-openaptinfo"},"type":"Feature"},{"geometry":{"coordinates":[127.0675572,37.5926669],"type":"Point"},"id":"A13009001","properties":{"coordinate_status":"provider_xy_crs_unconfirmed","households":490,"kapt_code":"A13009001","name":"휘경동양1.2차","property_aptseq_join":"not_established","source_id":"seoul-openaptinfo"},"type":"Feature"},{"geometry":{"coordinates":[127.0707607,37.5830037],"type":"Point"},"id":"A13009002","properties":{"coordinate_status":"provider_xy_crs_unconfirmed","households":1224,"kapt_code":"A13009002","name":"휘경리오포레1단지","property_aptseq_join":"not_established","source_id":"seoul-openaptinfo"},"type":"Feature"},{"geometry":{"coordinates":[127.0663104,37.5903425],"type":"Point"},"id":"A13009003","properties":{"coordinate_status":"provider_xy_crs_unconfirmed","households":451,"kapt_code":"A13009003","name":"브라운스톤휘경","property_aptseq_join":"unique_official_road_address_and_name","property_complex_id":"molit-apt:11230:11230-2283","property_release_id":"property-eea48453a819f517","source_id":"seoul-openaptinfo"},"type":"Feature"},{"geometry":{"coordinates":[127.063941,37.5917499],"type":"Point"},"id":"A13009101","properties":{"coordinate_status":"provider_xy_crs_unconfirmed","households":239,"kapt_code":"A13009101","name":"휘경롯데낙천대","property_aptseq_join":"not_established","source_id":"seoul-openaptinfo"},"type":"Feature"},{"geometry":{"coordinates":[127.0734291,37.5818757],"type":"Point"},"id":"A13009202","properties":{"coordinate_status":"provider_xy_crs_unconfirmed","households":216,"kapt_code":"A13009202","name":"휘경동일하이빌","property_aptseq_join":"unique_official_road_address_and_name","property_complex_id":"molit-apt:11230:11230-1996","property_release_id":"property-eea48453a819f517","source_id":"seoul-openaptinfo"},"type":"Feature"},{"geometry":{"coordinates":[127.0686947,37.5874125],"type":"Point"},"id":"A13009206","properties":{"coordinate_status":"provider_xy_crs_unconfirmed","households":445,"kapt_code":"A13009206","name":"휘경동일스위트리버","property_aptseq_join":"not_established","source_id":"seoul-openaptinfo"},"type":"Feature"},{"geometry":{"coordinates":[127.0715649,37.5685321],"type":"Point"},"id":"A13010001","properties":{"coordinate_status":"provider_xy_crs_unconfirmed","households":193,"kapt_code":"A13010001","name":"장안2차현대홈타운","property_aptseq_join":"not_established","source_id":"seoul-openaptinfo"},"type":"Feature"},{"geometry":{"coordinates":[127.0698761,37.5716753],"type":"Point"},"id":"A13010002","properties":{"coordinate_status":"provider_xy_crs_unconfirmed","households":254,"kapt_code":"A13010002","name":"장안삼성쉐르빌","property_aptseq_join":"unique_official_road_address_and_name","property_complex_id":"molit-apt:11230:11230-38","property_release_id":"property-eea48453a819f517","source_id":"seoul-openaptinfo"},"type":"Feature"},{"geometry":{"coordinates":[127.0688912,37.5812961],"type":"Point"},"id":"A13010003","properties":{"coordinate_status":"provider_xy_crs_unconfirmed","households":456,"kapt_code":"A13010003","name":"장안현대","property_aptseq_join":"unique_official_road_address_and_name","property_complex_id":"molit-apt:11230:11230-36","property_release_id":"property-eea48453a819f517","source_id":"seoul-openaptinfo"},"type":"Feature"},{"geometry":{"coordinates":[127.0753766,37.5759749],"type":"Point"},"id":"A13010004","properties":{"coordinate_status":"provider_xy_crs_unconfirmed","households":859,"kapt_code":"A13010004","name":"장안현대힐스테이트","property_aptseq_join":"not_established","source_id":"seoul-openaptinfo"},"type":"Feature"},{"geometry":{"coordinates":[127.0754092,37.5739731],"type":"Point"},"id":"A13010005","properties":{"coordinate_status":"provider_xy_crs_unconfirmed","households":1786,"kapt_code":"A13010005","name":"래미안장안2차","property_aptseq_join":"unique_official_road_address_and_name","property_complex_id":"molit-apt:11230:11230-129","property_release_id":"property-eea48453a819f517","source_id":"seoul-openaptinfo"},"type":"Feature"},{"geometry":{"coordinates":[127.0745688,37.5698432],"type":"Point"},"id":"A13010006","properties":{"coordinate_status":"provider_xy_crs_unconfirmed","households":2182,"kapt_code":"A13010006","name":"장안현대홈타운","property_aptseq_join":"not_established","source_id":"seoul-openaptinfo"},"type":"Feature"},{"geometry":{"coordinates":[127.0529551,37.590378],"type":"Point"},"id":"A13070101","properties":{"coordinate_status":"provider_xy_crs_unconfirmed","households":190,"kapt_code":"A13070101","name":"회기힐스테이트","property_aptseq_join":"unique_official_road_address_and_name","property_complex_id":"molit-apt:11230:11230-2239","property_release_id":"property-eea48453a819f517","source_id":"seoul-openaptinfo"},"type":"Feature"},{"geometry":{"coordinates":[127.035661,37.5755],"type":"Point"},"id":"A13070301","properties":{"coordinate_status":"provider_xy_crs_unconfirmed","households":844,"kapt_code":"A13070301","name":"래미안허브리츠","property_aptseq_join":"unique_official_road_address_and_name","property_complex_id":"molit-apt:11230:11230-2198","property_release_id":"property-eea48453a819f517","source_id":"seoul-openaptinfo"},"type":"Feature"},{"geometry":{"coordinates":[127.0369774,37.5763303],"type":"Point"},"id":"A13070302","properties":{"coordinate_status":"provider_xy_crs_unconfirmed","households":210,"kapt_code":"A13070302","name":"래미안용두1차","property_aptseq_join":"not_established","source_id":"seoul-openaptinfo"},"type":"Feature"},{"geometry":{"coordinates":[127.0450821,37.5854139],"type":"Point"},"id":"A13071201","properties":{"coordinate_status":"provider_xy_crs_unconfirmed","households":150,"kapt_code":"A13071201","name":"청량리홍릉동부임대","property_aptseq_join":"not_established","source_id":"seoul-openaptinfo"},"type":"Feature"},{"geometry":{"coordinates":[127.0462304,37.5749269],"type":"Point"},"id":"A13071301","properties":{"coordinate_status":"provider_xy_crs_unconfirmed","households":220,"kapt_code":"A13071301","name":"전농동아임대","property_aptseq_join":"not_established","source_id":"seoul-openaptinfo"},"type":"Feature"},{"geometry":{"coordinates":[127.049688319,37.57552441],"type":"Point"},"id":"A13071302","properties":{"coordinate_status":"provider_xy_crs_unconfirmed","households":2397,"kapt_code":"A13071302","name":"래미안크레시티","property_aptseq_join":"unique_official_road_address_and_name","property_complex_id":"molit-apt:11230:11230-2578","property_release_id":"property-eea48453a819f517","source_id":"seoul-openaptinfo"},"type":"Feature"},{"geometry":{"coordinates":[127.065374,37.575779],"type":"Point"},"id":"A13075402","properties":{"coordinate_status":"provider_xy_crs_unconfirmed","households":472,"kapt_code":"A13075402","name":"래미안엘파인","property_aptseq_join":"unique_official_road_address_and_name","property_complex_id":"molit-apt:11230:11230-2157","property_release_id":"property-eea48453a819f517","source_id":"seoul-openaptinfo"},"type":"Feature"},{"geometry":{"coordinates":[127.0611525,37.5751663],"type":"Point"},"id":"A13075403","properties":{"coordinate_status":"provider_xy_crs_unconfirmed","households":432,"kapt_code":"A13075403","name":"답십리청솔우성제2","property_aptseq_join":"not_established","source_id":"seoul-openaptinfo"},"type":"Feature"},{"geometry":{"coordinates":[127.061107,37.5682471],"type":"Point"},"id":"A13075404","properties":{"coordinate_status":"provider_xy_crs_unconfirmed","households":492,"kapt_code":"A13075404","name":"답십리동아제2","property_aptseq_join":"not_established","source_id":"seoul-openaptinfo"},"type":"Feature"},{"geometry":{"coordinates":[127.0592655,37.5688105],"type":"Point"},"id":"A13075405","properties":{"coordinate_status":"provider_xy_crs_unconfirmed","households":310,"kapt_code":"A13075405","name":"답십리두산제2","property_aptseq_join":"not_established","source_id":"seoul-openaptinfo"},"type":"Feature"},{"geometry":{"coordinates":[127.0568469,37.6004297],"type":"Point"},"id":"A13076801","properties":{"coordinate_status":"provider_xy_crs_unconfirmed","households":379,"kapt_code":"A13076801","name":"이문삼성래미안아파트","property_aptseq_join":"not_established","source_id":"seoul-openaptinfo"},"type":"Feature"},{"geometry":{"coordinates":[127.0391833,37.5888362],"type":"Point"},"id":"A13077201","properties":{"coordinate_status":"provider_xy_crs_unconfirmed","households":260,"kapt_code":"A13077201","name":"제기한신제2임대아파트","property_aptseq_join":"not_established","source_id":"seoul-openaptinfo"},"type":"Feature"},{"geometry":{"coordinates":[127.0644927,37.5915179],"type":"Point"},"id":"A13077702","properties":{"coordinate_status":"provider_xy_crs_unconfirmed","households":345,"kapt_code":"A13077702","name":"휘경 미소지움아파트","property_aptseq_join":"unique_official_road_address_and_name","property_complex_id":"molit-apt:11230:11230-52","property_release_id":"property-eea48453a819f517","source_id":"seoul-openaptinfo"},"type":"Feature"},{"geometry":{"coordinates":[127.0633712,37.5910981],"type":"Point"},"id":"A13077703","properties":{"coordinate_status":"provider_xy_crs_unconfirmed","households":265,"kapt_code":"A13077703","name":"휘경롯데1차","property_aptseq_join":"not_established","source_id":"seoul-openaptinfo"},"type":"Feature"},{"geometry":{"coordinates":[127.0684021,37.5910393],"type":"Point"},"id":"A13078301","properties":{"coordinate_status":"provider_xy_crs_unconfirmed","households":297,"kapt_code":"A13078301","name":"휘경센트레빌","property_aptseq_join":"unique_official_road_address_and_name","property_complex_id":"molit-apt:11230:11230-2232","property_release_id":"property-eea48453a819f517","source_id":"seoul-openaptinfo"},"type":"Feature"},{"geometry":{"coordinates":[127.0625289,37.5664908],"type":"Point"},"id":"A13078701","properties":{"coordinate_status":"provider_xy_crs_unconfirmed","households":157,"kapt_code":"A13078701","name":"장안위더스빌","property_aptseq_join":"unique_official_road_address_and_name","property_complex_id":"molit-apt:11230:11230-2231","property_release_id":"property-eea48453a819f517","source_id":"seoul-openaptinfo"},"type":"Feature"},{"geometry":{"coordinates":[127.0630015,37.6047975],"type":"Point"},"id":"A13079401","properties":{"coordinate_status":"provider_xy_crs_unconfirmed","households":181,"kapt_code":"A13079401","name":"대림아파트201동","property_aptseq_join":"not_established","source_id":"seoul-openaptinfo"},"type":"Feature"},{"geometry":{"coordinates":[127.0708389,37.6022736],"type":"Point"},"id":"A13079402","properties":{"coordinate_status":"provider_xy_crs_unconfirmed","households":188,"kapt_code":"A13079402","name":"이문현대임대","property_aptseq_join":"not_established","source_id":"seoul-openaptinfo"},"type":"Feature"},{"geometry":{"coordinates":[127.0679412,37.6017621],"type":"Point"},"id":"A13079403","properties":{"coordinate_status":"provider_xy_crs_unconfirmed","households":245,"kapt_code":"A13079403","name":"이문쌍용임대","property_aptseq_join":"not_established","source_id":"seoul-openaptinfo"},"type":"Feature"},{"geometry":{"coordinates":[127.0534582,37.57342],"type":"Point"},"id":"A13080201","properties":{"coordinate_status":"provider_xy_crs_unconfirmed","households":319,"kapt_code":"A13080201","name":"답십리대우","property_aptseq_join":"unique_official_road_address_and_name","property_complex_id":"molit-apt:11230:11230-18","property_release_id":"property-eea48453a819f517","source_id":"seoul-openaptinfo"},"type":"Feature"},{"geometry":{"coordinates":[127.0445899,37.5748075],"type":"Point"},"id":"A13080702","properties":{"coordinate_status":"provider_xy_crs_unconfirmed","households":225,"kapt_code":"A13080702","name":"신답경남아파트","property_aptseq_join":"unique_official_road_address_and_name","property_complex_id":"molit-apt:11230:11230-16","property_release_id":"property-eea48453a819f517","source_id":"seoul-openaptinfo"},"type":"Feature"},{"geometry":{"coordinates":[127.0634237,37.5706382],"type":"Point"},"id":"A13080801","properties":{"coordinate_status":"provider_xy_crs_unconfirmed","households":228,"kapt_code":"A13080801","name":"답십리대림","property_aptseq_join":"not_established","source_id":"seoul-openaptinfo"},"type":"Feature"},{"geometry":{"coordinates":[127.067574,37.5959326],"type":"Point"},"id":"A13082501","properties":{"coordinate_status":"provider_xy_crs_unconfirmed","households":353,"kapt_code":"A13082501","name":"이문삼익아파트","property_aptseq_join":"not_established","source_id":"seoul-openaptinfo"},"type":"Feature"},{"geometry":{"coordinates":[127.0646356,37.5964835],"type":"Point"},"id":"A13082502","properties":{"coordinate_status":"provider_xy_crs_unconfirmed","households":302,"kapt_code":"A13082502","name":"이문중앙하이츠빌","property_aptseq_join":"not_established","source_id":"seoul-openaptinfo"},"type":"Feature"},{"geometry":{"coordinates":[127.0698249,37.6025608],"type":"Point"},"id":"A13082702","properties":{"coordinate_status":"provider_xy_crs_unconfirmed","households":490,"kapt_code":"A13082702","name":"이문1차푸르지오","property_aptseq_join":"not_established","source_id":"seoul-openaptinfo"},"type":"Feature"},{"geometry":{"coordinates":[127.070234,37.6013336],"type":"Point"},"id":"A13082703","properties":{"coordinate_status":"provider_xy_crs_unconfirmed","households":601,"kapt_code":"A13082703","name":"이문현대","property_aptseq_join":"not_established","source_id":"seoul-openaptinfo"},"type":"Feature"},{"geometry":{"coordinates":[127.0685035,37.5997847],"type":"Point"},"id":"A13082704","properties":{"coordinate_status":"provider_xy_crs_unconfirmed","households":1318,"kapt_code":"A13082704","name":"이문쌍용","property_aptseq_join":"not_established","source_id":"seoul-openaptinfo"},"type":"Feature"},{"geometry":{"coordinates":[127.0648775,37.6047456],"type":"Point"},"id":"A13082805","properties":{"coordinate_status":"provider_xy_crs_unconfirmed","households":1378,"kapt_code":"A13082805","name":"이문e-편한세상","property_aptseq_join":"not_established","source_id":"seoul-openaptinfo"},"type":"Feature"},{"geometry":{"coordinates":[127.0600617,37.593404],"type":"Point"},"id":"A13083102","properties":{"coordinate_status":"provider_xy_crs_unconfirmed","households":648,"kapt_code":"A13083102","name":"래미안이문2차","property_aptseq_join":"unique_official_road_address_and_name","property_complex_id":"molit-apt:11230:11230-125","property_release_id":"property-eea48453a819f517","source_id":"seoul-openaptinfo"},"type":"Feature"},{"geometry":{"coordinates":[127.0732291,37.5660182],"type":"Point"},"id":"A13084101","properties":{"coordinate_status":"provider_xy_crs_unconfirmed","households":558,"kapt_code":"A13084101","name":"래미안장안","property_aptseq_join":"unique_official_road_address_and_name","property_complex_id":"molit-apt:11230:11230-70","property_release_id":"property-eea48453a819f517","source_id":"seoul-openaptinfo"},"type":"Feature"},{"geometry":{"coordinates":[127.0719296,37.5795394],"type":"Point"},"id":"A13084701","properties":{"coordinate_status":"provider_xy_crs_unconfirmed","households":300,"kapt_code":"A13084701","name":"장안한신","property_aptseq_join":"not_established","source_id":"seoul-openaptinfo"},"type":"Feature"},{"geometry":{"coordinates":[127.0628042,37.5773883],"type":"Point"},"id":"A13084802","properties":{"coordinate_status":"provider_xy_crs_unconfirmed","households":848,"kapt_code":"A13084802","name":"전농SK제2(임대)","property_aptseq_join":"not_established","source_id":"seoul-openaptinfo"},"type":"Feature"},{"geometry":{"coordinates":[127.0649702,37.5772753],"type":"Point"},"id":"A13084803","properties":{"coordinate_status":"provider_xy_crs_unconfirmed","households":1234,"kapt_code":"A13084803","name":"전농우성","property_aptseq_join":"not_established","source_id":"seoul-openaptinfo"},"type":"Feature"},{"geometry":{"coordinates":[127.0595598,37.5764855],"type":"Point"},"id":"A13084804","properties":{"coordinate_status":"provider_xy_crs_unconfirmed","households":1830,"kapt_code":"A13084804","name":"전농SK","property_aptseq_join":"unique_official_road_address_and_name","property_complex_id":"molit-apt:11230:11230-10","property_release_id":"property-eea48453a819f517","source_id":"seoul-openaptinfo"},"type":"Feature"},{"geometry":{"coordinates":[127.0556161,37.5819426],"type":"Point"},"id":"A13085301","properties":{"coordinate_status":"provider_xy_crs_unconfirmed","households":463,"kapt_code":"A13085301","name":"전농삼성","property_aptseq_join":"not_established","source_id":"seoul-openaptinfo"},"type":"Feature"},{"geometry":{"coordinates":[127.0458375,37.5749667],"type":"Point"},"id":"A13085901","properties":{"coordinate_status":"provider_xy_crs_unconfirmed","households":360,"kapt_code":"A13085901","name":"전농동아","property_aptseq_join":"not_established","source_id":"seoul-openaptinfo"},"type":"Feature"},{"geometry":{"coordinates":[127.0485695,37.5783111],"type":"Point"},"id":"A13085902","properties":{"coordinate_status":"provider_xy_crs_unconfirmed","households":385,"kapt_code":"A13085902","name":"전농동신성미소지움아파트","property_aptseq_join":"unique_official_road_address_and_name","property_complex_id":"molit-apt:11230:11230-1966","property_release_id":"property-eea48453a819f517","source_id":"seoul-openaptinfo"},"type":"Feature"},{"geometry":{"coordinates":[127.032346,37.5835133],"type":"Point"},"id":"A13086101","properties":{"coordinate_status":"provider_xy_crs_unconfirmed","households":640,"kapt_code":"A13086101","name":"제기안암골벽산","property_aptseq_join":"not_established","source_id":"seoul-openaptinfo"},"type":"Feature"},{"geometry":{"coordinates":[127.0463246,37.5850545],"type":"Point"},"id":"A13086701","properties":{"coordinate_status":"provider_xy_crs_unconfirmed","households":241,"kapt_code":"A13086701","name":"청량리현대","property_aptseq_join":"not_established","source_id":"seoul-openaptinfo"},"type":"Feature"},{"geometry":{"coordinates":[127.047631,37.587325],"type":"Point"},"id":"A13086703","properties":{"coordinate_status":"provider_xy_crs_unconfirmed","households":610,"kapt_code":"A13086703","name":"청량리한신1차","property_aptseq_join":"not_established","source_id":"seoul-openaptinfo"},"type":"Feature"},{"geometry":{"coordinates":[127.0494012,37.5881072],"type":"Point"},"id":"A13086704","properties":{"coordinate_status":"provider_xy_crs_unconfirmed","households":960,"kapt_code":"A13086704","name":"청량리한신","property_aptseq_join":"not_established","source_id":"seoul-openaptinfo"},"type":"Feature"},{"geometry":{"coordinates":[127.0468278,37.5839418],"type":"Point"},"id":"A13086705","properties":{"coordinate_status":"provider_xy_crs_unconfirmed","households":1089,"kapt_code":"A13086705","name":"청량리미주","property_aptseq_join":"not_established","source_id":"seoul-openaptinfo"},"type":"Feature"},{"geometry":{"coordinates":[127.04603,37.5861654],"type":"Point"},"id":"A13086802","properties":{"coordinate_status":"provider_xy_crs_unconfirmed","households":371,"kapt_code":"A13086802","name":"청량리홍릉동부","property_aptseq_join":"not_established","source_id":"seoul-openaptinfo"},"type":"Feature"},{"geometry":{"coordinates":[127.0518397,37.5896298],"type":"Point"},"id":"A13087201","properties":{"coordinate_status":"provider_xy_crs_unconfirmed","households":736,"kapt_code":"A13087201","name":"청량리신현대","property_aptseq_join":"not_established","source_id":"seoul-openaptinfo"},"type":"Feature"},{"geometry":{"coordinates":[127.0711253,37.5841565],"type":"Point"},"id":"A13087401","properties":{"coordinate_status":"provider_xy_crs_unconfirmed","households":160,"kapt_code":"A13087401","name":"휘경서울가든","property_aptseq_join":"not_established","source_id":"seoul-openaptinfo"},"type":"Feature"},{"geometry":{"coordinates":[127.0742104,37.58168],"type":"Point"},"id":"A13087405","properties":{"coordinate_status":"provider_xy_crs_unconfirmed","households":372,"kapt_code":"A13087405","name":"휘경베스트빌현대","property_aptseq_join":"unique_official_road_address_and_name","property_complex_id":"molit-apt:11230:11230-58","property_release_id":"property-eea48453a819f517","source_id":"seoul-openaptinfo"},"type":"Feature"},{"geometry":{"coordinates":[127.0707607,37.5830037],"type":"Point"},"id":"A13087407","properties":{"coordinate_status":"provider_xy_crs_unconfirmed","households":800,"kapt_code":"A13087407","name":"휘경리오포레2단지 아파트","property_aptseq_join":"not_established","source_id":"seoul-openaptinfo"},"type":"Feature"},{"geometry":{"coordinates":[127.0975415,37.6063234],"type":"Point"},"id":"A13113001","properties":{"coordinate_status":"provider_xy_crs_unconfirmed","households":235,"kapt_code":"A13113001","name":"신내동성7차","property_aptseq_join":"not_established","source_id":"seoul-openaptinfo"},"type":"Feature"},{"geometry":{"coordinates":[127.1002646,37.6032482],"type":"Point"},"id":"A13113002","properties":{"coordinate_status":"provider_xy_crs_unconfirmed","households":284,"kapt_code":"A13113002","name":"신내벽산","property_aptseq_join":"not_established","source_id":"seoul-openaptinfo"},"type":"Feature"},{"geometry":{"coordinates":[127.0964595,37.6067266],"type":"Point"},"id":"A13113003","properties":{"coordinate_status":"provider_xy_crs_unconfirmed","households":478,"kapt_code":"A13113003","name":"신내동성4차","property_aptseq_join":"not_established","source_id":"seoul-openaptinfo"},"type":"Feature"},{"geometry":{"coordinates":[127.0962591,37.608527],"type":"Point"},"id":"A13113004","properties":{"coordinate_status":"provider_xy_crs_unconfirmed","households":800,"kapt_code":"A13113004","name":"신내동성3차아파트","property_aptseq_join":"not_established","source_id":"seoul-openaptinfo"},"type":"Feature"},{"geometry":{"coordinates":[127.0970347,37.6037982],"type":"Point"},"id":"A13113006","properties":{"coordinate_status":"provider_xy_crs_unconfirmed","households":214,"kapt_code":"A13113006","name":"신내경남아너스빌","property_aptseq_join":"not_established","source_id":"seoul-openaptinfo"},"type":"Feature"},{"geometry":{"coordinates":[127.1095902,37.6166178],"type":"Point"},"id":"A13113007","properties":{"coordinate_status":"provider_xy_crs_unconfirmed","households":1896,"kapt_code":"A13113007","name":"신내 데시앙포레","property_aptseq_join":"unique_official_road_address_and_name","property_complex_id":"molit-apt:11260:11260-2821","property_release_id":"property-eea48453a819f517","source_id":"seoul-openaptinfo"},"type":"Feature"},{"geometry":{"coordinates":[127.1067198,37.6188699],"type":"Point"},"id":"A13113008","properties":{"coordinate_status":"provider_xy_crs_unconfirmed","households":1402,"kapt_code":"A13113008","name":"신내우디안1단지","property_aptseq_join":"unique_official_road_address_and_name","property_complex_id":"molit-apt:11260:11260-2893","property_release_id":"property-eea48453a819f517","source_id":"seoul-openaptinfo"},"type":"Feature"},{"geometry":{"coordinates":[127.0737502,37.6105575],"type":"Point"},"id":"A13114002","properties":{"coordinate_status":"provider_xy_crs_unconfirmed","households":601,"kapt_code":"A13114002","name":"묵동아이파크","property_aptseq_join":"not_established","source_id":"seoul-openaptinfo"},"type":"Feature"},{"geometry":{"coordinates":[127.0800529,37.6127305],"type":"Point"},"id":"A13114103","properties":{"coordinate_status":"provider_xy_crs_unconfirmed","households":193,"kapt_code":"A13114103","name":"묵동금호어울림","property_aptseq_join":"not_established","source_id":"seoul-openaptinfo"},"type":"Feature"},{"geometry":{"coordinates":[127.0817861,37.612484],"type":"Point"},"id":"A13114106","properties":{"coordinate_status":"provider_xy_crs_unconfirmed","households":248,"kapt_code":"A13114106","name":"묵동신안3차","property_aptseq_join":"not_established","source_id":"seoul-openaptinfo"},"type":"Feature"},{"geometry":{"coordinates":[127.0747746,37.613353],"type":"Point"},"id":"A13114201","properties":{"coordinate_status":"provider_xy_crs_unconfirmed","households":163,"kapt_code":"A13114201","name":"묵동동구햇살","property_aptseq_join":"not_established","source_id":"seoul-openaptinfo"},"type":"Feature"},{"geometry":{"coordinates":[127.0841438,37.5868369],"type":"Point"},"id":"A13120001","properties":{"coordinate_status":"provider_xy_crs_unconfirmed","households":199,"kapt_code":"A13120001","name":"면목마젤란21","property_aptseq_join":"not_established","source_id":"seoul-openaptinfo"},"type":"Feature"},{"geometry":{"coordinates":[127.080675138,37.577601274],"type":"Point"},"id":"A13120003","properties":{"coordinate_status":"provider_xy_crs_unconfirmed","households":84,"kapt_code":"A13120003","name":"면목두산6차","property_aptseq_join":"not_established","source_id":"seoul-openaptinfo"},"type":"Feature"},{"geometry":{"coordinates":[127.0804639,37.5754912],"type":"Point"},"id":"A13120403","properties":{"coordinate_status":"provider_xy_crs_unconfirmed","households":386,"kapt_code":"A13120403","name":"면목경남아너스빌","property_aptseq_join":"not_established","source_id":"seoul-openaptinfo"},"type":"Feature"},{"geometry":{"coordinates":[127.091721,37.5770579],"type":"Point"},"id":"A13120701","properties":{"coordinate_status":"provider_xy_crs_unconfirmed","households":165,"kapt_code":"A13120701","name":"용마산금호어울림","property_aptseq_join":"unique_official_road_address_and_name","property_complex_id":"molit-apt:11260:11260-2035","property_release_id":"property-eea48453a819f517","source_id":"seoul-openaptinfo"},"type":"Feature"},{"geometry":{"coordinates":[127.0892552,37.5773348],"type":"Point"},"id":"A13120704","properties":{"coordinate_status":"provider_xy_crs_unconfirmed","households":178,"kapt_code":"A13120704","name":"면목금호어울림","property_aptseq_join":"not_established","source_id":"seoul-openaptinfo"},"type":"Feature"},{"geometry":{"coordinates":[127.0911038,37.6024565],"type":"Point"},"id":"A13122001","properties":{"coordinate_status":"provider_xy_crs_unconfirmed","households":467,"kapt_code":"A13122001","name":"상봉건영캐스빌","property_aptseq_join":"not_established","source_id":"seoul-openaptinfo"},"type":"Feature"},{"geometry":{"coordinates":[127.0903793,37.5980973],"type":"Point"},"id":"A13122002","properties":{"coordinate_status":"provider_xy_crs_unconfirmed","households":497,"kapt_code":"A13122002","name":"상봉프레미어스엠코","property_aptseq_join":"not_established","source_id":"seoul-openaptinfo"},"type":"Feature"},{"geometry":{"coordinates":[127.0926848,37.6033569],"type":"Point"},"id":"A13122104","properties":{"coordinate_status":"provider_xy_crs_unconfirmed","households":582,"kapt_code":"A13122104","name":"상봉태영데시앙","property_aptseq_join":"not_established","source_id":"seoul-openaptinfo"},"type":"Feature"},{"geometry":{"coordinates":[127.1020462,37.597046],"type":"Point"},"id":"A13123001","properties":{"coordinate_status":"provider_xy_crs_unconfirmed","households":191,"kapt_code":"A13123001","name":"예성그린캐슬아파트","property_aptseq_join":"unique_official_road_address_and_name","property_complex_id":"molit-apt:11260:11260-115","property_release_id":"property-eea48453a819f517","source_id":"seoul-openaptinfo"},"type":"Feature"},{"geometry":{"coordinates":[127.1049598,37.6023636],"type":"Point"},"id":"A13123002","properties":{"coordinate_status":"provider_xy_crs_unconfirmed","households":381,"kapt_code":"A13123002","name":"중랑숲Liga아파트","property_aptseq_join":"not_established","source_id":"seoul-openaptinfo"},"type":"Feature"},{"geometry":{"coordinates":[127.1084773,37.5999879],"type":"Point"},"id":"A13123101","properties":{"coordinate_status":"provider_xy_crs_unconfirmed","households":198,"kapt_code":"A13123101","name":"망우신원","property_aptseq_join":"not_established","source_id":"seoul-openaptinfo"},"type":"Feature"},{"geometry":{"coordinates":[127.1086486,37.6027744],"type":"Point"},"id":"A13123102","properties":{"coordinate_status":"provider_xy_crs_unconfirmed","households":686,"kapt_code":"A13123102","name":"중랑숲금호어울림","property_aptseq_join":"not_established","source_id":"seoul-openaptinfo"},"type":"Feature"},{"geometry":{"coordinates":[127.0912331,37.5972558],"type":"Point"},"id":"A13170401","properties":{"coordinate_status":"provider_xy_crs_unconfirmed","households":504,"kapt_code":"A13170401","name":"한일써너스빌아파트","property_aptseq_join":"unique_official_road_address_and_name","property_complex_id":"molit-apt:11260:11260-105","property_release_id":"property-eea48453a819f517","source_id":"seoul-openaptinfo"},"type":"Feature"},{"geometry":{"coordinates":[127.074317755,37.587052522],"type":"Point"},"id":"A13175103","properties":{"coordinate_status":"provider_xy_crs_unconfirmed","households":1362,"kapt_code":"A13175103","name":"면목한신","property_aptseq_join":"not_established","source_id":"seoul-openaptinfo"},"type":"Feature"},{"geometry":{"coordinates":[127.1101282,37.6027085],"type":"Point"},"id":"A13176102","properties":{"coordinate_status":"provider_xy_crs_unconfirmed","households":174,"kapt_code":"A13176102","name":"중랑해모로","property_aptseq_join":"not_established","source_id":"seoul-openaptinfo"},"type":"Feature"},{"geometry":{"coordinates":[127.0761342,37.6146204],"type":"Point"},"id":"A13176801","properties":{"coordinate_status":"provider_xy_crs_unconfirmed","households":188,"kapt_code":"A13176801","name":"묵동극동늘푸른아파트","property_aptseq_join":"not_established","source_id":"seoul-openaptinfo"},"type":"Feature"},{"geometry":{"coordinates":[127.091946,37.6153429],"type":"Point"},"id":"A13176901","properties":{"coordinate_status":"provider_xy_crs_unconfirmed","households":1609,"kapt_code":"A13176901","name":"신내6단지","property_aptseq_join":"not_established","source_id":"seoul-openaptinfo"},"type":"Feature"},{"geometry":{"coordinates":[127.0947323,37.6119902],"type":"Point"},"id":"A13176902","properties":{"coordinate_status":"provider_xy_crs_unconfirmed","households":335,"kapt_code":"A13176902","name":"신내9단지임대","property_aptseq_join":"not_established","source_id":"seoul-openaptinfo"},"type":"Feature"},{"geometry":{"coordinates":[127.0878438,37.5918939],"type":"Point"},"id":"A13177701","properties":{"coordinate_status":"provider_xy_crs_unconfirmed","households":905,"kapt_code":"A13177701","name":"면목","property_aptseq_join":"not_established","source_id":"seoul-openaptinfo"},"type":"Feature"},{"geometry":{"coordinates":[127.0994663,37.6109282],"type":"Point"},"id":"A13178101","properties":{"coordinate_status":"provider_xy_crs_unconfirmed","households":1326,"kapt_code":"A13178101","name":"신내데시앙","property_aptseq_join":"not_established","source_id":"seoul-openaptinfo"},"type":"Feature"},{"geometry":{"coordinates":[127.0961012,37.587218],"type":"Point"},"id":"A13181201","properties":{"coordinate_status":"provider_xy_crs_unconfirmed","households":161,"kapt_code":"A13181201","name":"면목신성미소지움","property_aptseq_join":"not_established","source_id":"seoul-openaptinfo"},"type":"Feature"},{"geometry":{"coordinates":[127.0943633,37.582864],"type":"Point"},"id":"A13181203","properties":{"coordinate_status":"provider_xy_crs_unconfirmed","households":440,"kapt_code":"A13181203","name":"용마금호타운","property_aptseq_join":"unique_official_road_address_and_name","property_complex_id":"molit-apt:11260:11260-17","property_release_id":"property-eea48453a819f517","source_id":"seoul-openaptinfo"},"type":"Feature"},{"geometry":{"coordinates":[127.0944705,37.5810758],"type":"Point"},"id":"A13183202","properties":{"coordinate_status":"provider_xy_crs_unconfirmed","households":174,"kapt_code":"A13183202","name":"용마한신2차아파트","property_aptseq_join":"not_established","source_id":"seoul-openaptinfo"},"type":"Feature"},{"geometry":{"coordinates":[127.0954286,37.5811929],"type":"Point"},"id":"A13183204","properties":{"coordinate_status":"provider_xy_crs_unconfirmed","households":565,"kapt_code":"A13183204","name":"용마한신","property_aptseq_join":"unique_official_road_address_and_name","property_complex_id":"molit-apt:11260:11260-19","property_release_id":"property-eea48453a819f517","source_id":"seoul-openaptinfo"},"type":"Feature"},{"geometry":{"coordinates":[127.0944957,37.5786737],"type":"Point"},"id":"A13183303","properties":{"coordinate_status":"provider_xy_crs_unconfirmed","households":174,"kapt_code":"A13183303","name":"용마동아아파트","property_aptseq_join":"unique_official_road_address_and_name","property_complex_id":"molit-apt:11260:11260-18","property_release_id":"property-eea48453a819f517","source_id":"seoul-openaptinfo"},"type":"Feature"},{"geometry":{"coordinates":[127.0904636,37.5783275],"type":"Point"},"id":"A13183405","properties":{"coordinate_status":"provider_xy_crs_unconfirmed","households":256,"kapt_code":"A13183405","name":"면목대원칸타빌","property_aptseq_join":"not_established","source_id":"seoul-openaptinfo"},"type":"Feature"},{"geometry":{"coordinates":[127.0796017,37.5752236],"type":"Point"},"id":"A13183502","properties":{"coordinate_status":"provider_xy_crs_unconfirmed","households":216,"kapt_code":"A13183502","name":"면목삼익","property_aptseq_join":"unique_official_road_address_and_name","property_complex_id":"molit-apt:11260:11260-11","property_release_id":"property-eea48453a819f517","source_id":"seoul-openaptinfo"},"type":"Feature"},{"geometry":{"coordinates":[127.0806504,37.572881],"type":"Point"},"id":"A13183504","properties":{"coordinate_status":"provider_xy_crs_unconfirmed","households":573,"kapt_code":"A13183504","name":"면목늘푸른동아아파트","property_aptseq_join":"not_established","source_id":"seoul-openaptinfo"},"type":"Feature"},{"geometry":{"coordinates":[127.0849955,37.5892249],"type":"Point"},"id":"A13183701","properties":{"coordinate_status":"provider_xy_crs_unconfirmed","households":178,"kapt_code":"A13183701","name":"아남리치카운티","property_aptseq_join":"not_established","source_id":"seoul-openaptinfo"},"type":"Feature"},{"geometry":{"coordinates":[127.0817112,37.578461],"type":"Point"},"id":"A13184107","properties":{"coordinate_status":"provider_xy_crs_unconfirmed","households":555,"kapt_code":"A13184107","name":"면목두산4,5단지","property_aptseq_join":"not_established","source_id":"seoul-openaptinfo"},"type":"Feature"},{"geometry":{"coordinates":[127.0892098,37.5757254],"type":"Point"},"id":"A13184208","properties":{"coordinate_status":"provider_xy_crs_unconfirmed","households":626,"kapt_code":"A13184208","name":"면목현대","property_aptseq_join":"not_established","source_id":"seoul-openaptinfo"},"type":"Feature"},{"geometry":{"coordinates":[127.0729702,37.5889278],"type":"Point"},"id":"A13184301","properties":{"coordinate_status":"provider_xy_crs_unconfirmed","households":266,"kapt_code":"A13184301","name":"면목신성은하수","property_aptseq_join":"not_established","source_id":"seoul-openaptinfo"},"type":"Feature"},{"geometry":{"coordinates":[127.088375,37.5763667],"type":"Point"},"id":"A13184401","properties":{"coordinate_status":"provider_xy_crs_unconfirmed","households":183,"kapt_code":"A13184401","name":"면목삼호","property_aptseq_join":"not_established","source_id":"seoul-openaptinfo"},"type":"Feature"},{"geometry":{"coordinates":[127.0907522,37.5774892],"type":"Point"},"id":"A13184502","properties":{"coordinate_status":"provider_xy_crs_unconfirmed","households":168,"kapt_code":"A13184502","name":"면목성원","property_aptseq_join":"not_established","source_id":"seoul-openaptinfo"},"type":"Feature"},{"geometry":{"coordinates":[127.0848708,37.6166943],"type":"Point"},"id":"A13184609","properties":{"coordinate_status":"provider_xy_crs_unconfirmed","households":1070,"kapt_code":"A13184609","name":"신내4단지","property_aptseq_join":"not_established","source_id":"seoul-openaptinfo"},"type":"Feature"},{"geometry":{"coordinates":[127.0893092,37.6170175],"type":"Point"},"id":"A13184610","properties":{"coordinate_status":"provider_xy_crs_unconfirmed","households":1244,"kapt_code":"A13184610","name":"신내5단지대림두산","property_aptseq_join":"not_established","source_id":"seoul-openaptinfo"},"type":"Feature"},{"geometry":{"coordinates":[127.0775863,37.6168885],"type":"Point"},"id":"A13184804","properties":{"coordinate_status":"provider_xy_crs_unconfirmed","households":221,"kapt_code":"A13184804","name":"묵동신도1차","property_aptseq_join":"not_established","source_id":"seoul-openaptinfo"},"type":"Feature"},{"geometry":{"coordinates":[127.0734985,37.6143473],"type":"Point"},"id":"A13185402","properties":{"coordinate_status":"provider_xy_crs_unconfirmed","households":225,"kapt_code":"A13185402","name":"묵동한국","property_aptseq_join":"not_established","source_id":"seoul-openaptinfo"},"type":"Feature"},{"geometry":{"coordinates":[127.0835522,37.6153547],"type":"Point"},"id":"A13185501","properties":{"coordinate_status":"provider_xy_crs_unconfirmed","households":159,"kapt_code":"A13185501","name":"묵동세방","property_aptseq_join":"not_established","source_id":"seoul-openaptinfo"},"type":"Feature"},{"geometry":{"coordinates":[127.0800228,37.6141168],"type":"Point"},"id":"A13185502","properties":{"coordinate_status":"provider_xy_crs_unconfirmed","households":171,"kapt_code":"A13185502","name":"묵동신안2차","property_aptseq_join":"not_established","source_id":"seoul-openaptinfo"},"type":"Feature"},{"geometry":{"coordinates":[127.0810011,37.6128576],"type":"Point"},"id":"A13185507","properties":{"coordinate_status":"provider_xy_crs_unconfirmed","households":285,"kapt_code":"A13185507","name":"묵동신안1차","property_aptseq_join":"not_established","source_id":"seoul-openaptinfo"},"type":"Feature"},{"geometry":{"coordinates":[127.0824499,37.6189128],"type":"Point"},"id":"A13185508","properties":{"coordinate_status":"provider_xy_crs_unconfirmed","households":587,"kapt_code":"A13185508","name":"브라운스톤태릉","property_aptseq_join":"unique_official_road_address_and_name","property_complex_id":"molit-apt:11260:11260-108","property_release_id":"property-eea48453a819f517","source_id":"seoul-openaptinfo"},"type":"Feature"},{"geometry":{"coordinates":[127.0886359,37.5996773],"type":"Point"},"id":"A13185602","properties":{"coordinate_status":"provider_xy_crs_unconfirmed","households":375,"kapt_code":"A13185602","name":"상봉우정","property_aptseq_join":"not_established","source_id":"seoul-openaptinfo"},"type":"Feature"},{"geometry":{"coordinates":[127.0934783,37.6039877],"type":"Point"},"id":"A13185603","properties":{"coordinate_status":"provider_xy_crs_unconfirmed","households":408,"kapt_code":"A13185603","name":"신내건영1차","property_aptseq_join":"not_established","source_id":"seoul-openaptinfo"},"type":"Feature"},{"geometry":{"coordinates":[127.0931157,37.6010825],"type":"Point"},"id":"A13185607","properties":{"coordinate_status":"provider_xy_crs_unconfirmed","households":1113,"kapt_code":"A13185607","name":"신내건영2차아파트","property_aptseq_join":"not_established","source_id":"seoul-openaptinfo"},"type":"Feature"},{"geometry":{"coordinates":[126.9764363,37.4886826],"type":"Point"},"id":"A13186305","properties":{"coordinate_status":"provider_xy_crs_unconfirmed","households":858,"kapt_code":"A13186305","name":"신내엘지쌍용","property_aptseq_join":"not_established","source_id":"seoul-openaptinfo"},"type":"Feature"},{"geometry":{"coordinates":[127.0911463,37.6053662],"type":"Point"},"id":"A13186306","properties":{"coordinate_status":"provider_xy_crs_unconfirmed","households":1000,"kapt_code":"A13186306","name":"신내12단지","property_aptseq_join":"not_established","source_id":"seoul-openaptinfo"},"type":"Feature"},{"geometry":{"coordinates":[127.093838,37.6020644],"type":"Point"},"id":"A13186401","properties":{"coordinate_status":"provider_xy_crs_unconfirmed","households":368,"kapt_code":"A13186401","name":"동부아파트","property_aptseq_join":"unique_official_road_address_and_name","property_complex_id":"molit-apt:11260:11260-35","property_release_id":"property-eea48453a819f517","source_id":"seoul-openaptinfo"},"type":"Feature"},{"geometry":{"coordinates":[127.0987566,37.6061739],"type":"Point"},"id":"A13186502","properties":{"coordinate_status":"provider_xy_crs_unconfirmed","households":153,"kapt_code":"A13186502","name":"신내우남푸르미아","property_aptseq_join":"not_established","source_id":"seoul-openaptinfo"},"type":"Feature"},{"geometry":{"coordinates":[127.1011542,37.6037095],"type":"Point"},"id":"A13186503","properties":{"coordinate_status":"provider_xy_crs_unconfirmed","households":242,"kapt_code":"A13186503","name":"신내석탑","property_aptseq_join":"not_established","source_id":"seoul-openaptinfo"},"type":"Feature"},{"geometry":{"coordinates":[127.1001416,37.6055942],"type":"Point"},"id":"A13186504","properties":{"coordinate_status":"provider_xy_crs_unconfirmed","households":260,"kapt_code":"A13186504","name":"신내영풍마드레빌","property_aptseq_join":"not_established","source_id":"seoul-openaptinfo"},"type":"Feature"},{"geometry":{"coordinates":[127.098393,37.6092058],"type":"Point"},"id":"A13186708","properties":{"coordinate_status":"provider_xy_crs_unconfirmed","households":1047,"kapt_code":"A13186708","name":"신내동성1,2차","property_aptseq_join":"not_established","source_id":"seoul-openaptinfo"},"type":"Feature"},{"geometry":{"coordinates":[127.0971514,37.6060585],"type":"Point"},"id":"A13186801","properties":{"coordinate_status":"provider_xy_crs_unconfirmed","households":152,"kapt_code":"A13186801","name":"신내다우훼밀리","property_aptseq_join":"not_established","source_id":"seoul-openaptinfo"},"type":"Feature"},{"geometry":{"coordinates":[127.0990429,37.6032755],"type":"Point"},"id":"A13186905","properties":{"coordinate_status":"provider_xy_crs_unconfirmed","households":277,"kapt_code":"A13186905","name":"라이프미성","property_aptseq_join":"unique_official_road_address_and_name","property_complex_id":"molit-apt:11260:11260-86","property_release_id":"property-eea48453a819f517","source_id":"seoul-openaptinfo"},"type":"Feature"},{"geometry":{"coordinates":[127.0981187,37.6033568],"type":"Point"},"id":"A13186907","properties":{"coordinate_status":"provider_xy_crs_unconfirmed","households":704,"kapt_code":"A13186907","name":"중앙하이츠","property_aptseq_join":"not_established","source_id":"seoul-openaptinfo"},"type":"Feature"},{"geometry":{"coordinates":[127.0947898,37.6048367],"type":"Point"},"id":"A13187004","properties":{"coordinate_status":"provider_xy_crs_unconfirmed","households":876,"kapt_code":"A13187004","name":"신내성원","property_aptseq_join":"not_established","source_id":"seoul-openaptinfo"},"type":"Feature"},{"geometry":{"coordinates":[127.0951075,37.6137027],"type":"Point"},"id":"A13187201","properties":{"coordinate_status":"provider_xy_crs_unconfirmed","households":763,"kapt_code":"A13187201","name":"신내8단지두산화성","property_aptseq_join":"not_established","source_id":"seoul-openaptinfo"},"type":"Feature"},{"geometry":{"coordinates":[127.093395,37.6141198],"type":"Point"},"id":"A13187203","properties":{"coordinate_status":"provider_xy_crs_unconfirmed","households":818,"kapt_code":"A13187203","name":"신내진로아파트","property_aptseq_join":"not_established","source_id":"seoul-openaptinfo"},"type":"Feature"},{"geometry":{"coordinates":[127.0942125,37.6073321],"type":"Point"},"id":"A13187302","properties":{"coordinate_status":"provider_xy_crs_unconfirmed","households":804,"kapt_code":"A13187302","name":"신내대명11단지","property_aptseq_join":"not_established","source_id":"seoul-openaptinfo"},"type":"Feature"},{"geometry":{"coordinates":[127.0944007,37.6122193],"type":"Point"},"id":"A13187305","properties":{"coordinate_status":"provider_xy_crs_unconfirmed","households":1315,"kapt_code":"A13187305","name":"신내9단지","property_aptseq_join":"not_established","source_id":"seoul-openaptinfo"},"type":"Feature"},{"geometry":{"coordinates":[127.0946105,37.6092763],"type":"Point"},"id":"A13187306","properties":{"coordinate_status":"provider_xy_crs_unconfirmed","households":1432,"kapt_code":"A13187306","name":"신내10단지","property_aptseq_join":"not_established","source_id":"seoul-openaptinfo"},"type":"Feature"},{"geometry":{"coordinates":[127.1014689,37.6051873],"type":"Point"},"id":"A13187406","properties":{"coordinate_status":"provider_xy_crs_unconfirmed","households":532,"kapt_code":"A13187406","name":"신내새한아파트","property_aptseq_join":"not_established","source_id":"seoul-openaptinfo"},"type":"Feature"},{"geometry":{"coordinates":[127.0837949,37.6036519],"type":"Point"},"id":"A13187501","properties":{"coordinate_status":"provider_xy_crs_unconfirmed","households":156,"kapt_code":"A13187501","name":"중화극동","property_aptseq_join":"not_established","source_id":"seoul-openaptinfo"},"type":"Feature"},{"geometry":{"coordinates":[127.0825323,37.5973448],"type":"Point"},"id":"A13187702","properties":{"coordinate_status":"provider_xy_crs_unconfirmed","households":1544,"kapt_code":"A13187702","name":"중화한신아파트","property_aptseq_join":"not_established","source_id":"seoul-openaptinfo"},"type":"Feature"},{"geometry":{"coordinates":[127.0829987,37.5801261],"type":"Point"},"id":"A13188406","properties":{"coordinate_status":"provider_xy_crs_unconfirmed","households":345,"kapt_code":"A13188406","name":"면목두산2.3차","property_aptseq_join":"not_established","source_id":"seoul-openaptinfo"},"type":"Feature"},{"geometry":{"coordinates":[127.049861,37.6783964],"type":"Point"},"id":"A13201001","properties":{"coordinate_status":"provider_xy_crs_unconfirmed","households":159,"kapt_code":"A13201001","name":"도봉서광","property_aptseq_join":"not_established","source_id":"seoul-openaptinfo"},"type":"Feature"},{"geometry":{"coordinates":[127.050616649,37.682620803],"type":"Point"},"id":"A13201002","properties":{"coordinate_status":"provider_xy_crs_unconfirmed","households":245,"kapt_code":"A13201002","name":"서울도봉","property_aptseq_join":"not_established","source_id":"seoul-openaptinfo"},"type":"Feature"},{"geometry":{"coordinates":[127.0476751,37.676276],"type":"Point"},"id":"A13201201","properties":{"coordinate_status":"provider_xy_crs_unconfirmed","households":190,"kapt_code":"A13201201","name":"도봉현대성우","property_aptseq_join":"not_established","source_id":"seoul-openaptinfo"},"type":"Feature"},{"geometry":{"coordinates":[127.048658,37.6876334],"type":"Point"},"id":"A13201202","properties":{"coordinate_status":"provider_xy_crs_unconfirmed","households":200,"kapt_code":"A13201202","name":"도봉파크빌3단지","property_aptseq_join":"not_established","source_id":"seoul-openaptinfo"},"type":"Feature"},{"geometry":{"coordinates":[127.0496186,37.6825214],"type":"Point"},"id":"A13201203","properties":{"coordinate_status":"provider_xy_crs_unconfirmed","households":205,"kapt_code":"A13201203","name":"도봉극동아파트","property_aptseq_join":"not_established","source_id":"seoul-openaptinfo"},"type":"Feature"},{"geometry":{"coordinates":[127.0469082,37.6815145],"type":"Point"},"id":"A13201206","properties":{"coordinate_status":"provider_xy_crs_unconfirmed","households":526,"kapt_code":"A13201206","name":"도봉동아에코빌","property_aptseq_join":"not_established","source_id":"seoul-openaptinfo"},"type":"Feature"},{"geometry":{"coordinates":[127.0488068,37.6810071],"type":"Point"},"id":"A13201207","properties":{"coordinate_status":"provider_xy_crs_unconfirmed","households":660,"kapt_code":"A13201207","name":"도봉삼환","property_aptseq_join":"not_established","source_id":"seoul-openaptinfo"},"type":"Feature"},{"geometry":{"coordinates":[127.04809,37.6734511],"type":"Point"},"id":"A13201208","properties":{"coordinate_status":"provider_xy_crs_unconfirmed","households":1716,"kapt_code":"A13201208","name":"서원아파트","property_aptseq_join":"not_established","source_id":"seoul-openaptinfo"},"type":"Feature"},{"geometry":{"coordinates":[127.0480587,37.6857192],"type":"Point"},"id":"A13201209","properties":{"coordinate_status":"provider_xy_crs_unconfirmed","households":2678,"kapt_code":"A13201209","name":"도봉한신","property_aptseq_join":"not_established","source_id":"seoul-openaptinfo"},"type":"Feature"},{"geometry":{"coordinates":[127.0478802,37.6655235],"type":"Point"},"id":"A13202002","properties":{"coordinate_status":"provider_xy_crs_unconfirmed","households":1278,"kapt_code":"A13202002","name":"대상타운현대","property_aptseq_join":"unique_official_road_address_and_name","property_complex_id":"molit-apt:11320:11320-36","property_release_id":"property-eea48453a819f517","source_id":"seoul-openaptinfo"},"type":"Feature"},{"geometry":{"coordinates":[127.0356742,37.6618155],"type":"Point"},"id":"A13202102","properties":{"coordinate_status":"provider_xy_crs_unconfirmed","households":258,"kapt_code":"A13202102","name":"방학성원","property_aptseq_join":"not_established","source_id":"seoul-openaptinfo"},"type":"Feature"},{"geometry":{"coordinates":[127.0458277,37.6650791],"type":"Point"},"id":"A13202103","properties":{"coordinate_status":"provider_xy_crs_unconfirmed","households":288,"kapt_code":"A13202103","name":"방학삼성래미안2단지","property_aptseq_join":"not_established","source_id":"seoul-openaptinfo"},"type":"Feature"},{"geometry":{"coordinates":[127.0268136,37.6645017],"type":"Point"},"id":"A13202302","properties":{"coordinate_status":"provider_xy_crs_unconfirmed","households":167,"kapt_code":"A13202302","name":"방학극동아파트","property_aptseq_join":"not_established","source_id":"seoul-openaptinfo"},"type":"Feature"},{"geometry":{"coordinates":[127.0281276,37.6628505],"type":"Point"},"id":"A13202304","properties":{"coordinate_status":"provider_xy_crs_unconfirmed","households":220,"kapt_code":"A13202304","name":"대원그린아파트","property_aptseq_join":"unique_official_road_address_and_name","property_complex_id":"molit-apt:11320:11320-37","property_release_id":"property-eea48453a819f517","source_id":"seoul-openaptinfo"},"type":"Feature"},{"geometry":{"coordinates":[127.0317924,37.6612354],"type":"Point"},"id":"A13202306","properties":{"coordinate_status":"provider_xy_crs_unconfirmed","households":336,"kapt_code":"A13202306","name":"방학한화성원","property_aptseq_join":"not_established","source_id":"seoul-openaptinfo"},"type":"Feature"},{"geometry":{"coordinates":[127.0340669,37.6611543],"type":"Point"},"id":"A13202308","properties":{"coordinate_status":"provider_xy_crs_unconfirmed","households":476,"kapt_code":"A13202308","name":"방학삼익세라믹","property_aptseq_join":"not_established","source_id":"seoul-openaptinfo"},"type":"Feature"},{"geometry":{"coordinates":[127.0286105,37.6606886],"type":"Point"},"id":"A13202312","properties":{"coordinate_status":"provider_xy_crs_unconfirmed","households":3169,"kapt_code":"A13202312","name":"방학신동아1단지","property_aptseq_join":"not_established","source_id":"seoul-openaptinfo"},"type":"Feature"},{"geometry":{"coordinates":[127.0139503,37.653846],"type":"Point"},"id":"A13203001","properties":{"coordinate_status":"provider_xy_crs_unconfirmed","households":154,"kapt_code":"A13203001","name":"쌍문동북한산월드메르디앙","property_aptseq_join":"not_established","source_id":"seoul-openaptinfo"},"type":"Feature"},{"geometry":{"coordinates":[127.024031352,37.647885232],"type":"Point"},"id":"A13203002","properties":{"coordinate_status":"provider_xy_crs_unconfirmed","households":293,"kapt_code":"A13203002","name":"북한산코오롱하늘채","property_aptseq_join":"unique_official_road_address_and_name","property_complex_id":"molit-apt:11320:11320-2999","property_release_id":"property-eea48453a819f517","source_id":"seoul-openaptinfo"},"type":"Feature"},{"geometry":{"coordinates":[127.0279261,37.6517698],"type":"Point"},"id":"A13203102","properties":{"coordinate_status":"provider_xy_crs_unconfirmed","households":315,"kapt_code":"A13203102","name":"쌍문극동","property_aptseq_join":"not_established","source_id":"seoul-openaptinfo"},"type":"Feature"},{"geometry":{"coordinates":[127.0343792,37.659774],"type":"Point"},"id":"A13203202","properties":{"coordinate_status":"provider_xy_crs_unconfirmed","households":236,"kapt_code":"A13203202","name":"쌍문청구","property_aptseq_join":"not_established","source_id":"seoul-openaptinfo"},"type":"Feature"},{"geometry":{"coordinates":[127.0280022,37.6470609],"type":"Point"},"id":"A13203302","properties":{"coordinate_status":"provider_xy_crs_unconfirmed","households":407,"kapt_code":"A13203302","name":"쌍문삼성래미안","property_aptseq_join":"not_established","source_id":"seoul-openaptinfo"},"type":"Feature"},{"geometry":{"coordinates":[127.0306912,37.6460891],"type":"Point"},"id":"A13203303","properties":{"coordinate_status":"provider_xy_crs_unconfirmed","households":824,"kapt_code":"A13203303","name":"쌍문한양1차","property_aptseq_join":"not_established","source_id":"seoul-openaptinfo"},"type":"Feature"},{"geometry":{"coordinates":[127.0292393,37.6515473],"type":"Point"},"id":"A13203401","properties":{"coordinate_status":"provider_xy_crs_unconfirmed","households":190,"kapt_code":"A13203401","name":"쌍문이안아파트","property_aptseq_join":"not_established","source_id":"seoul-openaptinfo"},"type":"Feature"},{"geometry":{"coordinates":[127.0290465,37.6569631],"type":"Point"},"id":"A13203403","properties":{"coordinate_status":"provider_xy_crs_unconfirmed","households":386,"kapt_code":"A13203403","name":"쌍문금호2차","property_aptseq_join":"not_established","source_id":"seoul-openaptinfo"},"type":"Feature"},{"geometry":{"coordinates":[127.0335,37.6590733],"type":"Point"},"id":"A13203408","properties":{"coordinate_status":"provider_xy_crs_unconfirmed","households":690,"kapt_code":"A13203408","name":"쌍문금호1차아파트","property_aptseq_join":"not_established","source_id":"seoul-openaptinfo"},"type":"Feature"},{"geometry":{"coordinates":[127.045737,37.6534648],"type":"Point"},"id":"A13204001","properties":{"coordinate_status":"provider_xy_crs_unconfirmed","households":205,"kapt_code":"A13204001","name":"창동대림","property_aptseq_join":"not_established","source_id":"seoul-openaptinfo"},"type":"Feature"},{"geometry":{"coordinates":[127.0444705,37.6563222],"type":"Point"},"id":"A13204002","properties":{"coordinate_status":"provider_xy_crs_unconfirmed","households":456,"kapt_code":"A13204002","name":"창동신도브래뉴","property_aptseq_join":"not_established","source_id":"seoul-openaptinfo"},"type":"Feature"},{"geometry":{"coordinates":[127.042944378,37.632990238],"type":"Point"},"id":"A13204003","properties":{"coordinate_status":"provider_xy_crs_unconfirmed","households":135,"kapt_code":"A13204003","name":"창동한승미메이드","property_aptseq_join":"unique_official_road_address_and_name","property_complex_id":"molit-apt:11320:11320-148","property_release_id":"property-eea48453a819f517","source_id":"seoul-openaptinfo"},"type":"Feature"},{"geometry":{"coordinates":[127.0485546,37.6490829],"type":"Point"},"id":"A13204103","properties":{"coordinate_status":"provider_xy_crs_unconfirmed","households":1668,"kapt_code":"A13204103","name":"창동삼성","property_aptseq_join":"not_established","source_id":"seoul-openaptinfo"},"type":"Feature"},{"geometry":{"coordinates":[127.0472453,37.6454834],"type":"Point"},"id":"A13204104","properties":{"coordinate_status":"provider_xy_crs_unconfirmed","households":1710,"kapt_code":"A13204104","name":"창동주공4단지","property_aptseq_join":"not_established","source_id":"seoul-openaptinfo"},"type":"Feature"},{"geometry":{"coordinates":[127.045837,37.6500348],"type":"Point"},"id":"A13204105","properties":{"coordinate_status":"provider_xy_crs_unconfirmed","households":2856,"kapt_code":"A13204105","name":"창동주공3단지","property_aptseq_join":"not_established","source_id":"seoul-openaptinfo"},"type":"Feature"},{"geometry":{"coordinates":[127.0356752,37.6378476],"type":"Point"},"id":"A13204201","properties":{"coordinate_status":"provider_xy_crs_unconfirmed","households":183,"kapt_code":"A13204201","name":"창동금용","property_aptseq_join":"not_established","source_id":"seoul-openaptinfo"},"type":"Feature"},{"geometry":{"coordinates":[127.0341999,37.6413744],"type":"Point"},"id":"A13204203","properties":{"coordinate_status":"provider_xy_crs_unconfirmed","households":300,"kapt_code":"A13204203","name":"창동건영캐스빌","property_aptseq_join":"not_established","source_id":"seoul-openaptinfo"},"type":"Feature"},{"geometry":{"coordinates":[127.0373097,37.642249],"type":"Point"},"id":"A13204204","properties":{"coordinate_status":"provider_xy_crs_unconfirmed","households":952,"kapt_code":"A13204204","name":"창동대우","property_aptseq_join":"not_established","source_id":"seoul-openaptinfo"},"type":"Feature"},{"geometry":{"coordinates":[127.0334037,37.6429232],"type":"Point"},"id":"A13204205","properties":{"coordinate_status":"provider_xy_crs_unconfirmed","households":958,"kapt_code":"A13204205","name":"창동태영데시앙","property_aptseq_join":"not_established","source_id":"seoul-openaptinfo"},"type":"Feature"},{"geometry":{"coordinates":[127.0425663,37.6334333],"type":"Point"},"id":"A13204301","properties":{"coordinate_status":"provider_xy_crs_unconfirmed","households":213,"kapt_code":"A13204301","name":"초안산신도브래뉴","property_aptseq_join":"unique_official_road_address_and_name","property_complex_id":"molit-apt:11320:11320-2349","property_release_id":"property-eea48453a819f517","source_id":"seoul-openaptinfo"},"type":"Feature"},{"geometry":{"coordinates":[127.0416809,37.6410718],"type":"Point"},"id":"A13204302","properties":{"coordinate_status":"provider_xy_crs_unconfirmed","households":609,"kapt_code":"A13204302","name":"창동신창","property_aptseq_join":"not_established","source_id":"seoul-openaptinfo"},"type":"Feature"},{"geometry":{"coordinates":[127.0459487,37.6589076],"type":"Point"},"id":"A13204402","properties":{"coordinate_status":"provider_xy_crs_unconfirmed","households":202,"kapt_code":"A13204402","name":"창동현대4차아이파크","property_aptseq_join":"not_established","source_id":"seoul-openaptinfo"},"type":"Feature"},{"geometry":{"coordinates":[127.0460989,37.6610455],"type":"Point"},"id":"A13204404","properties":{"coordinate_status":"provider_xy_crs_unconfirmed","households":797,"kapt_code":"A13204404","name":"창동아이파크(창동2.3차현대)","property_aptseq_join":"not_established","source_id":"seoul-openaptinfo"},"type":"Feature"},{"geometry":{"coordinates":[127.0481785,37.6598502],"type":"Point"},"id":"A13204406","properties":{"coordinate_status":"provider_xy_crs_unconfirmed","households":1352,"kapt_code":"A13204406","name":"창동쌍용","property_aptseq_join":"not_established","source_id":"seoul-openaptinfo"},"type":"Feature"},{"geometry":{"coordinates":[127.0533313,37.6441576],"type":"Point"},"id":"A13204408","properties":{"coordinate_status":"provider_xy_crs_unconfirmed","households":1980,"kapt_code":"A13204408","name":"상계17단지","property_aptseq_join":"not_established","source_id":"seoul-openaptinfo"},"type":"Feature"},{"geometry":{"coordinates":[127.048141,37.6572555],"type":"Point"},"id":"A13204409","properties":{"coordinate_status":"provider_xy_crs_unconfirmed","households":1981,"kapt_code":"A13204409","name":"창동동아청솔","property_aptseq_join":"not_established","source_id":"seoul-openaptinfo"},"type":"Feature"},{"geometry":{"coordinates":[127.0440625,37.6617487],"type":"Point"},"id":"A13204501","properties":{"coordinate_status":"provider_xy_crs_unconfirmed","households":188,"kapt_code":"A13204501","name":"창동대동","property_aptseq_join":"not_established","source_id":"seoul-openaptinfo"},"type":"Feature"},{"geometry":{"coordinates":[127.0464538,37.654516],"type":"Point"},"id":"A13204502","properties":{"coordinate_status":"provider_xy_crs_unconfirmed","households":194,"kapt_code":"A13204502","name":"북한산한신휴플러스","property_aptseq_join":"unique_official_road_address_and_name","property_complex_id":"molit-apt:11320:11320-2420","property_release_id":"property-eea48453a819f517","source_id":"seoul-openaptinfo"},"type":"Feature"},{"geometry":{"coordinates":[127.0408817,37.6557963],"type":"Point"},"id":"A13204503","properties":{"coordinate_status":"provider_xy_crs_unconfirmed","households":205,"kapt_code":"A13204503","name":"창동현대","property_aptseq_join":"not_established","source_id":"seoul-openaptinfo"},"type":"Feature"},{"geometry":{"coordinates":[127.0441299,37.6531689],"type":"Point"},"id":"A13204505","properties":{"coordinate_status":"provider_xy_crs_unconfirmed","households":427,"kapt_code":"A13204505","name":"창동상아2차","property_aptseq_join":"not_established","source_id":"seoul-openaptinfo"},"type":"Feature"},{"geometry":{"coordinates":[127.0464538,37.654516],"type":"Point"},"id":"A13204506","properties":{"coordinate_status":"provider_xy_crs_unconfirmed","households":449,"kapt_code":"A13204506","name":"창동동아그린","property_aptseq_join":"not_established","source_id":"seoul-openaptinfo"},"type":"Feature"},{"geometry":{"coordinates":[127.0422898,37.6540521],"type":"Point"},"id":"A13204507","properties":{"coordinate_status":"provider_xy_crs_unconfirmed","households":694,"kapt_code":"A13204507","name":"창동상아1차","property_aptseq_join":"not_established","source_id":"seoul-openaptinfo"},"type":"Feature"},{"geometry":{"coordinates":[127.0423156,37.6527304],"type":"Point"},"id":"A13204508","properties":{"coordinate_status":"provider_xy_crs_unconfirmed","households":750,"kapt_code":"A13204508","name":"창동주공2단지","property_aptseq_join":"unique_official_road_address_and_name","property_complex_id":"molit-apt:11320:11320-97","property_release_id":"property-eea48453a819f517","source_id":"seoul-openaptinfo"},"type":"Feature"},{"geometry":{"coordinates":[127.0437366,37.6579079],"type":"Point"},"id":"A13204510","properties":{"coordinate_status":"provider_xy_crs_unconfirmed","households":2061,"kapt_code":"A13204510","name":"창동북한산아이파크","property_aptseq_join":"not_established","source_id":"seoul-openaptinfo"},"type":"Feature"},{"geometry":{"coordinates":[127.0456136,37.6664768],"type":"Point"},"id":"A13272101","properties":{"coordinate_status":"provider_xy_crs_unconfirmed","households":225,"kapt_code":"A13272101","name":"방학명품ESA2단지","property_aptseq_join":"not_established","source_id":"seoul-openaptinfo"},"type":"Feature"},{"geometry":{"coordinates":[127.0395517,37.6633044],"type":"Point"},"id":"A13272102","properties":{"coordinate_status":"provider_xy_crs_unconfirmed","households":258,"kapt_code":"A13272102","name":"방학동부센트레빌","property_aptseq_join":"not_established","source_id":"seoul-openaptinfo"},"type":"Feature"},{"geometry":{"coordinates":[127.0495729,37.6463829],"type":"Point"},"id":"A13272201","properties":{"coordinate_status":"provider_xy_crs_unconfirmed","households":366,"kapt_code":"A13272201","name":"창동대우그린아파트","property_aptseq_join":"not_established","source_id":"seoul-openaptinfo"},"type":"Feature"},{"geometry":{"coordinates":[127.033973318,37.640398847],"type":"Point"},"id":"A13275001","properties":{"coordinate_status":"provider_xy_crs_unconfirmed","households":111,"kapt_code":"A13275001","name":"창동수산트리플아파트","property_aptseq_join":"not_established","source_id":"seoul-openaptinfo"},"type":"Feature"},{"geometry":{"coordinates":[127.049124855,37.683250096],"type":"Point"},"id":"A13275301","properties":{"coordinate_status":"provider_xy_crs_unconfirmed","households":147,"kapt_code":"A13275301","name":"도봉양우내안애아파트","property_aptseq_join":"not_established","source_id":"seoul-openaptinfo"},"type":"Feature"},{"geometry":{"coordinates":[127.0474639,37.6704232],"type":"Point"},"id":"A13275302","properties":{"coordinate_status":"provider_xy_crs_unconfirmed","households":734,"kapt_code":"A13275302","name":"도봉서원제2","property_aptseq_join":"not_established","source_id":"seoul-openaptinfo"},"type":"Feature"},{"geometry":{"coordinates":[127.050517346,37.6846182],"type":"Point"},"id":"A13275303","properties":{"coordinate_status":"provider_xy_crs_unconfirmed","households":139,"kapt_code":"A13275303","name":"도봉파크빌2단지","property_aptseq_join":"not_established","source_id":"seoul-openaptinfo"},"type":"Feature"},{"geometry":{"coordinates":[127.0232617,37.6602606],"type":"Point"},"id":"A13276414","properties":{"coordinate_status":"provider_xy_crs_unconfirmed","households":210,"kapt_code":"A13276414","name":"방학신동아3단지","property_aptseq_join":"not_established","source_id":"seoul-openaptinfo"},"type":"Feature"},{"geometry":{"coordinates":[127.0262264,37.6580542],"type":"Point"},"id":"A13276415","properties":{"coordinate_status":"provider_xy_crs_unconfirmed","households":978,"kapt_code":"A13276415","name":"방학청구","property_aptseq_join":"not_established","source_id":"seoul-openaptinfo"},"type":"Feature"},{"geometry":{"coordinates":[127.0238773,37.6579642],"type":"Point"},"id":"A13276416","properties":{"coordinate_status":"provider_xy_crs_unconfirmed","households":658,"kapt_code":"A13276416","name":"방학우성1차","property_aptseq_join":"not_established","source_id":"seoul-openaptinfo"},"type":"Feature"},{"geometry":{"coordinates":[127.0317182,37.6600699],"type":"Point"},"id":"A13276417","properties":{"coordinate_status":"provider_xy_crs_unconfirmed","households":489,"kapt_code":"A13276417","name":"벽산1","property_aptseq_join":"not_established","source_id":"seoul-openaptinfo"},"type":"Feature"},{"geometry":{"coordinates":[127.0490413,37.6819705],"type":"Point"},"id":"A13280104","properties":{"coordinate_status":"provider_xy_crs_unconfirmed","households":286,"kapt_code":"A13280104","name":"유원도봉아파트","property_aptseq_join":"unique_official_road_address_and_name","property_complex_id":"molit-apt:11320:11320-85","property_release_id":"property-eea48453a819f517","source_id":"seoul-openaptinfo"},"type":"Feature"},{"geometry":{"coordinates":[127.0415817,37.6868254],"type":"Point"},"id":"A13281201","properties":{"coordinate_status":"provider_xy_crs_unconfirmed","households":348,"kapt_code":"A13281201","name":"도봉서울가든","property_aptseq_join":"not_established","source_id":"seoul-openaptinfo"},"type":"Feature"},{"geometry":{"coordinates":[127.0444585,37.6791596],"type":"Point"},"id":"A13281802","properties":{"coordinate_status":"provider_xy_crs_unconfirmed","households":630,"kapt_code":"A13281802","name":"도봉럭키","property_aptseq_join":"not_established","source_id":"seoul-openaptinfo"},"type":"Feature"},{"geometry":{"coordinates":[127.0217568,37.6568504],"type":"Point"},"id":"A13282510","properties":{"coordinate_status":"provider_xy_crs_unconfirmed","households":558,"kapt_code":"A13282510","name":"방학우성2차","property_aptseq_join":"not_established","source_id":"seoul-openaptinfo"},"type":"Feature"},{"geometry":{"coordinates":[127.0252708,37.6588206],"type":"Point"},"id":"A13283405","properties":{"coordinate_status":"provider_xy_crs_unconfirmed","households":318,"kapt_code":"A13283405","name":"방학벽산2차","property_aptseq_join":"not_established","source_id":"seoul-openaptinfo"},"type":"Feature"},{"geometry":{"coordinates":[127.0235374,37.6591199],"type":"Point"},"id":"A13283611","properties":{"coordinate_status":"provider_xy_crs_unconfirmed","households":660,"kapt_code":"A13283611","name":"방학신동아2단지","property_aptseq_join":"not_established","source_id":"seoul-openaptinfo"},"type":"Feature"},{"geometry":{"coordinates":[127.0396369,37.6665384],"type":"Point"},"id":"A13285305","properties":{"coordinate_status":"provider_xy_crs_unconfirmed","households":347,"kapt_code":"A13285305","name":"방학거성학마을","property_aptseq_join":"not_established","source_id":"seoul-openaptinfo"},"type":"Feature"},{"geometry":{"coordinates":[127.045175,37.6636237],"type":"Point"},"id":"A13285401","properties":{"coordinate_status":"provider_xy_crs_unconfirmed","households":174,"kapt_code":"A13285401","name":"브라운스톤 방학아파트","property_aptseq_join":"unique_official_road_address_and_name","property_complex_id":"molit-apt:11320:11320-118","property_release_id":"property-eea48453a819f517","source_id":"seoul-openaptinfo"},"type":"Feature"},{"geometry":{"coordinates":[127.045475,37.6686013],"type":"Point"},"id":"A13285404","properties":{"coordinate_status":"provider_xy_crs_unconfirmed","households":296,"kapt_code":"A13285404","name":"방학명품ESA1단지","property_aptseq_join":"not_established","source_id":"seoul-openaptinfo"},"type":"Feature"},{"geometry":{"coordinates":[127.0472435,37.6670964],"type":"Point"},"id":"A13285406","properties":{"coordinate_status":"provider_xy_crs_unconfirmed","households":603,"kapt_code":"A13285406","name":"방학삼성래미안1단지","property_aptseq_join":"not_established","source_id":"seoul-openaptinfo"},"type":"Feature"},{"geometry":{"coordinates":[127.0302398,37.6645568],"type":"Point"},"id":"A13285503","properties":{"coordinate_status":"provider_xy_crs_unconfirmed","households":212,"kapt_code":"A13285503","name":"방학동양크레오","property_aptseq_join":"not_established","source_id":"seoul-openaptinfo"},"type":"Feature"},{"geometry":{"coordinates":[127.0296648,37.6628212],"type":"Point"},"id":"A13285507","properties":{"coordinate_status":"provider_xy_crs_unconfirmed","households":361,"kapt_code":"A13285507","name":"방학4단지신동아","property_aptseq_join":"not_established","source_id":"seoul-openaptinfo"},"type":"Feature"},{"geometry":{"coordinates":[127.0285219,37.6636195],"type":"Point"},"id":"A13285601","properties":{"coordinate_status":"provider_xy_crs_unconfirmed","households":153,"kapt_code":"A13285601","name":"방학신동아5단지","property_aptseq_join":"not_established","source_id":"seoul-openaptinfo"},"type":"Feature"},{"geometry":{"coordinates":[127.0300422,37.6593237],"type":"Point"},"id":"A13286002","properties":{"coordinate_status":"provider_xy_crs_unconfirmed","households":192,"kapt_code":"A13286002","name":"쌍문현대2차","property_aptseq_join":"not_established","source_id":"seoul-openaptinfo"},"type":"Feature"},{"geometry":{"coordinates":[127.0321457,37.6560324],"type":"Point"},"id":"A13286105","properties":{"coordinate_status":"provider_xy_crs_unconfirmed","households":414,"kapt_code":"A13286105","name":"쌍문한양5차","property_aptseq_join":"not_established","source_id":"seoul-openaptinfo"},"type":"Feature"},{"geometry":{"coordinates":[127.0292747,37.6585585],"type":"Point"},"id":"A13286106","properties":{"coordinate_status":"provider_xy_crs_unconfirmed","households":498,"kapt_code":"A13286106","name":"쌍문성원","property_aptseq_join":"not_established","source_id":"seoul-openaptinfo"},"type":"Feature"},{"geometry":{"coordinates":[127.0291405,37.6557438],"type":"Point"},"id":"A13286107","properties":{"coordinate_status":"provider_xy_crs_unconfirmed","households":582,"kapt_code":"A13286107","name":"쌍문한양6차","property_aptseq_join":"not_established","source_id":"seoul-openaptinfo"},"type":"Feature"},{"geometry":{"coordinates":[127.0312223,37.6585731],"type":"Point"},"id":"A13286109","properties":{"coordinate_status":"provider_xy_crs_unconfirmed","households":783,"kapt_code":"A13286109","name":"쌍문현대1차","property_aptseq_join":"not_established","source_id":"seoul-openaptinfo"},"type":"Feature"},{"geometry":{"coordinates":[127.032096,37.657183],"type":"Point"},"id":"A13286110","properties":{"coordinate_status":"provider_xy_crs_unconfirmed","households":1635,"kapt_code":"A13286110","name":"쌍문한양2,3,4차","property_aptseq_join":"not_established","source_id":"seoul-openaptinfo"},"type":"Feature"},{"geometry":{"coordinates":[127.0351564,37.6548109],"type":"Point"},"id":"A13286203","properties":{"coordinate_status":"provider_xy_crs_unconfirmed","households":264,"kapt_code":"A13286203","name":"쌍문경남","property_aptseq_join":"not_established","source_id":"seoul-openaptinfo"},"type":"Feature"},{"geometry":{"coordinates":[127.0367266,37.657078],"type":"Point"},"id":"A13286304","properties":{"coordinate_status":"provider_xy_crs_unconfirmed","households":1541,"kapt_code":"A13286304","name":"쌍문삼익","property_aptseq_join":"not_established","source_id":"seoul-openaptinfo"},"type":"Feature"},{"geometry":{"coordinates":[127.0338661,37.6560261],"type":"Point"},"id":"A13286904","properties":{"coordinate_status":"provider_xy_crs_unconfirmed","households":408,"kapt_code":"A13286904","name":"쌍문한양7차","property_aptseq_join":"not_established","source_id":"seoul-openaptinfo"},"type":"Feature"},{"geometry":{"coordinates":[127.0247582,37.6514803],"type":"Point"},"id":"A13287503","properties":{"coordinate_status":"provider_xy_crs_unconfirmed","households":495,"kapt_code":"A13287503","name":"쌍문동익파크","property_aptseq_join":"not_established","source_id":"seoul-openaptinfo"},"type":"Feature"},{"geometry":{"coordinates":[127.0212039,37.6523384],"type":"Point"},"id":"A13287801","properties":{"coordinate_status":"provider_xy_crs_unconfirmed","households":287,"kapt_code":"A13287801","name":"쌍문현대3차","property_aptseq_join":"not_established","source_id":"seoul-openaptinfo"},"type":"Feature"},{"geometry":{"coordinates":[127.0503498,37.6512705],"type":"Point"},"id":"A13290003","properties":{"coordinate_status":"provider_xy_crs_unconfirmed","households":600,"kapt_code":"A13290003","name":"창동동아","property_aptseq_join":"not_established","source_id":"seoul-openaptinfo"},"type":"Feature"},{"geometry":{"coordinates":[127.0512267,37.6467803],"type":"Point"},"id":"A13290105","properties":{"coordinate_status":"provider_xy_crs_unconfirmed","households":910,"kapt_code":"A13290105","name":"창동주공18단지","property_aptseq_join":"not_established","source_id":"seoul-openaptinfo"},"type":"Feature"},{"geometry":{"coordinates":[127.0531884,37.6494912],"type":"Point"},"id":"A13290107","properties":{"coordinate_status":"provider_xy_crs_unconfirmed","households":1764,"kapt_code":"A13290107","name":"창동주공19단지","property_aptseq_join":"not_established","source_id":"seoul-openaptinfo"},"type":"Feature"},{"geometry":{"coordinates":[127.0417515,37.6564796],"type":"Point"},"id":"A13290404","properties":{"coordinate_status":"provider_xy_crs_unconfirmed","households":299,"kapt_code":"A13290404","name":"창동금호어울림","property_aptseq_join":"not_established","source_id":"seoul-openaptinfo"},"type":"Feature"},{"geometry":{"coordinates":[127.0394284,37.6534424],"type":"Point"},"id":"A13290809","properties":{"coordinate_status":"provider_xy_crs_unconfirmed","households":808,"kapt_code":"A13290809","name":"창동주공1단지","property_aptseq_join":"unique_official_road_address_and_name","property_complex_id":"molit-apt:11320:11320-96","property_release_id":"property-eea48453a819f517","source_id":"seoul-openaptinfo"},"type":"Feature"},{"geometry":{"coordinates":[127.0349775,37.6457291],"type":"Point"},"id":"A13292002","properties":{"coordinate_status":"provider_xy_crs_unconfirmed","households":202,"kapt_code":"A13292002","name":"창동한신","property_aptseq_join":"not_established","source_id":"seoul-openaptinfo"},"type":"Feature"},{"geometry":{"coordinates":[127.0352336,37.6470839],"type":"Point"},"id":"A13292501","properties":{"coordinate_status":"provider_xy_crs_unconfirmed","households":158,"kapt_code":"A13292501","name":"창동현대타운(주복)","property_aptseq_join":"not_established","source_id":"seoul-openaptinfo"},"type":"Feature"},{"geometry":{"coordinates":[127.0497889,37.660802],"type":"Point"},"id":"A13292701","properties":{"coordinate_status":"provider_xy_crs_unconfirmed","households":194,"kapt_code":"A13292701","name":"창동성원","property_aptseq_join":"not_established","source_id":"seoul-openaptinfo"},"type":"Feature"},{"geometry":{"coordinates":[127.0462651,37.6796389],"type":"Point"},"id":"A13293505","properties":{"coordinate_status":"provider_xy_crs_unconfirmed","households":448,"kapt_code":"A13293505","name":"도봉래미안","property_aptseq_join":"not_established","source_id":"seoul-openaptinfo"},"type":"Feature"},{"geometry":{"coordinates":[127.0295935,37.6471154],"type":"Point"},"id":"A13295201","properties":{"coordinate_status":"provider_xy_crs_unconfirmed","households":155,"kapt_code":"A13295201","name":"브라운스톤쌍문","property_aptseq_join":"unique_official_road_address_and_name","property_complex_id":"molit-apt:11320:11320-2399","property_release_id":"property-eea48453a819f517","source_id":"seoul-openaptinfo"},"type":"Feature"},{"geometry":{"coordinates":[127.0319041,37.5688924],"type":"Point"},"id":"A13302001","properties":{"coordinate_status":"provider_xy_crs_unconfirmed","households":822,"kapt_code":"A13302001","name":"청계벽산","property_aptseq_join":"not_established","source_id":"seoul-openaptinfo"},"type":"Feature"},{"geometry":{"coordinates":[127.0267431,37.5631656],"type":"Point"},"id":"A13302201","properties":{"coordinate_status":"provider_xy_crs_unconfirmed","households":246,"kapt_code":"A13302201","name":"한진해모로","property_aptseq_join":"unique_official_road_address_and_name","property_complex_id":"molit-apt:11200:11200-6","property_release_id":"property-eea48453a819f517","source_id":"seoul-openaptinfo"},"type":"Feature"},{"geometry":{"coordinates":[127.0233607,37.5585166],"type":"Point"},"id":"A13302203","properties":{"coordinate_status":"provider_xy_crs_unconfirmed","households":414,"kapt_code":"A13302203","name":"하왕극동미라주","property_aptseq_join":"not_established","source_id":"seoul-openaptinfo"},"type":"Feature"},{"geometry":{"coordinates":[127.0254969,37.5612955],"type":"Point"},"id":"A13302204","properties":{"coordinate_status":"provider_xy_crs_unconfirmed","households":458,"kapt_code":"A13302204","name":"하왕금호베스트빌","property_aptseq_join":"not_established","source_id":"seoul-openaptinfo"},"type":"Feature"},{"geometry":{"coordinates":[127.0246988,37.5586201],"type":"Point"},"id":"A13302206","properties":{"coordinate_status":"provider_xy_crs_unconfirmed","households":758,"kapt_code":"A13302206","name":"왕십리풍림아이원","property_aptseq_join":"unique_official_road_address_and_name","property_complex_id":"molit-apt:11200:11200-98","property_release_id":"property-eea48453a819f517","source_id":"seoul-openaptinfo"},"type":"Feature"},{"geometry":{"coordinates":[127.0386489,37.5668368],"type":"Point"},"id":"A13305002","properties":{"coordinate_status":"provider_xy_crs_unconfirmed","households":248,"kapt_code":"A13305002","name":"왕십리 대성유니드 아파트","property_aptseq_join":"not_established","source_id":"seoul-openaptinfo"},"type":"Feature"},{"geometry":{"coordinates":[127.0437065,37.5689365],"type":"Point"},"id":"A13305003","properties":{"coordinate_status":"provider_xy_crs_unconfirmed","households":286,"kapt_code":"A13305003","name":"청계미소지움","property_aptseq_join":"not_established","source_id":"seoul-openaptinfo"},"type":"Feature"},{"geometry":{"coordinates":[127.0400784,37.5645087],"type":"Point"},"id":"A13305005","properties":{"coordinate_status":"provider_xy_crs_unconfirmed","households":400,"kapt_code":"A13305005","name":"마장SH-vill임대","property_aptseq_join":"not_established","source_id":"seoul-openaptinfo"},"type":"Feature"},{"geometry":{"coordinates":[127.0402374,37.5661691],"type":"Point"},"id":"A13305006","properties":{"coordinate_status":"provider_xy_crs_unconfirmed","households":430,"kapt_code":"A13305006","name":"왕십리삼성","property_aptseq_join":"unique_official_road_address_and_name","property_complex_id":"molit-apt:11200:11200-10","property_release_id":"property-eea48453a819f517","source_id":"seoul-openaptinfo"},"type":"Feature"},{"geometry":{"coordinates":[127.0452055,37.5652973],"type":"Point"},"id":"A13305007","properties":{"coordinate_status":"provider_xy_crs_unconfirmed","households":811,"kapt_code":"A13305007","name":"마장세림","property_aptseq_join":"not_established","source_id":"seoul-openaptinfo"},"type":"Feature"},{"geometry":{"coordinates":[127.0373381,37.5647183],"type":"Point"},"id":"A13307001","properties":{"coordinate_status":"provider_xy_crs_unconfirmed","households":251,"kapt_code":"A13307001","name":"행당두산","property_aptseq_join":"not_established","source_id":"seoul-openaptinfo"},"type":"Feature"},{"geometry":{"coordinates":[127.0331791,37.5554384],"type":"Point"},"id":"A13307002","properties":{"coordinate_status":"provider_xy_crs_unconfirmed","households":457,"kapt_code":"A13307002","name":"서울숲행당푸르지오","property_aptseq_join":"unique_official_road_address_and_name","property_complex_id":"molit-apt:11200:11200-2914","property_release_id":"property-eea48453a819f517","source_id":"seoul-openaptinfo"},"type":"Feature"},{"geometry":{"coordinates":[127.0401158,37.5572161],"type":"Point"},"id":"A13307003","properties":{"coordinate_status":"provider_xy_crs_unconfirmed","households":495,"kapt_code":"A13307003","name":"서울숲더샵","property_aptseq_join":"unique_official_road_address_and_name","property_complex_id":"molit-apt:11200:11200-3031","property_release_id":"property-eea48453a819f517","source_id":"seoul-openaptinfo"},"type":"Feature"},{"geometry":{"coordinates":[127.0374627,37.560002],"type":"Point"},"id":"A13307101","properties":{"coordinate_status":"provider_xy_crs_unconfirmed","households":498,"kapt_code":"A13307101","name":"서울숲삼부아파트","property_aptseq_join":"unique_official_road_address_and_name","property_complex_id":"molit-apt:11200:11200-20","property_release_id":"property-eea48453a819f517","source_id":"seoul-openaptinfo"},"type":"Feature"},{"geometry":{"coordinates":[127.029416,37.5589247],"type":"Point"},"id":"A13307201","properties":{"coordinate_status":"provider_xy_crs_unconfirmed","households":208,"kapt_code":"A13307201","name":"행당브라운스톤","property_aptseq_join":"unique_official_road_address_and_name","property_complex_id":"molit-apt:11200:11200-86","property_release_id":"property-eea48453a819f517","source_id":"seoul-openaptinfo"},"type":"Feature"},{"geometry":{"coordinates":[127.0328542,37.5544019],"type":"Point"},"id":"A13307202","properties":{"coordinate_status":"provider_xy_crs_unconfirmed","households":636,"kapt_code":"A13307202","name":"신동아","property_aptseq_join":"unique_official_road_address_and_name","property_complex_id":"molit-apt:11200:11200-21","property_release_id":"property-eea48453a819f517","source_id":"seoul-openaptinfo"},"type":"Feature"},{"geometry":{"coordinates":[127.0271171,37.557906],"type":"Point"},"id":"A13307204","properties":{"coordinate_status":"provider_xy_crs_unconfirmed","households":2399,"kapt_code":"A13307204","name":"행당대림","property_aptseq_join":"not_established","source_id":"seoul-openaptinfo"},"type":"Feature"},{"geometry":{"coordinates":[127.0309609,37.5510665],"type":"Point"},"id":"A13308004","properties":{"coordinate_status":"provider_xy_crs_unconfirmed","households":644,"kapt_code":"A13308004","name":"응봉금호현대","property_aptseq_join":"not_established","source_id":"seoul-openaptinfo"},"type":"Feature"},{"geometry":{"coordinates":[127.0332766,37.5519496],"type":"Point"},"id":"A13308005","properties":{"coordinate_status":"provider_xy_crs_unconfirmed","households":855,"kapt_code":"A13308005","name":"응봉대림1차","property_aptseq_join":"not_established","source_id":"seoul-openaptinfo"},"type":"Feature"},{"geometry":{"coordinates":[127.0223133,37.5559626],"type":"Point"},"id":"A13309101","properties":{"coordinate_status":"provider_xy_crs_unconfirmed","households":169,"kapt_code":"A13309101","name":"신금호두산위브","property_aptseq_join":"unique_official_road_address_and_name","property_complex_id":"molit-apt:11200:11200-2722","property_release_id":"property-eea48453a819f517","source_id":"seoul-openaptinfo"},"type":"Feature"},{"geometry":{"coordinates":[127.027307,37.5495792],"type":"Point"},"id":"A13309102","properties":{"coordinate_status":"provider_xy_crs_unconfirmed","households":582,"kapt_code":"A13309102","name":"금호삼성래미안","property_aptseq_join":"unique_official_road_address_and_name","property_complex_id":"molit-apt:11200:11200-31","property_release_id":"property-eea48453a819f517","source_id":"seoul-openaptinfo"},"type":"Feature"},{"geometry":{"coordinates":[127.0258378,37.5543442],"type":"Point"},"id":"A13309103","properties":{"coordinate_status":"provider_xy_crs_unconfirmed","households":1214,"kapt_code":"A13309103","name":"금호벽산(임대)","property_aptseq_join":"not_established","source_id":"seoul-openaptinfo"},"type":"Feature"},{"geometry":{"coordinates":[127.0179816,37.5501696],"type":"Point"},"id":"A13309301","properties":{"coordinate_status":"provider_xy_crs_unconfirmed","households":323,"kapt_code":"A13309301","name":"금호한신휴플러스","property_aptseq_join":"not_established","source_id":"seoul-openaptinfo"},"type":"Feature"},{"geometry":{"coordinates":[127.0170466,37.5469147],"type":"Point"},"id":"A13309402","properties":{"coordinate_status":"provider_xy_crs_unconfirmed","households":249,"kapt_code":"A13309402","name":"금호동롯데아파트","property_aptseq_join":"not_established","source_id":"seoul-openaptinfo"},"type":"Feature"},{"geometry":{"coordinates":[127.0197123,37.5459761],"type":"Point"},"id":"A13309404","properties":{"coordinate_status":"provider_xy_crs_unconfirmed","households":1181,"kapt_code":"A13309404","name":"금호대우","property_aptseq_join":"not_established","source_id":"seoul-openaptinfo"},"type":"Feature"},{"geometry":{"coordinates":[127.0115694,37.5432748],"type":"Point"},"id":"A13310004","properties":{"coordinate_status":"provider_xy_crs_unconfirmed","households":900,"kapt_code":"A13310004","name":"옥수극동","property_aptseq_join":"not_established","source_id":"seoul-openaptinfo"},"type":"Feature"},{"geometry":{"coordinates":[127.0504009,37.5420274],"type":"Point"},"id":"A13311101","properties":{"coordinate_status":"provider_xy_crs_unconfirmed","households":159,"kapt_code":"A13311101","name":"성수금호3차","property_aptseq_join":"not_established","source_id":"seoul-openaptinfo"},"type":"Feature"},{"geometry":{"coordinates":[127.0584774,37.5372327],"type":"Point"},"id":"A13312101","properties":{"coordinate_status":"provider_xy_crs_unconfirmed","households":157,"kapt_code":"A13312101","name":"성수두산위브","property_aptseq_join":"not_established","source_id":"seoul-openaptinfo"},"type":"Feature"},{"geometry":{"coordinates":[127.0559785,37.5460554],"type":"Point"},"id":"A13312302","properties":{"coordinate_status":"provider_xy_crs_unconfirmed","households":604,"kapt_code":"A13312302","name":"성수롯데캐슬","property_aptseq_join":"not_established","source_id":"seoul-openaptinfo"},"type":"Feature"},{"geometry":{"coordinates":[127.0572188,37.547123],"type":"Point"},"id":"A13312303","properties":{"coordinate_status":"provider_xy_crs_unconfirmed","households":656,"kapt_code":"A13312303","name":"성수아이파크","property_aptseq_join":"not_established","source_id":"seoul-openaptinfo"},"type":"Feature"},{"geometry":{"coordinates":[127.0688097,37.5525834],"type":"Point"},"id":"A13316001","properties":{"coordinate_status":"provider_xy_crs_unconfirmed","households":241,"kapt_code":"A13316001","name":"서울숲아이파크","property_aptseq_join":"unique_official_road_address_and_name","property_complex_id":"molit-apt:11200:11200-2876","property_release_id":"property-eea48453a819f517","source_id":"seoul-openaptinfo"},"type":"Feature"},{"geometry":{"coordinates":[127.0349533,37.5643993],"type":"Point"},"id":"A13370801","properties":{"coordinate_status":"provider_xy_crs_unconfirmed","households":342,"kapt_code":"A13370801","name":"성동삼성쉐르빌","property_aptseq_join":"not_established","source_id":"seoul-openaptinfo"},"type":"Feature"},{"geometry":{"coordinates":[127.0501613,37.5484228],"type":"Point"},"id":"A13372101","properties":{"coordinate_status":"provider_xy_crs_unconfirmed","households":283,"kapt_code":"A13372101","name":"성수2차대우","property_aptseq_join":"not_established","source_id":"seoul-openaptinfo"},"type":"Feature"},{"geometry":{"coordinates":[127.04712,37.5495253],"type":"Point"},"id":"A13372102","properties":{"coordinate_status":"provider_xy_crs_unconfirmed","households":777,"kapt_code":"A13372102","name":"성수쌍용","property_aptseq_join":"not_established","source_id":"seoul-openaptinfo"},"type":"Feature"},{"geometry":{"coordinates":[127.0374534,37.5539031],"type":"Point"},"id":"A13373101","properties":{"coordinate_status":"provider_xy_crs_unconfirmed","households":159,"kapt_code":"A13373101","name":"행당한신임대","property_aptseq_join":"not_established","source_id":"seoul-openaptinfo"},"type":"Feature"},{"geometry":{"coordinates":[127.024113236,37.570537362],"type":"Point"},"id":"A13373301","properties":{"coordinate_status":"provider_xy_crs_unconfirmed","households":937,"kapt_code":"A13373301","name":"텐즈힐2구역","property_aptseq_join":"not_established","source_id":"seoul-openaptinfo"},"type":"Feature"},{"geometry":{"coordinates":[127.0248409,37.5691892],"type":"Point"},"id":"A13373302","properties":{"coordinate_status":"provider_xy_crs_unconfirmed","households":211,"kapt_code":"A13373302","name":"왕십리텐즈힐2구역214동","property_aptseq_join":"not_established","source_id":"seoul-openaptinfo"},"type":"Feature"},{"geometry":{"coordinates":[127.0141559,37.539745],"type":"Point"},"id":"A13375901","properties":{"coordinate_status":"provider_xy_crs_unconfirmed","households":535,"kapt_code":"A13375901","name":"한남하이츠","property_aptseq_join":"unique_official_road_address_and_name","property_complex_id":"molit-apt:11200:11200-45","property_release_id":"property-eea48453a819f517","source_id":"seoul-openaptinfo"},"type":"Feature"},{"geometry":{"coordinates":[127.0140492,37.5423772],"type":"Point"},"id":"A13375902","properties":{"coordinate_status":"provider_xy_crs_unconfirmed","households":1114,"kapt_code":"A13375902","name":"옥수삼성","property_aptseq_join":"not_established","source_id":"seoul-openaptinfo"},"type":"Feature"},{"geometry":{"coordinates":[127.0195002,37.5422717],"type":"Point"},"id":"A13375903","properties":{"coordinate_status":"provider_xy_crs_unconfirmed","households":269,"kapt_code":"A13375903","name":"옥수강변풍림아이원","property_aptseq_join":"not_established","source_id":"seoul-openaptinfo"},"type":"Feature"},{"geometry":{"coordinates":[127.016339,37.540028],"type":"Point"},"id":"A13375904","properties":{"coordinate_status":"provider_xy_crs_unconfirmed","households":237,"kapt_code":"A13375904","name":"옥수하이츠제2","property_aptseq_join":"not_established","source_id":"seoul-openaptinfo"},"type":"Feature"},{"geometry":{"coordinates":[127.0137069,37.5424072],"type":"Point"},"id":"A13375905","properties":{"coordinate_status":"provider_xy_crs_unconfirmed","households":330,"kapt_code":"A13375905","name":"옥수삼성임대","property_aptseq_join":"not_established","source_id":"seoul-openaptinfo"},"type":"Feature"},{"geometry":{"coordinates":[127.0181964,37.5423084],"type":"Point"},"id":"A13375906","properties":{"coordinate_status":"provider_xy_crs_unconfirmed","households":297,"kapt_code":"A13375906","name":"어울림더리버아파트","property_aptseq_join":"not_established","source_id":"seoul-openaptinfo"},"type":"Feature"},{"geometry":{"coordinates":[127.0144609,37.5464825],"type":"Point"},"id":"A13375907","properties":{"coordinate_status":"provider_xy_crs_unconfirmed","households":1511,"kapt_code":"A13375907","name":"래미안옥수리버젠","property_aptseq_join":"unique_official_road_address_and_name","property_complex_id":"molit-apt:11200:11200-2980","property_release_id":"property-eea48453a819f517","source_id":"seoul-openaptinfo"},"type":"Feature"},{"geometry":{"coordinates":[127.0144609,37.5464825],"type":"Point"},"id":"A13375908","properties":{"coordinate_status":"provider_xy_crs_unconfirmed","households":310,"kapt_code":"A13375908","name":"래미안옥수리버젠제2임대","property_aptseq_join":"not_established","source_id":"seoul-openaptinfo"},"type":"Feature"},{"geometry":{"coordinates":[127.0453053,37.541117],"type":"Point"},"id":"A13376405","properties":{"coordinate_status":"provider_xy_crs_unconfirmed","households":378,"kapt_code":"A13376405","name":"성수한진타운","property_aptseq_join":"not_established","source_id":"seoul-openaptinfo"},"type":"Feature"},{"geometry":{"coordinates":[127.0188915,37.5436054],"type":"Point"},"id":"A13376702","properties":{"coordinate_status":"provider_xy_crs_unconfirmed","households":566,"kapt_code":"A13376702","name":"옥수현대","property_aptseq_join":"not_established","source_id":"seoul-openaptinfo"},"type":"Feature"},{"geometry":{"coordinates":[127.0358252,37.5534751],"type":"Point"},"id":"A13376906","properties":{"coordinate_status":"provider_xy_crs_unconfirmed","households":1150,"kapt_code":"A13376906","name":"응봉대림강변","property_aptseq_join":"not_established","source_id":"seoul-openaptinfo"},"type":"Feature"},{"geometry":{"coordinates":[127.023323,37.5595286],"type":"Point"},"id":"A13377301","properties":{"coordinate_status":"provider_xy_crs_unconfirmed","households":191,"kapt_code":"A13377301","name":"하왕십리극동미라주2","property_aptseq_join":"not_established","source_id":"seoul-openaptinfo"},"type":"Feature"},{"geometry":{"coordinates":[127.0257287,37.561962],"type":"Point"},"id":"A13377302","properties":{"coordinate_status":"provider_xy_crs_unconfirmed","households":274,"kapt_code":"A13377302","name":"금호베스트빌아파트 제2관리사무소","property_aptseq_join":"not_established","source_id":"seoul-openaptinfo"},"type":"Feature"},{"geometry":{"coordinates":[127.0292269,37.5560348],"type":"Point"},"id":"A13377703","properties":{"coordinate_status":"provider_xy_crs_unconfirmed","households":2123,"kapt_code":"A13377703","name":"행당한진타운","property_aptseq_join":"not_established","source_id":"seoul-openaptinfo"},"type":"Feature"},{"geometry":{"coordinates":[127.0309513,37.5572723],"type":"Point"},"id":"A13377901","properties":{"coordinate_status":"provider_xy_crs_unconfirmed","households":351,"kapt_code":"A13377901","name":"행당두산위브아파트","property_aptseq_join":"unique_official_road_address_and_name","property_complex_id":"molit-apt:11200:11200-2899","property_release_id":"property-eea48453a819f517","source_id":"seoul-openaptinfo"},"type":"Feature"},{"geometry":{"coordinates":[127.0271171,37.557906],"type":"Point"},"id":"A13377902","properties":{"coordinate_status":"provider_xy_crs_unconfirmed","households":1005,"kapt_code":"A13377902","name":"행당대림제2","property_aptseq_join":"not_established","source_id":"seoul-openaptinfo"},"type":"Feature"},{"geometry":{"coordinates":[127.0264327,37.5552849],"type":"Point"},"id":"A13377903","properties":{"coordinate_status":"provider_xy_crs_unconfirmed","households":728,"kapt_code":"A13377903","name":"행당한진타운제2","property_aptseq_join":"not_established","source_id":"seoul-openaptinfo"},"type":"Feature"},{"geometry":{"coordinates":[127.0521533,37.5412384],"type":"Point"},"id":"A13378001","properties":{"coordinate_status":"provider_xy_crs_unconfirmed","households":445,"kapt_code":"A13378001","name":"서울숲힐스테이트","property_aptseq_join":"unique_official_road_address_and_name","property_complex_id":"molit-apt:11200:11200-2883","property_release_id":"property-eea48453a819f517","source_id":"seoul-openaptinfo"},"type":"Feature"},{"geometry":{"coordinates":[127.0222961,37.5467561],"type":"Point"},"id":"A13378101","properties":{"coordinate_status":"provider_xy_crs_unconfirmed","households":508,"kapt_code":"A13378101","name":"금호대우임대","property_aptseq_join":"not_established","source_id":"seoul-openaptinfo"},"type":"Feature"},{"geometry":{"coordinates":[127.0242693,37.5463614],"type":"Point"},"id":"A13378102","properties":{"coordinate_status":"provider_xy_crs_unconfirmed","households":586,"kapt_code":"A13378102","name":"서울숲2차푸르지오","property_aptseq_join":"unique_official_road_address_and_name","property_complex_id":"molit-apt:11200:11200-2970","property_release_id":"property-eea48453a819f517","source_id":"seoul-openaptinfo"},"type":"Feature"},{"geometry":{"coordinates":[127.023907927,37.547489032],"type":"Point"},"id":"A13378103","properties":{"coordinate_status":"provider_xy_crs_unconfirmed","households":121,"kapt_code":"A13378103","name":"서울숲2차푸르지오임대","property_aptseq_join":"not_established","source_id":"seoul-openaptinfo"},"type":"Feature"},{"geometry":{"coordinates":[127.0218834,37.5503366],"type":"Point"},"id":"A13379001","properties":{"coordinate_status":"provider_xy_crs_unconfirmed","households":403,"kapt_code":"A13379001","name":"금호자이2차","property_aptseq_join":"unique_official_road_address_and_name","property_complex_id":"molit-apt:11200:11200-2969","property_release_id":"property-eea48453a819f517","source_id":"seoul-openaptinfo"},"type":"Feature"},{"geometry":{"coordinates":[127.0423375,37.545725],"type":"Point"},"id":"A13379401","properties":{"coordinate_status":"provider_xy_crs_unconfirmed","households":230,"kapt_code":"A13379401","name":"성수갤러리아포레","property_aptseq_join":"not_established","source_id":"seoul-openaptinfo"},"type":"Feature"},{"geometry":{"coordinates":[127.0271242,37.551862],"type":"Point"},"id":"A13380104","properties":{"coordinate_status":"provider_xy_crs_unconfirmed","households":1707,"kapt_code":"A13380104","name":"금호벽산","property_aptseq_join":"not_established","source_id":"seoul-openaptinfo"},"type":"Feature"},{"geometry":{"coordinates":[127.0230548,37.5526896],"type":"Point"},"id":"A13380301","properties":{"coordinate_status":"provider_xy_crs_unconfirmed","households":401,"kapt_code":"A13380301","name":"금호센트럴자이","property_aptseq_join":"not_established","source_id":"seoul-openaptinfo"},"type":"Feature"},{"geometry":{"coordinates":[127.0245138,37.5514831],"type":"Point"},"id":"A13380302","properties":{"coordinate_status":"provider_xy_crs_unconfirmed","households":847,"kapt_code":"A13380302","name":"래미안하이리버","property_aptseq_join":"unique_official_road_address_and_name","property_complex_id":"molit-apt:11200:11200-2944","property_release_id":"property-eea48453a819f517","source_id":"seoul-openaptinfo"},"type":"Feature"},{"geometry":{"coordinates":[127.0232747,37.5520681],"type":"Point"},"id":"A13380303","properties":{"coordinate_status":"provider_xy_crs_unconfirmed","households":306,"kapt_code":"A13380303","name":"래미안하이리버제2임대","property_aptseq_join":"not_established","source_id":"seoul-openaptinfo"},"type":"Feature"},{"geometry":{"coordinates":[127.021146,37.5491419],"type":"Point"},"id":"A13380602","properties":{"coordinate_status":"provider_xy_crs_unconfirmed","households":336,"kapt_code":"A13380602","name":"금호1차푸르지오","property_aptseq_join":"not_established","source_id":"seoul-openaptinfo"},"type":"Feature"},{"geometry":{"coordinates":[127.0164657,37.5506428],"type":"Point"},"id":"A13380703","properties":{"coordinate_status":"provider_xy_crs_unconfirmed","households":1267,"kapt_code":"A13380703","name":"금호두산","property_aptseq_join":"not_established","source_id":"seoul-openaptinfo"},"type":"Feature"},{"geometry":{"coordinates":[127.0221874,37.5449355],"type":"Point"},"id":"A13380803","properties":{"coordinate_status":"provider_xy_crs_unconfirmed","households":888,"kapt_code":"A13380803","name":"서울숲푸르지오","property_aptseq_join":"unique_official_road_address_and_name","property_complex_id":"molit-apt:11200:11200-2820","property_release_id":"property-eea48453a819f517","source_id":"seoul-openaptinfo"},"type":"Feature"},{"geometry":{"coordinates":[127.0154576,37.5468722],"type":"Point"},"id":"A13380901","properties":{"coordinate_status":"provider_xy_crs_unconfirmed","households":217,"kapt_code":"A13380901","name":"브라운스톤금호아파트","property_aptseq_join":"unique_official_road_address_and_name","property_complex_id":"molit-apt:11200:11200-2789","property_release_id":"property-eea48453a819f517","source_id":"seoul-openaptinfo"},"type":"Feature"},{"geometry":{"coordinates":[127.039119,37.5654091],"type":"Point"},"id":"A13381601","properties":{"coordinate_status":"provider_xy_crs_unconfirmed","households":170,"kapt_code":"A13381601","name":"왕십리중앙하이츠","property_aptseq_join":"not_established","source_id":"seoul-openaptinfo"},"type":"Feature"},{"geometry":{"coordinates":[127.041089,37.562934],"type":"Point"},"id":"A13381604","properties":{"coordinate_status":"provider_xy_crs_unconfirmed","households":367,"kapt_code":"A13381604","name":"왕십리금호어울림아파트","property_aptseq_join":"unique_official_road_address_and_name","property_complex_id":"molit-apt:11200:11200-90","property_release_id":"property-eea48453a819f517","source_id":"seoul-openaptinfo"},"type":"Feature"},{"geometry":{"coordinates":[127.0425631,37.5694733],"type":"Point"},"id":"A13381608","properties":{"coordinate_status":"provider_xy_crs_unconfirmed","households":1017,"kapt_code":"A13381608","name":"청계현대아파트","property_aptseq_join":"not_established","source_id":"seoul-openaptinfo"},"type":"Feature"},{"geometry":{"coordinates":[127.0485864,37.5618375],"type":"Point"},"id":"A13381701","properties":{"coordinate_status":"provider_xy_crs_unconfirmed","households":270,"kapt_code":"A13381701","name":"사근중앙하이츠","property_aptseq_join":"not_established","source_id":"seoul-openaptinfo"},"type":"Feature"},{"geometry":{"coordinates":[127.0504495,37.5407018],"type":"Point"},"id":"A13381902","properties":{"coordinate_status":"provider_xy_crs_unconfirmed","households":219,"kapt_code":"A13381902","name":"성수현대그린","property_aptseq_join":"not_established","source_id":"seoul-openaptinfo"},"type":"Feature"},{"geometry":{"coordinates":[127.0452696,37.5421369],"type":"Point"},"id":"A13382104","properties":{"coordinate_status":"provider_xy_crs_unconfirmed","households":372,"kapt_code":"A13382104","name":"서울숲대림아파트","property_aptseq_join":"unique_official_road_address_and_name","property_complex_id":"molit-apt:11200:11200-50","property_release_id":"property-eea48453a819f517","source_id":"seoul-openaptinfo"},"type":"Feature"},{"geometry":{"coordinates":[127.0454954,37.5442259],"type":"Point"},"id":"A13382106","properties":{"coordinate_status":"provider_xy_crs_unconfirmed","households":390,"kapt_code":"A13382106","name":"성수동아","property_aptseq_join":"not_established","source_id":"seoul-openaptinfo"},"type":"Feature"},{"geometry":{"coordinates":[127.0409089,37.548195],"type":"Point"},"id":"A13382502","properties":{"coordinate_status":"provider_xy_crs_unconfirmed","households":217,"kapt_code":"A13382502","name":"성수현대","property_aptseq_join":"not_established","source_id":"seoul-openaptinfo"},"type":"Feature"},{"geometry":{"coordinates":[127.0527166,37.5358423],"type":"Point"},"id":"A13382802","properties":{"coordinate_status":"provider_xy_crs_unconfirmed","households":202,"kapt_code":"A13382802","name":"성수한강한신","property_aptseq_join":"not_established","source_id":"seoul-openaptinfo"},"type":"Feature"},{"geometry":{"coordinates":[127.0548812,37.5352521],"type":"Point"},"id":"A13383003","properties":{"coordinate_status":"provider_xy_crs_unconfirmed","households":246,"kapt_code":"A13383003","name":"성수청구강변","property_aptseq_join":"not_established","source_id":"seoul-openaptinfo"},"type":"Feature"},{"geometry":{"coordinates":[127.051583,37.5484064],"type":"Point"},"id":"A13383301","properties":{"coordinate_status":"provider_xy_crs_unconfirmed","households":221,"kapt_code":"A13383301","name":"성수우방2차","property_aptseq_join":"unique_official_road_address_and_name","property_complex_id":"molit-apt:11200:11200-71","property_release_id":"property-eea48453a819f517","source_id":"seoul-openaptinfo"},"type":"Feature"},{"geometry":{"coordinates":[127.0709815,37.5559647],"type":"Point"},"id":"A13383702","properties":{"coordinate_status":"provider_xy_crs_unconfirmed","households":447,"kapt_code":"A13383702","name":"송정건영","property_aptseq_join":"not_established","source_id":"seoul-openaptinfo"},"type":"Feature"},{"geometry":{"coordinates":[127.016339,37.540028],"type":"Point"},"id":"A13383801","properties":{"coordinate_status":"provider_xy_crs_unconfirmed","households":536,"kapt_code":"A13383801","name":"옥수중앙하이츠","property_aptseq_join":"not_established","source_id":"seoul-openaptinfo"},"type":"Feature"},{"geometry":{"coordinates":[127.0479977,37.5455297],"type":"Point"},"id":"A13384301","properties":{"coordinate_status":"provider_xy_crs_unconfirmed","households":168,"kapt_code":"A13384301","name":"한양현대아파트","property_aptseq_join":"not_established","source_id":"seoul-openaptinfo"},"type":"Feature"},{"geometry":{"coordinates":[127.0481187,37.5478825],"type":"Point"},"id":"A13384303","properties":{"coordinate_status":"provider_xy_crs_unconfirmed","households":256,"kapt_code":"A13384303","name":"뚝섬중앙하이츠빌","property_aptseq_join":"not_established","source_id":"seoul-openaptinfo"},"type":"Feature"},{"geometry":{"coordinates":[127.0480309,37.550919],"type":"Point"},"id":"A13384304","properties":{"coordinate_status":"provider_xy_crs_unconfirmed","households":331,"kapt_code":"A13384304","name":"성수동아그린","property_aptseq_join":"not_established","source_id":"seoul-openaptinfo"},"type":"Feature"},{"geometry":{"coordinates":[127.0100138,37.5419656],"type":"Point"},"id":"A13384403","properties":{"coordinate_status":"provider_xy_crs_unconfirmed","households":583,"kapt_code":"A13384403","name":"옥수극동그린아파트","property_aptseq_join":"not_established","source_id":"seoul-openaptinfo"},"type":"Feature"},{"geometry":{"coordinates":[127.0321202,37.552326],"type":"Point"},"id":"A13385202","properties":{"coordinate_status":"provider_xy_crs_unconfirmed","households":410,"kapt_code":"A13385202","name":"응봉대림2차","property_aptseq_join":"not_established","source_id":"seoul-openaptinfo"},"type":"Feature"},{"geometry":{"coordinates":[127.0372695,37.5530787],"type":"Point"},"id":"A13385301","properties":{"coordinate_status":"provider_xy_crs_unconfirmed","households":375,"kapt_code":"A13385301","name":"서울숲리버그린동아","property_aptseq_join":"unique_official_road_address_and_name","property_complex_id":"molit-apt:11200:11200-82","property_release_id":"property-eea48453a819f517","source_id":"seoul-openaptinfo"},"type":"Feature"},{"geometry":{"coordinates":[127.0295611,37.5504195],"type":"Point"},"id":"A13385303","properties":{"coordinate_status":"provider_xy_crs_unconfirmed","households":434,"kapt_code":"A13385303","name":"응봉신동아","property_aptseq_join":"not_established","source_id":"seoul-openaptinfo"},"type":"Feature"},{"geometry":{"coordinates":[127.0283658,37.5623584],"type":"Point"},"id":"A13385705","properties":{"coordinate_status":"provider_xy_crs_unconfirmed","households":480,"kapt_code":"A13385705","name":"한신무학","property_aptseq_join":"unique_official_road_address_and_name","property_complex_id":"molit-apt:11200:11200-5","property_release_id":"property-eea48453a819f517","source_id":"seoul-openaptinfo"},"type":"Feature"},{"geometry":{"coordinates":[127.0278817,37.5611615],"type":"Point"},"id":"A13385802","properties":{"coordinate_status":"provider_xy_crs_unconfirmed","households":277,"kapt_code":"A13385802","name":"무학현대","property_aptseq_join":"unique_official_road_address_and_name","property_complex_id":"molit-apt:11200:11200-3","property_release_id":"property-eea48453a819f517","source_id":"seoul-openaptinfo"},"type":"Feature"},{"geometry":{"coordinates":[127.0366365,37.5549104],"type":"Point"},"id":"A13386702","properties":{"coordinate_status":"provider_xy_crs_unconfirmed","households":1410,"kapt_code":"A13386702","name":"서울숲한신더휴아파트","property_aptseq_join":"not_established","source_id":"seoul-openaptinfo"},"type":"Feature"},{"geometry":{"coordinates":[127.0311734,37.5694004],"type":"Point"},"id":"A13388001","properties":{"coordinate_status":"provider_xy_crs_unconfirmed","households":510,"kapt_code":"A13388001","name":"청계벽산아파트제2관리사무소","property_aptseq_join":"not_established","source_id":"seoul-openaptinfo"},"type":"Feature"},{"geometry":{"coordinates":[127.0451083,37.5403701],"type":"Point"},"id":"A13392307","properties":{"coordinate_status":"provider_xy_crs_unconfirmed","households":580,"kapt_code":"A13392307","name":"강변건영","property_aptseq_join":"unique_official_road_address_and_name","property_complex_id":"molit-apt:11200:11200-49","property_release_id":"property-eea48453a819f517","source_id":"seoul-openaptinfo"},"type":"Feature"},{"geometry":{"coordinates":[127.12698793,37.539418065],"type":"Point"},"id":"A13402001","properties":{"coordinate_status":"provider_xy_crs_unconfirmed","households":156,"kapt_code":"A13402001","name":"천호두산위브센티움","property_aptseq_join":"not_established","source_id":"seoul-openaptinfo"},"type":"Feature"},{"geometry":{"coordinates":[127.130007,37.5381545],"type":"Point"},"id":"A13402002","properties":{"coordinate_status":"provider_xy_crs_unconfirmed","households":385,"kapt_code":"A13402002","name":"천호태영","property_aptseq_join":"not_established","source_id":"seoul-openaptinfo"},"type":"Feature"},{"geometry":{"coordinates":[127.124974393,37.540557831],"type":"Point"},"id":"A13402003","properties":{"coordinate_status":"provider_xy_crs_unconfirmed","households":204,"kapt_code":"A13402003","name":"대우한강베네시티","property_aptseq_join":"unique_official_road_address_and_name","property_complex_id":"molit-apt:11740:11740-2626","property_release_id":"property-eea48453a819f517","source_id":"seoul-openaptinfo"},"type":"Feature"},{"geometry":{"coordinates":[127.14014389,37.543771586],"type":"Point"},"id":"A13402004","properties":{"coordinate_status":"provider_xy_crs_unconfirmed","households":75,"kapt_code":"A13402004","name":"강동이루미","property_aptseq_join":"unique_official_road_address_and_name","property_complex_id":"molit-apt:11740:11740-2498","property_release_id":"property-eea48453a819f517","source_id":"seoul-openaptinfo"},"type":"Feature"},{"geometry":{"coordinates":[127.1388427,37.549769],"type":"Point"},"id":"A13402103","properties":{"coordinate_status":"provider_xy_crs_unconfirmed","households":479,"kapt_code":"A13402103","name":"천호우성","property_aptseq_join":"not_established","source_id":"seoul-openaptinfo"},"type":"Feature"},{"geometry":{"coordinates":[127.1243522,37.5443727],"type":"Point"},"id":"A13402202","properties":{"coordinate_status":"provider_xy_crs_unconfirmed","households":150,"kapt_code":"A13402202","name":"천호e-편한세상","property_aptseq_join":"unique_official_road_address_and_name","property_complex_id":"molit-apt:11740:11740-2501","property_release_id":"property-eea48453a819f517","source_id":"seoul-openaptinfo"},"type":"Feature"},{"geometry":{"coordinates":[127.1233659,37.5483376],"type":"Point"},"id":"A13402204","properties":{"coordinate_status":"provider_xy_crs_unconfirmed","households":225,"kapt_code":"A13402204","name":"강변그대가리버뷰","property_aptseq_join":"not_established","source_id":"seoul-openaptinfo"},"type":"Feature"},{"geometry":{"coordinates":[127.130007,37.5381545],"type":"Point"},"id":"A13402304","properties":{"coordinate_status":"provider_xy_crs_unconfirmed","households":0,"kapt_code":"A13402304","name":"천호태영임대","property_aptseq_join":"not_established","source_id":"seoul-openaptinfo"},"type":"Feature"},{"geometry":{"coordinates":[127.1352572,37.5387176],"type":"Point"},"id":"A13402305","properties":{"coordinate_status":"provider_xy_crs_unconfirmed","households":396,"kapt_code":"A13402305","name":"천호삼성아파트","property_aptseq_join":"not_established","source_id":"seoul-openaptinfo"},"type":"Feature"},{"geometry":{"coordinates":[127.1264298,37.53436],"type":"Point"},"id":"A13403001","properties":{"coordinate_status":"provider_xy_crs_unconfirmed","households":151,"kapt_code":"A13403001","name":"성내2차e-편한세상","property_aptseq_join":"not_established","source_id":"seoul-openaptinfo"},"type":"Feature"},{"geometry":{"coordinates":[127.1241393,37.5317809],"type":"Point"},"id":"A13403002","properties":{"coordinate_status":"provider_xy_crs_unconfirmed","households":349,"kapt_code":"A13403002","name":"성내성안청구","property_aptseq_join":"not_established","source_id":"seoul-openaptinfo"},"type":"Feature"},{"geometry":{"coordinates":[127.1245822,37.5311547],"type":"Point"},"id":"A13403101","properties":{"coordinate_status":"provider_xy_crs_unconfirmed","households":1220,"kapt_code":"A13403101","name":"성내삼성","property_aptseq_join":"not_established","source_id":"seoul-openaptinfo"},"type":"Feature"},{"geometry":{"coordinates":[127.1271166,37.5540433],"type":"Point"},"id":"A13405002","properties":{"coordinate_status":"provider_xy_crs_unconfirmed","households":490,"kapt_code":"A13405002","name":"암사삼성광나루","property_aptseq_join":"not_established","source_id":"seoul-openaptinfo"},"type":"Feature"},{"geometry":{"coordinates":[127.1395194,37.5535297],"type":"Point"},"id":"A13405003","properties":{"coordinate_status":"provider_xy_crs_unconfirmed","households":1622,"kapt_code":"A13405003","name":"프라이어팰리스","property_aptseq_join":"unique_official_road_address_and_name","property_complex_id":"molit-apt:11740:11740-2664","property_release_id":"property-eea48453a819f517","source_id":"seoul-openaptinfo"},"type":"Feature"},{"geometry":{"coordinates":[127.1266968,37.5522571],"type":"Point"},"id":"A13405201","properties":{"coordinate_status":"provider_xy_crs_unconfirmed","households":2938,"kapt_code":"A13405201","name":"암사선사현대","property_aptseq_join":"not_established","source_id":"seoul-openaptinfo"},"type":"Feature"},{"geometry":{"coordinates":[127.1458735,37.5331763],"type":"Point"},"id":"A13406002","properties":{"coordinate_status":"provider_xy_crs_unconfirmed","households":170,"kapt_code":"A13406002","name":"둔촌동동아","property_aptseq_join":"not_established","source_id":"seoul-openaptinfo"},"type":"Feature"},{"geometry":{"coordinates":[127.1424221,37.5295514],"type":"Point"},"id":"A13406003","properties":{"coordinate_status":"provider_xy_crs_unconfirmed","households":232,"kapt_code":"A13406003","name":"둔촌하이츠","property_aptseq_join":"unique_official_road_address_and_name","property_complex_id":"molit-apt:11740:11740-77","property_release_id":"property-eea48453a819f517","source_id":"seoul-openaptinfo"},"type":"Feature"},{"geometry":{"coordinates":[127.1482561,37.535417],"type":"Point"},"id":"A13406005","properties":{"coordinate_status":"provider_xy_crs_unconfirmed","households":354,"kapt_code":"A13406005","name":"둔촌프라자","property_aptseq_join":"not_established","source_id":"seoul-openaptinfo"},"type":"Feature"},{"geometry":{"coordinates":[127.1408785,37.5300052],"type":"Point"},"id":"A13406201","properties":{"coordinate_status":"provider_xy_crs_unconfirmed","households":196,"kapt_code":"A13406201","name":"둔촌현대2차","property_aptseq_join":"not_established","source_id":"seoul-openaptinfo"},"type":"Feature"},{"geometry":{"coordinates":[127.1417216,37.529157],"type":"Point"},"id":"A13406204","properties":{"coordinate_status":"provider_xy_crs_unconfirmed","households":357,"kapt_code":"A13406204","name":"둔촌신동아","property_aptseq_join":"not_established","source_id":"seoul-openaptinfo"},"type":"Feature"},{"geometry":{"coordinates":[127.1428107,37.5278063],"type":"Point"},"id":"A13406205","properties":{"coordinate_status":"provider_xy_crs_unconfirmed","households":460,"kapt_code":"A13406205","name":"신성둔촌미소지움1차","property_aptseq_join":"not_established","source_id":"seoul-openaptinfo"},"type":"Feature"},{"geometry":{"coordinates":[127.1477263,37.5472116],"type":"Point"},"id":"A13407002","properties":{"coordinate_status":"provider_xy_crs_unconfirmed","households":768,"kapt_code":"A13407002","name":"명일삼익가든1,2차","property_aptseq_join":"not_established","source_id":"seoul-openaptinfo"},"type":"Feature"},{"geometry":{"coordinates":[127.148467,37.5532919],"type":"Point"},"id":"A13407104","properties":{"coordinate_status":"provider_xy_crs_unconfirmed","households":2400,"kapt_code":"A13407104","name":"명일삼익그린2차","property_aptseq_join":"not_established","source_id":"seoul-openaptinfo"},"type":"Feature"},{"geometry":{"coordinates":[127.1504982,37.5518066],"type":"Point"},"id":"A13407201","properties":{"coordinate_status":"provider_xy_crs_unconfirmed","households":152,"kapt_code":"A13407201","name":"명일삼익그린11차","property_aptseq_join":"not_established","source_id":"seoul-openaptinfo"},"type":"Feature"},{"geometry":{"coordinates":[127.1538354,37.5536984],"type":"Point"},"id":"A13407202","properties":{"coordinate_status":"provider_xy_crs_unconfirmed","households":306,"kapt_code":"A13407202","name":"명일삼환아파트","property_aptseq_join":"not_established","source_id":"seoul-openaptinfo"},"type":"Feature"},{"geometry":{"coordinates":[127.1521237,37.5537423],"type":"Point"},"id":"A13407204","properties":{"coordinate_status":"provider_xy_crs_unconfirmed","households":570,"kapt_code":"A13407204","name":"명일신동아","property_aptseq_join":"not_established","source_id":"seoul-openaptinfo"},"type":"Feature"},{"geometry":{"coordinates":[127.1556425,37.5589031],"type":"Point"},"id":"A13408003","properties":{"coordinate_status":"provider_xy_crs_unconfirmed","households":1142,"kapt_code":"A13408003","name":"고덕아이파크아파트","property_aptseq_join":"unique_official_road_address_and_name","property_complex_id":"molit-apt:11740:11740-2894","property_release_id":"property-eea48453a819f517","source_id":"seoul-openaptinfo"},"type":"Feature"},{"geometry":{"coordinates":[127.1675162,37.5461461],"type":"Point"},"id":"A13409001","properties":{"coordinate_status":"provider_xy_crs_unconfirmed","households":186,"kapt_code":"A13409001","name":"상일동아","property_aptseq_join":"not_established","source_id":"seoul-openaptinfo"},"type":"Feature"},{"geometry":{"coordinates":[127.1720243,37.5668679],"type":"Point"},"id":"A13410001","properties":{"coordinate_status":"provider_xy_crs_unconfirmed","households":282,"kapt_code":"A13410001","name":"강일리버파크1단지","property_aptseq_join":"unique_official_road_address_and_name","property_complex_id":"molit-apt:11740:11740-2849","property_release_id":"property-eea48453a819f517","source_id":"seoul-openaptinfo"},"type":"Feature"},{"geometry":{"coordinates":[127.1762695,37.5607222],"type":"Point"},"id":"A13410002","properties":{"coordinate_status":"provider_xy_crs_unconfirmed","households":410,"kapt_code":"A13410002","name":"강일리버파크8단지","property_aptseq_join":"unique_official_road_address_and_name","property_complex_id":"molit-apt:11740:11740-2854","property_release_id":"property-eea48453a819f517","source_id":"seoul-openaptinfo"},"type":"Feature"},{"geometry":{"coordinates":[127.1766546,37.5687308],"type":"Point"},"id":"A13410003","properties":{"coordinate_status":"provider_xy_crs_unconfirmed","households":442,"kapt_code":"A13410003","name":"강일리버파크2단지","property_aptseq_join":"unique_official_road_address_and_name","property_complex_id":"molit-apt:11740:11740-2850","property_release_id":"property-eea48453a819f517","source_id":"seoul-openaptinfo"},"type":"Feature"},{"geometry":{"coordinates":[127.1772605,37.5627329],"type":"Point"},"id":"A13410004","properties":{"coordinate_status":"provider_xy_crs_unconfirmed","households":553,"kapt_code":"A13410004","name":"강일리버파크6단지","property_aptseq_join":"unique_official_road_address_and_name","property_complex_id":"molit-apt:11740:11740-2853","property_release_id":"property-eea48453a819f517","source_id":"seoul-openaptinfo"},"type":"Feature"},{"geometry":{"coordinates":[127.1799976,37.5592085],"type":"Point"},"id":"A13410005","properties":{"coordinate_status":"provider_xy_crs_unconfirmed","households":694,"kapt_code":"A13410005","name":"강일리버파크10단지","property_aptseq_join":"unique_official_road_address_and_name","property_complex_id":"molit-apt:11740:11740-2855","property_release_id":"property-eea48453a819f517","source_id":"seoul-openaptinfo"},"type":"Feature"},{"geometry":{"coordinates":[127.1767916,37.5669952],"type":"Point"},"id":"A13410006","properties":{"coordinate_status":"provider_xy_crs_unconfirmed","households":748,"kapt_code":"A13410006","name":"강일리버파크4단지","property_aptseq_join":"unique_official_road_address_and_name","property_complex_id":"molit-apt:11740:11740-2851","property_release_id":"property-eea48453a819f517","source_id":"seoul-openaptinfo"},"type":"Feature"},{"geometry":{"coordinates":[127.1778329,37.558354],"type":"Point"},"id":"A13410007","properties":{"coordinate_status":"provider_xy_crs_unconfirmed","households":841,"kapt_code":"A13410007","name":"강일리버파크9단지","property_aptseq_join":"unique_official_road_address_and_name","property_complex_id":"molit-apt:11740:11740-2856","property_release_id":"property-eea48453a819f517","source_id":"seoul-openaptinfo"},"type":"Feature"},{"geometry":{"coordinates":[127.1751069,37.5655171],"type":"Point"},"id":"A13410008","properties":{"coordinate_status":"provider_xy_crs_unconfirmed","households":987,"kapt_code":"A13410008","name":"강일리버파크3단지","property_aptseq_join":"unique_official_road_address_and_name","property_complex_id":"molit-apt:11740:11740-2852","property_release_id":"property-eea48453a819f517","source_id":"seoul-openaptinfo"},"type":"Feature"},{"geometry":{"coordinates":[127.1782697,37.5678721],"type":"Point"},"id":"A13410009","properties":{"coordinate_status":"provider_xy_crs_unconfirmed","households":722,"kapt_code":"A13410009","name":"강일리버파크5단지","property_aptseq_join":"unique_official_road_address_and_name","property_complex_id":"molit-apt:11740:11740-2890","property_release_id":"property-eea48453a819f517","source_id":"seoul-openaptinfo"},"type":"Feature"},{"geometry":{"coordinates":[127.1784546,37.5653816],"type":"Point"},"id":"A13410010","properties":{"coordinate_status":"provider_xy_crs_unconfirmed","households":731,"kapt_code":"A13410010","name":"강일리버파크7단지","property_aptseq_join":"unique_official_road_address_and_name","property_complex_id":"molit-apt:11740:11740-2877","property_release_id":"property-eea48453a819f517","source_id":"seoul-openaptinfo"},"type":"Feature"},{"geometry":{"coordinates":[127.1731354,37.5597131],"type":"Point"},"id":"A13410011","properties":{"coordinate_status":"provider_xy_crs_unconfirmed","households":636,"kapt_code":"A13410011","name":"고덕리엔파크2단지","property_aptseq_join":"unique_official_road_address_and_name","property_complex_id":"molit-apt:11740:11740-3004","property_release_id":"property-eea48453a819f517","source_id":"seoul-openaptinfo"},"type":"Feature"},{"geometry":{"coordinates":[127.1714936,37.5616716],"type":"Point"},"id":"A13410012","properties":{"coordinate_status":"provider_xy_crs_unconfirmed","households":605,"kapt_code":"A13410012","name":"고덕리엔파크1단지","property_aptseq_join":"unique_official_road_address_and_name","property_complex_id":"molit-apt:11740:11740-3005","property_release_id":"property-eea48453a819f517","source_id":"seoul-openaptinfo"},"type":"Feature"},{"geometry":{"coordinates":[127.1476738,37.5448343],"type":"Point"},"id":"A13470101","properties":{"coordinate_status":"provider_xy_crs_unconfirmed","households":1092,"kapt_code":"A13470101","name":"길동삼익파크","property_aptseq_join":"not_established","source_id":"seoul-openaptinfo"},"type":"Feature"},{"geometry":{"coordinates":[127.136080344,37.536608565],"type":"Point"},"id":"A13470102","properties":{"coordinate_status":"provider_xy_crs_unconfirmed","households":236,"kapt_code":"A13470102","name":"강동QV2차","property_aptseq_join":"not_established","source_id":"seoul-openaptinfo"},"type":"Feature"},{"geometry":{"coordinates":[127.136455636,37.536352638],"type":"Point"},"id":"A13470104","properties":{"coordinate_status":"provider_xy_crs_unconfirmed","households":207,"kapt_code":"A13470104","name":"청광플러스원큐브3차","property_aptseq_join":"unique_official_road_address_and_name","property_complex_id":"molit-apt:11740:11740-3569","property_release_id":"property-eea48453a819f517","source_id":"seoul-openaptinfo"},"type":"Feature"},{"geometry":{"coordinates":[127.1436872,37.5273324],"type":"Point"},"id":"A13470502","properties":{"coordinate_status":"provider_xy_crs_unconfirmed","households":278,"kapt_code":"A13470502","name":"신성둔촌미소지움2차","property_aptseq_join":"not_established","source_id":"seoul-openaptinfo"},"type":"Feature"},{"geometry":{"coordinates":[127.1464079,37.5341284],"type":"Point"},"id":"A13470503","properties":{"coordinate_status":"provider_xy_crs_unconfirmed","households":800,"kapt_code":"A13470503","name":"둔촌푸르지오","property_aptseq_join":"unique_official_road_address_and_name","property_complex_id":"molit-apt:11740:11740-2931","property_release_id":"property-eea48453a819f517","source_id":"seoul-openaptinfo"},"type":"Feature"},{"geometry":{"coordinates":[127.1452461,37.5272306],"type":"Point"},"id":"A13470504","properties":{"coordinate_status":"provider_xy_crs_unconfirmed","households":160,"kapt_code":"A13470504","name":"둔촌현대3차","property_aptseq_join":"not_established","source_id":"seoul-openaptinfo"},"type":"Feature"},{"geometry":{"coordinates":[127.1319403,37.5552111],"type":"Point"},"id":"A13471501","properties":{"coordinate_status":"provider_xy_crs_unconfirmed","households":417,"kapt_code":"A13471501","name":"암사한강현대","property_aptseq_join":"not_established","source_id":"seoul-openaptinfo"},"type":"Feature"},{"geometry":{"coordinates":[127.1346837,37.537813],"type":"Point"},"id":"A13472201","properties":{"coordinate_status":"provider_xy_crs_unconfirmed","households":247,"kapt_code":"A13472201","name":"천호삼성임대","property_aptseq_join":"not_established","source_id":"seoul-openaptinfo"},"type":"Feature"},{"geometry":{"coordinates":[127.1747855,37.5513683],"type":"Point"},"id":"A13472701","properties":{"coordinate_status":"provider_xy_crs_unconfirmed","households":2283,"kapt_code":"A13472701","name":"고덕리엔파크3단지","property_aptseq_join":"unique_official_road_address_and_name","property_complex_id":"molit-apt:11740:11740-3008","property_release_id":"property-eea48453a819f517","source_id":"seoul-openaptinfo"},"type":"Feature"},{"geometry":{"coordinates":[127.125912,37.5412753],"type":"Point"},"id":"A13475001","properties":{"coordinate_status":"provider_xy_crs_unconfirmed","households":191,"kapt_code":"A13475001","name":"천호동아코아","property_aptseq_join":"not_established","source_id":"seoul-openaptinfo"},"type":"Feature"},{"geometry":{"coordinates":[127.1535479,37.5505067],"type":"Point"},"id":"A13478601","properties":{"coordinate_status":"provider_xy_crs_unconfirmed","households":524,"kapt_code":"A13478601","name":"고덕현대아파트","property_aptseq_join":"not_established","source_id":"seoul-openaptinfo"},"type":"Feature"},{"geometry":{"coordinates":[127.1521009,37.5565058],"type":"Point"},"id":"A13480401","properties":{"coordinate_status":"provider_xy_crs_unconfirmed","households":448,"kapt_code":"A13480401","name":"고덕현대","property_aptseq_join":"not_established","source_id":"seoul-openaptinfo"},"type":"Feature"},{"geometry":{"coordinates":[127.1467882,37.5579377],"type":"Point"},"id":"A13480403","properties":{"coordinate_status":"provider_xy_crs_unconfirmed","households":807,"kapt_code":"A13480403","name":"고덕아남","property_aptseq_join":"not_established","source_id":"seoul-openaptinfo"},"type":"Feature"},{"geometry":{"coordinates":[127.1473459,37.536591],"type":"Point"},"id":"A13480803","properties":{"coordinate_status":"provider_xy_crs_unconfirmed","households":264,"kapt_code":"A13480803","name":"길동현대아파트","property_aptseq_join":"not_established","source_id":"seoul-openaptinfo"},"type":"Feature"},{"geometry":{"coordinates":[127.1445299,37.5432755],"type":"Point"},"id":"A13481001","properties":{"coordinate_status":"provider_xy_crs_unconfirmed","households":162,"kapt_code":"A13481001","name":"길동우성1차","property_aptseq_join":"not_established","source_id":"seoul-openaptinfo"},"type":"Feature"},{"geometry":{"coordinates":[127.1437013,37.5370211],"type":"Point"},"id":"A13481305","properties":{"coordinate_status":"provider_xy_crs_unconfirmed","households":811,"kapt_code":"A13481305","name":"길동우성2차","property_aptseq_join":"not_established","source_id":"seoul-openaptinfo"},"type":"Feature"},{"geometry":{"coordinates":[127.1441487,37.5299686],"type":"Point"},"id":"A13481802","properties":{"coordinate_status":"provider_xy_crs_unconfirmed","households":235,"kapt_code":"A13481802","name":"둔촌현대4차","property_aptseq_join":"not_established","source_id":"seoul-openaptinfo"},"type":"Feature"},{"geometry":{"coordinates":[127.1521714,37.5509218],"type":"Point"},"id":"A13482505","properties":{"coordinate_status":"provider_xy_crs_unconfirmed","households":572,"kapt_code":"A13482505","name":"명일동우성","property_aptseq_join":"not_established","source_id":"seoul-openaptinfo"},"type":"Feature"},{"geometry":{"coordinates":[127.1551633,37.5504635],"type":"Point"},"id":"A13482603","properties":{"coordinate_status":"provider_xy_crs_unconfirmed","households":540,"kapt_code":"A13482603","name":"명일한양","property_aptseq_join":"not_established","source_id":"seoul-openaptinfo"},"type":"Feature"},{"geometry":{"coordinates":[127.1498653,37.54796],"type":"Point"},"id":"A13482706","properties":{"coordinate_status":"provider_xy_crs_unconfirmed","households":1320,"kapt_code":"A13482706","name":"고덕주공9단지","property_aptseq_join":"not_established","source_id":"seoul-openaptinfo"},"type":"Feature"},{"geometry":{"coordinates":[127.1488477,37.5485038],"type":"Point"},"id":"A13482801","properties":{"coordinate_status":"provider_xy_crs_unconfirmed","households":226,"kapt_code":"A13482801","name":"명일현대","property_aptseq_join":"not_established","source_id":"seoul-openaptinfo"},"type":"Feature"},{"geometry":{"coordinates":[127.1460609,37.5490861],"type":"Point"},"id":"A13483002","properties":{"coordinate_status":"provider_xy_crs_unconfirmed","households":772,"kapt_code":"A13483002","name":"명일지에스","property_aptseq_join":"not_established","source_id":"seoul-openaptinfo"},"type":"Feature"},{"geometry":{"coordinates":[127.1598371,37.5507165],"type":"Point"},"id":"A13483803","properties":{"coordinate_status":"provider_xy_crs_unconfirmed","households":410,"kapt_code":"A13483803","name":"명일중앙하이츠아파트","property_aptseq_join":"not_established","source_id":"seoul-openaptinfo"},"type":"Feature"},{"geometry":{"coordinates":[127.1265528,37.5352413],"type":"Point"},"id":"A13484003","properties":{"coordinate_status":"provider_xy_crs_unconfirmed","households":277,"kapt_code":"A13484003","name":"성내현대","property_aptseq_join":"not_established","source_id":"seoul-openaptinfo"},"type":"Feature"},{"geometry":{"coordinates":[127.1327538,37.5351624],"type":"Point"},"id":"A13484004","properties":{"coordinate_status":"provider_xy_crs_unconfirmed","households":325,"kapt_code":"A13484004","name":"SK허브진주상복합아파트","property_aptseq_join":"not_established","source_id":"seoul-openaptinfo"},"type":"Feature"},{"geometry":{"coordinates":[127.1323906,37.5343691],"type":"Point"},"id":"A13484102","properties":{"coordinate_status":"provider_xy_crs_unconfirmed","households":257,"kapt_code":"A13484102","name":"성내코오롱","property_aptseq_join":"not_established","source_id":"seoul-openaptinfo"},"type":"Feature"},{"geometry":{"coordinates":[127.1309281,37.5332423],"type":"Point"},"id":"A13484201","properties":{"coordinate_status":"provider_xy_crs_unconfirmed","households":203,"kapt_code":"A13484201","name":"성내1차e-편한세상","property_aptseq_join":"not_established","source_id":"seoul-openaptinfo"},"type":"Feature"},{"geometry":{"coordinates":[127.1331875,37.52945],"type":"Point"},"id":"A13484501","properties":{"coordinate_status":"provider_xy_crs_unconfirmed","households":222,"kapt_code":"A13484501","name":"둔촌역청구아파트","property_aptseq_join":"unique_official_road_address_and_name","property_complex_id":"molit-apt:11740:11740-121","property_release_id":"property-eea48453a819f517","source_id":"seoul-openaptinfo"},"type":"Feature"},{"geometry":{"coordinates":[127.1384801,37.5564098],"type":"Point"},"id":"A13485301","properties":{"coordinate_status":"provider_xy_crs_unconfirmed","households":568,"kapt_code":"A13485301","name":"강동현대홈타운","property_aptseq_join":"not_established","source_id":"seoul-openaptinfo"},"type":"Feature"},{"geometry":{"coordinates":[127.1430468,37.556623],"type":"Point"},"id":"A13485302","properties":{"coordinate_status":"provider_xy_crs_unconfirmed","households":3226,"kapt_code":"A13485302","name":"강동롯데캐슬퍼스트아파트","property_aptseq_join":"not_established","source_id":"seoul-openaptinfo"},"type":"Feature"},{"geometry":{"coordinates":[127.1403182,37.5520769],"type":"Point"},"id":"A13485401","properties":{"coordinate_status":"provider_xy_crs_unconfirmed","households":203,"kapt_code":"A13485401","name":"암사동한솔아파트","property_aptseq_join":"unique_official_road_address_and_name","property_complex_id":"molit-apt:11740:11740-95","property_release_id":"property-eea48453a819f517","source_id":"seoul-openaptinfo"},"type":"Feature"},{"geometry":{"coordinates":[127.142214,37.5448169],"type":"Point"},"id":"A13486102","properties":{"coordinate_status":"provider_xy_crs_unconfirmed","households":232,"kapt_code":"A13486102","name":"천호금호","property_aptseq_join":"not_established","source_id":"seoul-openaptinfo"},"type":"Feature"},{"geometry":{"coordinates":[127.1329005,37.5383992],"type":"Point"},"id":"A13486401","properties":{"coordinate_status":"provider_xy_crs_unconfirmed","households":156,"kapt_code":"A13486401","name":"천호현대","property_aptseq_join":"not_established","source_id":"seoul-openaptinfo"},"type":"Feature"},{"geometry":{"coordinates":[127.1344342,37.5447137],"type":"Point"},"id":"A13486504","properties":{"coordinate_status":"provider_xy_crs_unconfirmed","households":526,"kapt_code":"A13486504","name":"천호동아하이빌","property_aptseq_join":"not_established","source_id":"seoul-openaptinfo"},"type":"Feature"},{"geometry":{"coordinates":[127.1348466,37.5457708],"type":"Point"},"id":"A13486601","properties":{"coordinate_status":"provider_xy_crs_unconfirmed","households":224,"kapt_code":"A13486601","name":"천호한신","property_aptseq_join":"not_established","source_id":"seoul-openaptinfo"},"type":"Feature"},{"geometry":{"coordinates":[127.1284727,37.5485886],"type":"Point"},"id":"A13486701","properties":{"coordinate_status":"provider_xy_crs_unconfirmed","households":150,"kapt_code":"A13486701","name":"천호삼익","property_aptseq_join":"not_established","source_id":"seoul-openaptinfo"},"type":"Feature"},{"geometry":{"coordinates":[127.1278651,37.5487741],"type":"Point"},"id":"A13486703","properties":{"coordinate_status":"provider_xy_crs_unconfirmed","households":174,"kapt_code":"A13486703","name":"천호유원","property_aptseq_join":"not_established","source_id":"seoul-openaptinfo"},"type":"Feature"},{"geometry":{"coordinates":[127.1302233,37.5472957],"type":"Point"},"id":"A13486705","properties":{"coordinate_status":"provider_xy_crs_unconfirmed","households":226,"kapt_code":"A13486705","name":"천호중앙하이츠","property_aptseq_join":"not_established","source_id":"seoul-openaptinfo"},"type":"Feature"},{"geometry":{"coordinates":[127.1346427,37.5364504],"type":"Point"},"id":"A13487102","properties":{"coordinate_status":"provider_xy_crs_unconfirmed","households":185,"kapt_code":"A13487102","name":"천호현대타워","property_aptseq_join":"not_established","source_id":"seoul-openaptinfo"},"type":"Feature"},{"geometry":{"coordinates":[127.1498347,37.5380276],"type":"Point"},"id":"A13488104","properties":{"coordinate_status":"provider_xy_crs_unconfirmed","households":596,"kapt_code":"A13488104","name":"길동GS강동자이","property_aptseq_join":"not_established","source_id":"seoul-openaptinfo"},"type":"Feature"},{"geometry":{"coordinates":[127.0381516,37.5147528],"type":"Point"},"id":"A13501001","properties":{"coordinate_status":"provider_xy_crs_unconfirmed","households":203,"kapt_code":"A13501001","name":"동양파라곤","property_aptseq_join":"unique_official_road_address_and_name","property_complex_id":"molit-apt:11680:11680-473","property_release_id":"property-eea48453a819f517","source_id":"seoul-openaptinfo"},"type":"Feature"},{"geometry":{"coordinates":[127.0289105,37.5138873],"type":"Point"},"id":"A13501002","properties":{"coordinate_status":"provider_xy_crs_unconfirmed","households":260,"kapt_code":"A13501002","name":"마일스디오빌","property_aptseq_join":"unique_official_road_address_and_name","property_complex_id":"molit-apt:11680:11680-551","property_release_id":"property-eea48453a819f517","source_id":"seoul-openaptinfo"},"type":"Feature"},{"geometry":{"coordinates":[127.0233647,37.5149073],"type":"Point"},"id":"A13501004","properties":{"coordinate_status":"provider_xy_crs_unconfirmed","households":644,"kapt_code":"A13501004","name":"논현신동아","property_aptseq_join":"not_established","source_id":"seoul-openaptinfo"},"type":"Feature"},{"geometry":{"coordinates":[127.0389311,37.509505],"type":"Point"},"id":"A13501006","properties":{"coordinate_status":"provider_xy_crs_unconfirmed","households":368,"kapt_code":"A13501006","name":"아크로힐스논현","property_aptseq_join":"unique_official_road_address_and_name","property_complex_id":"molit-apt:11680:11680-4356","property_release_id":"property-eea48453a819f517","source_id":"seoul-openaptinfo"},"type":"Feature"},{"geometry":{"coordinates":[127.03816801,37.519641919],"type":"Point"},"id":"A13501007","properties":{"coordinate_status":"provider_xy_crs_unconfirmed","households":111,"kapt_code":"A13501007","name":"논현쌍용","property_aptseq_join":"not_established","source_id":"seoul-openaptinfo"},"type":"Feature"},{"geometry":{"coordinates":[127.027679,37.506376],"type":"Point"},"id":"A13501008","properties":{"coordinate_status":"provider_xy_crs_unconfirmed","households":113,"kapt_code":"A13501008","name":"거평","property_aptseq_join":"not_established","source_id":"seoul-openaptinfo"},"type":"Feature"},{"geometry":{"coordinates":[127.0338294,37.5064114],"type":"Point"},"id":"A13508001","properties":{"coordinate_status":"provider_xy_crs_unconfirmed","households":160,"kapt_code":"A13508001","name":"역삼휴먼터치빌","property_aptseq_join":"not_established","source_id":"seoul-openaptinfo"},"type":"Feature"},{"geometry":{"coordinates":[127.0423208,37.5005747],"type":"Point"},"id":"A13508002","properties":{"coordinate_status":"provider_xy_crs_unconfirmed","households":164,"kapt_code":"A13508002","name":"역삼경남","property_aptseq_join":"not_established","source_id":"seoul-openaptinfo"},"type":"Feature"},{"geometry":{"coordinates":[127.0311179,37.4975858],"type":"Point"},"id":"A13508003","properties":{"coordinate_status":"provider_xy_crs_unconfirmed","households":168,"kapt_code":"A13508003","name":"대우디오빌플러스","property_aptseq_join":"unique_official_road_address_and_name","property_complex_id":"molit-apt:11680:11680-668","property_release_id":"property-eea48453a819f517","source_id":"seoul-openaptinfo"},"type":"Feature"},{"geometry":{"coordinates":[127.0493831,37.5024446],"type":"Point"},"id":"A13508004","properties":{"coordinate_status":"provider_xy_crs_unconfirmed","households":206,"kapt_code":"A13508004","name":"역삼동부센트레빌","property_aptseq_join":"not_established","source_id":"seoul-openaptinfo"},"type":"Feature"},{"geometry":{"coordinates":[127.0330105,37.4919817],"type":"Point"},"id":"A13508005","properties":{"coordinate_status":"provider_xy_crs_unconfirmed","households":216,"kapt_code":"A13508005","name":"역삼한스빌아파트","property_aptseq_join":"not_established","source_id":"seoul-openaptinfo"},"type":"Feature"},{"geometry":{"coordinates":[127.0475511,37.5007064],"type":"Point"},"id":"A13508006","properties":{"coordinate_status":"provider_xy_crs_unconfirmed","households":288,"kapt_code":"A13508006","name":"역삼래미안펜타빌","property_aptseq_join":"not_established","source_id":"seoul-openaptinfo"},"type":"Feature"},{"geometry":{"coordinates":[127.0452013,37.4991341],"type":"Point"},"id":"A13508009","properties":{"coordinate_status":"provider_xy_crs_unconfirmed","households":541,"kapt_code":"A13508009","name":"역삼아이파크","property_aptseq_join":"not_established","source_id":"seoul-openaptinfo"},"type":"Feature"},{"geometry":{"coordinates":[127.0304134,37.4954031],"type":"Point"},"id":"A13508010","properties":{"coordinate_status":"provider_xy_crs_unconfirmed","households":166,"kapt_code":"A13508010","name":"역삼쌍용플래티넘밸류","property_aptseq_join":"not_established","source_id":"seoul-openaptinfo"},"type":"Feature"},{"geometry":{"coordinates":[127.0472661,37.4951609],"type":"Point"},"id":"A13508011","properties":{"coordinate_status":"provider_xy_crs_unconfirmed","households":464,"kapt_code":"A13508011","name":"래미안그레이튼","property_aptseq_join":"not_established","source_id":"seoul-openaptinfo"},"type":"Feature"},{"geometry":{"coordinates":[127.045892,37.5022736],"type":"Point"},"id":"A13508012","properties":{"coordinate_status":"provider_xy_crs_unconfirmed","households":411,"kapt_code":"A13508012","name":"테헤란 IPARK","property_aptseq_join":"not_established","source_id":"seoul-openaptinfo"},"type":"Feature"},{"geometry":{"coordinates":[127.044375,37.5167109],"type":"Point"},"id":"A13509001","properties":{"coordinate_status":"provider_xy_crs_unconfirmed","households":198,"kapt_code":"A13509001","name":"삼성현대","property_aptseq_join":"not_established","source_id":"seoul-openaptinfo"},"type":"Feature"},{"geometry":{"coordinates":[127.0616804,37.5154299],"type":"Point"},"id":"A13509003","properties":{"coordinate_status":"provider_xy_crs_unconfirmed","households":252,"kapt_code":"A13509003","name":"삼성풍림아파트1차","property_aptseq_join":"not_established","source_id":"seoul-openaptinfo"},"type":"Feature"},{"geometry":{"coordinates":[127.0455212,37.5173908],"type":"Point"},"id":"A13509004","properties":{"coordinate_status":"provider_xy_crs_unconfirmed","households":263,"kapt_code":"A13509004","name":"삼성한솔","property_aptseq_join":"not_established","source_id":"seoul-openaptinfo"},"type":"Feature"},{"geometry":{"coordinates":[127.0434525,37.5161514],"type":"Point"},"id":"A13509005","properties":{"coordinate_status":"provider_xy_crs_unconfirmed","households":275,"kapt_code":"A13509005","name":"삼성래미안2차","property_aptseq_join":"not_established","source_id":"seoul-openaptinfo"},"type":"Feature"},{"geometry":{"coordinates":[127.0425304,37.5170036],"type":"Point"},"id":"A13509006","properties":{"coordinate_status":"provider_xy_crs_unconfirmed","households":304,"kapt_code":"A13509006","name":"삼성서광","property_aptseq_join":"not_established","source_id":"seoul-openaptinfo"},"type":"Feature"},{"geometry":{"coordinates":[127.0487,37.5177728],"type":"Point"},"id":"A13509007","properties":{"coordinate_status":"provider_xy_crs_unconfirmed","households":339,"kapt_code":"A13509007","name":"삼성롯데","property_aptseq_join":"not_established","source_id":"seoul-openaptinfo"},"type":"Feature"},{"geometry":{"coordinates":[127.0591223,37.5181937],"type":"Point"},"id":"A13509009","properties":{"coordinate_status":"provider_xy_crs_unconfirmed","households":449,"kapt_code":"A13509009","name":"아이파크삼성동","property_aptseq_join":"not_established","source_id":"seoul-openaptinfo"},"type":"Feature"},{"geometry":{"coordinates":[127.0447625,37.5152753],"type":"Point"},"id":"A13509010","properties":{"coordinate_status":"provider_xy_crs_unconfirmed","households":713,"kapt_code":"A13509010","name":"삼성롯데캐슬프레미어","property_aptseq_join":"not_established","source_id":"seoul-openaptinfo"},"type":"Feature"},{"geometry":{"coordinates":[127.0484681,37.5163114],"type":"Point"},"id":"A13509012","properties":{"coordinate_status":"provider_xy_crs_unconfirmed","households":1144,"kapt_code":"A13509012","name":"삼성힐스테이트1단지","property_aptseq_join":"not_established","source_id":"seoul-openaptinfo"},"type":"Feature"},{"geometry":{"coordinates":[127.0638937,37.5168001],"type":"Point"},"id":"A13509014","properties":{"coordinate_status":"provider_xy_crs_unconfirmed","households":133,"kapt_code":"A13509014","name":"래미안삼성1차103단지","property_aptseq_join":"not_established","source_id":"seoul-openaptinfo"},"type":"Feature"},{"geometry":{"coordinates":[127.0583783,37.5197827],"type":"Point"},"id":"A13509101","properties":{"coordinate_status":"provider_xy_crs_unconfirmed","households":167,"kapt_code":"A13509101","name":"삼성청구타운","property_aptseq_join":"not_established","source_id":"seoul-openaptinfo"},"type":"Feature"},{"geometry":{"coordinates":[127.0478619,37.5194421],"type":"Point"},"id":"A13510001","properties":{"coordinate_status":"provider_xy_crs_unconfirmed","households":158,"kapt_code":"A13510001","name":"청담삼성1차","property_aptseq_join":"not_established","source_id":"seoul-openaptinfo"},"type":"Feature"},{"geometry":{"coordinates":[127.0460731,37.5237052],"type":"Point"},"id":"A13510002","properties":{"coordinate_status":"provider_xy_crs_unconfirmed","households":191,"kapt_code":"A13510002","name":"청담휴먼스타빌","property_aptseq_join":"not_established","source_id":"seoul-openaptinfo"},"type":"Feature"},{"geometry":{"coordinates":[127.0500382,37.5235176],"type":"Point"},"id":"A13510003","properties":{"coordinate_status":"provider_xy_crs_unconfirmed","households":196,"kapt_code":"A13510003","name":"청담대우유로카운티","property_aptseq_join":"not_established","source_id":"seoul-openaptinfo"},"type":"Feature"},{"geometry":{"coordinates":[127.0514268,37.5201372],"type":"Point"},"id":"A13510005","properties":{"coordinate_status":"provider_xy_crs_unconfirmed","households":630,"kapt_code":"A13510005","name":"청담삼성진흥","property_aptseq_join":"not_established","source_id":"seoul-openaptinfo"},"type":"Feature"},{"geometry":{"coordinates":[127.047858,37.5205103],"type":"Point"},"id":"A13510006","properties":{"coordinate_status":"provider_xy_crs_unconfirmed","households":271,"kapt_code":"A13510006","name":"청담대림","property_aptseq_join":"not_established","source_id":"seoul-openaptinfo"},"type":"Feature"},{"geometry":{"coordinates":[127.0572143,37.5236075],"type":"Point"},"id":"A13510007","properties":{"coordinate_status":"provider_xy_crs_unconfirmed","households":708,"kapt_code":"A13510007","name":"청담자이","property_aptseq_join":"unique_official_road_address_and_name","property_complex_id":"molit-apt:11680:11680-4004","property_release_id":"property-eea48453a819f517","source_id":"seoul-openaptinfo"},"type":"Feature"},{"geometry":{"coordinates":[127.0428004,37.5179279],"type":"Point"},"id":"A13510009","properties":{"coordinate_status":"provider_xy_crs_unconfirmed","households":177,"kapt_code":"A13510009","name":"청담래미안로이뷰","property_aptseq_join":"not_established","source_id":"seoul-openaptinfo"},"type":"Feature"},{"geometry":{"coordinates":[127.0529125,37.5272417],"type":"Point"},"id":"A13510102","properties":{"coordinate_status":"provider_xy_crs_unconfirmed","households":317,"kapt_code":"A13510102","name":"청담현대3차","property_aptseq_join":"unique_official_road_address_and_name","property_complex_id":"molit-apt:11680:11680-78","property_release_id":"property-eea48453a819f517","source_id":"seoul-openaptinfo"},"type":"Feature"},{"geometry":{"coordinates":[127.0505804,37.5224412],"type":"Point"},"id":"A13510103","properties":{"coordinate_status":"provider_xy_crs_unconfirmed","households":391,"kapt_code":"A13510103","name":"삼성청담공원","property_aptseq_join":"unique_official_road_address_and_name","property_complex_id":"molit-apt:11680:11680-34","property_release_id":"property-eea48453a819f517","source_id":"seoul-openaptinfo"},"type":"Feature"},{"geometry":{"coordinates":[127.0476322,37.5216958],"type":"Point"},"id":"A13510201","properties":{"coordinate_status":"provider_xy_crs_unconfirmed","households":184,"kapt_code":"A13510201","name":"청담삼환","property_aptseq_join":"not_established","source_id":"seoul-openaptinfo"},"type":"Feature"},{"geometry":{"coordinates":[127.0407663,37.5215554],"type":"Point"},"id":"A13510202","properties":{"coordinate_status":"provider_xy_crs_unconfirmed","households":214,"kapt_code":"A13510202","name":"청담2차현대아파트","property_aptseq_join":"not_established","source_id":"seoul-openaptinfo"},"type":"Feature"},{"geometry":{"coordinates":[127.0427658,37.5179137],"type":"Point"},"id":"A13510203","properties":{"coordinate_status":"provider_xy_crs_unconfirmed","households":217,"kapt_code":"A13510203","name":"청담래미안","property_aptseq_join":"not_established","source_id":"seoul-openaptinfo"},"type":"Feature"},{"geometry":{"coordinates":[127.0207224,37.5254652],"type":"Point"},"id":"A13511001","properties":{"coordinate_status":"provider_xy_crs_unconfirmed","households":322,"kapt_code":"A13511001","name":"압구정미성1차","property_aptseq_join":"not_established","source_id":"seoul-openaptinfo"},"type":"Feature"},{"geometry":{"coordinates":[127.0194299,37.5235704],"type":"Point"},"id":"A13511003","properties":{"coordinate_status":"provider_xy_crs_unconfirmed","households":911,"kapt_code":"A13511003","name":"압구정미성2차","property_aptseq_join":"not_established","source_id":"seoul-openaptinfo"},"type":"Feature"},{"geometry":{"coordinates":[127.0244949,37.5262291],"type":"Point"},"id":"A13511004","properties":{"coordinate_status":"provider_xy_crs_unconfirmed","households":1924,"kapt_code":"A13511004","name":"압구정신현대","property_aptseq_join":"not_established","source_id":"seoul-openaptinfo"},"type":"Feature"},{"geometry":{"coordinates":[127.0261483,37.5306296],"type":"Point"},"id":"A13511101","properties":{"coordinate_status":"provider_xy_crs_unconfirmed","households":766,"kapt_code":"A13511101","name":"압구정 현대(10,13,14차)","property_aptseq_join":"not_established","source_id":"seoul-openaptinfo"},"type":"Feature"},{"geometry":{"coordinates":[127.0349464,37.5313427],"type":"Point"},"id":"A13511201","properties":{"coordinate_status":"provider_xy_crs_unconfirmed","households":515,"kapt_code":"A13511201","name":"압구정현대8차","property_aptseq_join":"not_established","source_id":"seoul-openaptinfo"},"type":"Feature"},{"geometry":{"coordinates":[127.1001458,37.4645363],"type":"Point"},"id":"A13519001","properties":{"coordinate_status":"provider_xy_crs_unconfirmed","households":395,"kapt_code":"A13519001","name":"강남신동아파밀리에1단지","property_aptseq_join":"unique_official_road_address_and_name","property_complex_id":"molit-apt:11680:11680-3965","property_release_id":"property-eea48453a819f517","source_id":"seoul-openaptinfo"},"type":"Feature"},{"geometry":{"coordinates":[127.1027666,37.4641686],"type":"Point"},"id":"A13519002","properties":{"coordinate_status":"provider_xy_crs_unconfirmed","households":410,"kapt_code":"A13519002","name":"강남신동아파밀리에2단지","property_aptseq_join":"unique_official_road_address_and_name","property_complex_id":"molit-apt:11680:11680-3964","property_release_id":"property-eea48453a819f517","source_id":"seoul-openaptinfo"},"type":"Feature"},{"geometry":{"coordinates":[127.1042851,37.4638037],"type":"Point"},"id":"A13519003","properties":{"coordinate_status":"provider_xy_crs_unconfirmed","households":363,"kapt_code":"A13519003","name":"강남신동아파밀리에3단지","property_aptseq_join":"not_established","source_id":"seoul-openaptinfo"},"type":"Feature"},{"geometry":{"coordinates":[127.1019693,37.4620861],"type":"Point"},"id":"A13519004","properties":{"coordinate_status":"provider_xy_crs_unconfirmed","households":407,"kapt_code":"A13519004","name":"세곡리엔파크4단지","property_aptseq_join":"not_established","source_id":"seoul-openaptinfo"},"type":"Feature"},{"geometry":{"coordinates":[127.1011882,37.4602887],"type":"Point"},"id":"A13519005","properties":{"coordinate_status":"provider_xy_crs_unconfirmed","households":546,"kapt_code":"A13519005","name":"강남데시앙파크","property_aptseq_join":"unique_official_road_address_and_name","property_complex_id":"molit-apt:11680:11680-4003","property_release_id":"property-eea48453a819f517","source_id":"seoul-openaptinfo"},"type":"Feature"},{"geometry":{"coordinates":[127.0934913,37.4667727],"type":"Point"},"id":"A13519006","properties":{"coordinate_status":"provider_xy_crs_unconfirmed","households":912,"kapt_code":"A13519006","name":"세곡푸르지오","property_aptseq_join":"unique_official_road_address_and_name","property_complex_id":"molit-apt:11680:11680-4090","property_release_id":"property-eea48453a819f517","source_id":"seoul-openaptinfo"},"type":"Feature"},{"geometry":{"coordinates":[127.1030382,37.4666728],"type":"Point"},"id":"A13519007","properties":{"coordinate_status":"provider_xy_crs_unconfirmed","households":809,"kapt_code":"A13519007","name":"강남엘에이치1단지","property_aptseq_join":"unique_official_road_address_and_name","property_complex_id":"molit-apt:11680:11680-4199","property_release_id":"property-eea48453a819f517","source_id":"seoul-openaptinfo"},"type":"Feature"},{"geometry":{"coordinates":[127.0910326,37.4707617],"type":"Point"},"id":"A13519008","properties":{"coordinate_status":"provider_xy_crs_unconfirmed","households":1065,"kapt_code":"A13519008","name":"강남에버시움","property_aptseq_join":"not_established","source_id":"seoul-openaptinfo"},"type":"Feature"},{"geometry":{"coordinates":[127.1026943,37.4817688],"type":"Point"},"id":"A13520001","properties":{"coordinate_status":"provider_xy_crs_unconfirmed","households":1070,"kapt_code":"A13520001","name":"래미안포레","property_aptseq_join":"unique_official_road_address_and_name","property_complex_id":"molit-apt:11680:11680-4297","property_release_id":"property-eea48453a819f517","source_id":"seoul-openaptinfo"},"type":"Feature"},{"geometry":{"coordinates":[127.1116326,37.4761329],"type":"Point"},"id":"A13520002","properties":{"coordinate_status":"provider_xy_crs_unconfirmed","households":1304,"kapt_code":"A13520002","name":"강남한양수자인","property_aptseq_join":"not_established","source_id":"seoul-openaptinfo"},"type":"Feature"},{"geometry":{"coordinates":[127.0941087,37.4741702],"type":"Point"},"id":"A13520003","properties":{"coordinate_status":"provider_xy_crs_unconfirmed","households":1020,"kapt_code":"A13520003","name":"래미안강남힐즈","property_aptseq_join":"unique_official_road_address_and_name","property_complex_id":"molit-apt:11680:11680-4319","property_release_id":"property-eea48453a819f517","source_id":"seoul-openaptinfo"},"type":"Feature"},{"geometry":{"coordinates":[127.0911124,37.4726409],"type":"Point"},"id":"A13520004","properties":{"coordinate_status":"provider_xy_crs_unconfirmed","households":402,"kapt_code":"A13520004","name":"강남브리즈힐","property_aptseq_join":"not_established","source_id":"seoul-openaptinfo"},"type":"Feature"},{"geometry":{"coordinates":[127.1009549,37.4891651],"type":"Point"},"id":"A13522003","properties":{"coordinate_status":"provider_xy_crs_unconfirmed","households":645,"kapt_code":"A13522003","name":"수서삼익","property_aptseq_join":"not_established","source_id":"seoul-openaptinfo"},"type":"Feature"},{"geometry":{"coordinates":[127.0907043,37.4848991],"type":"Point"},"id":"A13522004","properties":{"coordinate_status":"provider_xy_crs_unconfirmed","households":680,"kapt_code":"A13522004","name":"수서삼성","property_aptseq_join":"not_established","source_id":"seoul-openaptinfo"},"type":"Feature"},{"geometry":{"coordinates":[127.09869,37.4872297],"type":"Point"},"id":"A13522006","properties":{"coordinate_status":"provider_xy_crs_unconfirmed","households":1163,"kapt_code":"A13522006","name":"수서신동아","property_aptseq_join":"not_established","source_id":"seoul-openaptinfo"},"type":"Feature"},{"geometry":{"coordinates":[127.0877692,37.4847039],"type":"Point"},"id":"A13522007","properties":{"coordinate_status":"provider_xy_crs_unconfirmed","households":1403,"kapt_code":"A13522007","name":"수서까치마을","property_aptseq_join":"not_established","source_id":"seoul-openaptinfo"},"type":"Feature"},{"geometry":{"coordinates":[127.0997555,37.4903395],"type":"Point"},"id":"A13522008","properties":{"coordinate_status":"provider_xy_crs_unconfirmed","households":2565,"kapt_code":"A13522008","name":"수서주공","property_aptseq_join":"not_established","source_id":"seoul-openaptinfo"},"type":"Feature"},{"geometry":{"coordinates":[127.0830785,37.4804807],"type":"Point"},"id":"A13523001","properties":{"coordinate_status":"provider_xy_crs_unconfirmed","households":291,"kapt_code":"A13523001","name":"일원청솔빌리지","property_aptseq_join":"not_established","source_id":"seoul-openaptinfo"},"type":"Feature"},{"geometry":{"coordinates":[127.0853872,37.4824375],"type":"Point"},"id":"A13523003","properties":{"coordinate_status":"provider_xy_crs_unconfirmed","households":496,"kapt_code":"A13523003","name":"수서가람","property_aptseq_join":"not_established","source_id":"seoul-openaptinfo"},"type":"Feature"},{"geometry":{"coordinates":[127.0826162,37.484274],"type":"Point"},"id":"A13523004","properties":{"coordinate_status":"provider_xy_crs_unconfirmed","households":628,"kapt_code":"A13523004","name":"일원샘터마을","property_aptseq_join":"not_established","source_id":"seoul-openaptinfo"},"type":"Feature"},{"geometry":{"coordinates":[127.0842628,37.4852093],"type":"Point"},"id":"A13523005","properties":{"coordinate_status":"provider_xy_crs_unconfirmed","households":650,"kapt_code":"A13523005","name":"일원목련타운","property_aptseq_join":"not_established","source_id":"seoul-openaptinfo"},"type":"Feature"},{"geometry":{"coordinates":[127.0559898,37.4838941],"type":"Point"},"id":"A13524004","properties":{"coordinate_status":"provider_xy_crs_unconfirmed","households":405,"kapt_code":"A13524004","name":"개포우성3차","property_aptseq_join":"unique_official_road_address_and_name","property_complex_id":"molit-apt:11680:11680-283","property_release_id":"property-eea48453a819f517","source_id":"seoul-openaptinfo"},"type":"Feature"},{"geometry":{"coordinates":[127.0544301,37.4826743],"type":"Point"},"id":"A13524005","properties":{"coordinate_status":"provider_xy_crs_unconfirmed","households":416,"kapt_code":"A13524005","name":"개포현대1차","property_aptseq_join":"not_established","source_id":"seoul-openaptinfo"},"type":"Feature"},{"geometry":{"coordinates":[127.0512551,37.4824869],"type":"Point"},"id":"A13524006","properties":{"coordinate_status":"provider_xy_crs_unconfirmed","households":558,"kapt_code":"A13524006","name":"개포2차 현대아파트","property_aptseq_join":"not_established","source_id":"seoul-openaptinfo"},"type":"Feature"},{"geometry":{"coordinates":[127.075508,37.4946695],"type":"Point"},"id":"A13524009","properties":{"coordinate_status":"provider_xy_crs_unconfirmed","households":1753,"kapt_code":"A13524009","name":"개포대치2단지","property_aptseq_join":"not_established","source_id":"seoul-openaptinfo"},"type":"Feature"},{"geometry":{"coordinates":[127.0335386,37.4864782],"type":"Point"},"id":"A13527001","properties":{"coordinate_status":"provider_xy_crs_unconfirmed","households":155,"kapt_code":"A13527001","name":"도곡동양재디오빌","property_aptseq_join":"not_established","source_id":"seoul-openaptinfo"},"type":"Feature"},{"geometry":{"coordinates":[127.0397135,37.4889362],"type":"Point"},"id":"A13527002","properties":{"coordinate_status":"provider_xy_crs_unconfirmed","households":171,"kapt_code":"A13527002","name":"도곡현대그린","property_aptseq_join":"not_established","source_id":"seoul-openaptinfo"},"type":"Feature"},{"geometry":{"coordinates":[127.0518892,37.4865208],"type":"Point"},"id":"A13527003","properties":{"coordinate_status":"provider_xy_crs_unconfirmed","households":199,"kapt_code":"A13527003","name":"우성캐릭터199 아파트","property_aptseq_join":"unique_official_road_address_and_name","property_complex_id":"molit-apt:11680:11680-340","property_release_id":"property-eea48453a819f517","source_id":"seoul-openaptinfo"},"type":"Feature"},{"geometry":{"coordinates":[127.0469594,37.4887551],"type":"Point"},"id":"A13527004","properties":{"coordinate_status":"provider_xy_crs_unconfirmed","households":231,"kapt_code":"A13527004","name":"도곡삼성","property_aptseq_join":"not_established","source_id":"seoul-openaptinfo"},"type":"Feature"},{"geometry":{"coordinates":[127.0513325,37.4873651],"type":"Point"},"id":"A13527005","properties":{"coordinate_status":"provider_xy_crs_unconfirmed","households":232,"kapt_code":"A13527005","name":"현대비전21","property_aptseq_join":"not_established","source_id":"seoul-openaptinfo"},"type":"Feature"},{"geometry":{"coordinates":[127.0421463,37.4907653],"type":"Point"},"id":"A13527006","properties":{"coordinate_status":"provider_xy_crs_unconfirmed","households":247,"kapt_code":"A13527006","name":"역삼삼익","property_aptseq_join":"not_established","source_id":"seoul-openaptinfo"},"type":"Feature"},{"geometry":{"coordinates":[127.0431504,37.4920954],"type":"Point"},"id":"A13527007","properties":{"coordinate_status":"provider_xy_crs_unconfirmed","households":321,"kapt_code":"A13527007","name":"도곡1차아이파크","property_aptseq_join":"unique_official_road_address_and_name","property_complex_id":"molit-apt:11680:11680-3734","property_release_id":"property-eea48453a819f517","source_id":"seoul-openaptinfo"},"type":"Feature"},{"geometry":{"coordinates":[127.0408208,37.4886314],"type":"Point"},"id":"A13527008","properties":{"coordinate_status":"provider_xy_crs_unconfirmed","households":348,"kapt_code":"A13527008","name":"도곡경남","property_aptseq_join":"not_established","source_id":"seoul-openaptinfo"},"type":"Feature"},{"geometry":{"coordinates":[127.0371243,37.488203],"type":"Point"},"id":"A13527010","properties":{"coordinate_status":"provider_xy_crs_unconfirmed","households":390,"kapt_code":"A13527010","name":"도곡우성아파트","property_aptseq_join":"unique_official_road_address_and_name","property_complex_id":"molit-apt:11680:11680-339","property_release_id":"property-eea48453a819f517","source_id":"seoul-openaptinfo"},"type":"Feature"},{"geometry":{"coordinates":[127.052083,37.4885971],"type":"Point"},"id":"A13527011","properties":{"coordinate_status":"provider_xy_crs_unconfirmed","households":414,"kapt_code":"A13527011","name":"아카데미스위트","property_aptseq_join":"not_established","source_id":"seoul-openaptinfo"},"type":"Feature"},{"geometry":{"coordinates":[127.0501105,37.4857034],"type":"Point"},"id":"A13527013","properties":{"coordinate_status":"provider_xy_crs_unconfirmed","households":459,"kapt_code":"A13527013","name":"개포4차우성","property_aptseq_join":"not_established","source_id":"seoul-openaptinfo"},"type":"Feature"},{"geometry":{"coordinates":[127.0510858,37.4881225],"type":"Point"},"id":"A13527014","properties":{"coordinate_status":"provider_xy_crs_unconfirmed","households":490,"kapt_code":"A13527014","name":"도곡대림아크로빌","property_aptseq_join":"not_established","source_id":"seoul-openaptinfo"},"type":"Feature"},{"geometry":{"coordinates":[127.0489053,37.4868952],"type":"Point"},"id":"A13527016","properties":{"coordinate_status":"provider_xy_crs_unconfirmed","households":620,"kapt_code":"A13527016","name":"도곡개포한신아파트","property_aptseq_join":"not_established","source_id":"seoul-openaptinfo"},"type":"Feature"},{"geometry":{"coordinates":[127.0544454,37.4882233],"type":"Point"},"id":"A13527017","properties":{"coordinate_status":"provider_xy_crs_unconfirmed","households":0,"kapt_code":"A13527017","name":"타워팰리스1차","property_aptseq_join":"not_established","source_id":"seoul-openaptinfo"},"type":"Feature"},{"geometry":{"coordinates":[127.0344139,37.4853103],"type":"Point"},"id":"A13527018","properties":{"coordinate_status":"provider_xy_crs_unconfirmed","households":176,"kapt_code":"A13527018","name":"양재SK허브프리모","property_aptseq_join":"not_established","source_id":"seoul-openaptinfo"},"type":"Feature"},{"geometry":{"coordinates":[127.0390313,37.4870576],"type":"Point"},"id":"A13527019","properties":{"coordinate_status":"provider_xy_crs_unconfirmed","households":384,"kapt_code":"A13527019","name":"도곡쌍용예가","property_aptseq_join":"unique_official_road_address_and_name","property_complex_id":"molit-apt:11680:11680-3962","property_release_id":"property-eea48453a819f517","source_id":"seoul-openaptinfo"},"type":"Feature"},{"geometry":{"coordinates":[127.0489846,37.4930287],"type":"Point"},"id":"A13527203","properties":{"coordinate_status":"provider_xy_crs_unconfirmed","households":3002,"kapt_code":"A13527203","name":"도곡렉슬","property_aptseq_join":"unique_official_road_address_and_name","property_complex_id":"molit-apt:11680:11680-3623","property_release_id":"property-eea48453a819f517","source_id":"seoul-openaptinfo"},"type":"Feature"},{"geometry":{"coordinates":[127.0538874,37.5051358],"type":"Point"},"id":"A13528001","properties":{"coordinate_status":"provider_xy_crs_unconfirmed","households":210,"kapt_code":"A13528001","name":"대치대우아이빌4차","property_aptseq_join":"not_established","source_id":"seoul-openaptinfo"},"type":"Feature"},{"geometry":{"coordinates":[127.0583563,37.4963363],"type":"Point"},"id":"A13528003","properties":{"coordinate_status":"provider_xy_crs_unconfirmed","households":960,"kapt_code":"A13528003","name":"대치삼성","property_aptseq_join":"unique_official_road_address_and_name","property_complex_id":"molit-apt:11680:11680-205","property_release_id":"property-eea48453a819f517","source_id":"seoul-openaptinfo"},"type":"Feature"},{"geometry":{"coordinates":[127.067338,37.4933854],"type":"Point"},"id":"A13528004","properties":{"coordinate_status":"provider_xy_crs_unconfirmed","households":2436,"kapt_code":"A13528004","name":"대치미도맨션","property_aptseq_join":"not_established","source_id":"seoul-openaptinfo"},"type":"Feature"},{"geometry":{"coordinates":[127.0540217,37.5056902],"type":"Point"},"id":"A13528005","properties":{"coordinate_status":"provider_xy_crs_unconfirmed","households":372,"kapt_code":"A13528005","name":"테헤란로대우아이빌","property_aptseq_join":"not_established","source_id":"seoul-openaptinfo"},"type":"Feature"},{"geometry":{"coordinates":[127.0656002,37.5011653],"type":"Point"},"id":"A13528007","properties":{"coordinate_status":"provider_xy_crs_unconfirmed","households":354,"kapt_code":"A13528007","name":"래미안대치하이스턴","property_aptseq_join":"unique_official_road_address_and_name","property_complex_id":"molit-apt:11680:11680-4293","property_release_id":"property-eea48453a819f517","source_id":"seoul-openaptinfo"},"type":"Feature"},{"geometry":{"coordinates":[127.061209114,37.499905774],"type":"Point"},"id":"A13528008","properties":{"coordinate_status":"provider_xy_crs_unconfirmed","households":83,"kapt_code":"A13528008","name":"대치효성","property_aptseq_join":"unique_official_road_address_and_name","property_complex_id":"molit-apt:11680:11680-207","property_release_id":"property-eea48453a819f517","source_id":"seoul-openaptinfo"},"type":"Feature"},{"geometry":{"coordinates":[127.0545833,37.4949838],"type":"Point"},"id":"A13528102","properties":{"coordinate_status":"provider_xy_crs_unconfirmed","households":768,"kapt_code":"A13528102","name":"대치아이파크","property_aptseq_join":"unique_official_road_address_and_name","property_complex_id":"molit-apt:11680:11680-3752","property_release_id":"property-eea48453a819f517","source_id":"seoul-openaptinfo"},"type":"Feature"},{"geometry":{"coordinates":[127.055548,37.4930864],"type":"Point"},"id":"A13528103","properties":{"coordinate_status":"provider_xy_crs_unconfirmed","households":805,"kapt_code":"A13528103","name":"대치동부센트레빌","property_aptseq_join":"not_established","source_id":"seoul-openaptinfo"},"type":"Feature"},{"geometry":{"coordinates":[127.0598978,37.4911216],"type":"Point"},"id":"A13528105","properties":{"coordinate_status":"provider_xy_crs_unconfirmed","households":0,"kapt_code":"A13528105","name":"개포1차2차우성","property_aptseq_join":"not_established","source_id":"seoul-openaptinfo"},"type":"Feature"},{"geometry":{"coordinates":[127.0402373,37.4878586],"type":"Point"},"id":"A13550403","properties":{"coordinate_status":"provider_xy_crs_unconfirmed","households":421,"kapt_code":"A13550403","name":"도곡한신","property_aptseq_join":"not_established","source_id":"seoul-openaptinfo"},"type":"Feature"},{"geometry":{"coordinates":[127.047802853,37.487968928],"type":"Point"},"id":"A13550404","properties":{"coordinate_status":"provider_xy_crs_unconfirmed","households":64,"kapt_code":"A13550404","name":"도곡동 포스코트 아파트","property_aptseq_join":"not_established","source_id":"seoul-openaptinfo"},"type":"Feature"},{"geometry":{"coordinates":[127.0500044,37.4895947],"type":"Point"},"id":"A13550502","properties":{"coordinate_status":"provider_xy_crs_unconfirmed","households":732,"kapt_code":"A13550502","name":"도곡삼성래미안","property_aptseq_join":"not_established","source_id":"seoul-openaptinfo"},"type":"Feature"},{"geometry":{"coordinates":[127.0462561,37.5160546],"type":"Point"},"id":"A13550701","properties":{"coordinate_status":"provider_xy_crs_unconfirmed","households":298,"kapt_code":"A13550701","name":"삼성동중앙하이츠빌리지","property_aptseq_join":"unique_official_road_address_and_name","property_complex_id":"molit-apt:11680:11680-507","property_release_id":"property-eea48453a819f517","source_id":"seoul-openaptinfo"},"type":"Feature"},{"geometry":{"coordinates":[127.0392943,37.53035],"type":"Point"},"id":"A13551103","properties":{"coordinate_status":"provider_xy_crs_unconfirmed","households":1232,"kapt_code":"A13551103","name":"압구정한양아파트제1단지","property_aptseq_join":"not_established","source_id":"seoul-openaptinfo"},"type":"Feature"},{"geometry":{"coordinates":[127.1045185,37.487264],"type":"Point"},"id":"A13552001","properties":{"coordinate_status":"provider_xy_crs_unconfirmed","households":1513,"kapt_code":"A13552001","name":"서울주택도시공사 수서6단지","property_aptseq_join":"not_established","source_id":"seoul-openaptinfo"},"type":"Feature"},{"geometry":{"coordinates":[127.0911995,37.4809973],"type":"Point"},"id":"A13552002","properties":{"coordinate_status":"provider_xy_crs_unconfirmed","households":787,"kapt_code":"A13552002","name":"강남데시앙포레","property_aptseq_join":"unique_official_road_address_and_name","property_complex_id":"molit-apt:11680:11680-4324","property_release_id":"property-eea48453a819f517","source_id":"seoul-openaptinfo"},"type":"Feature"},{"geometry":{"coordinates":[127.0515094,37.5138666],"type":"Point"},"id":"A13570501","properties":{"coordinate_status":"provider_xy_crs_unconfirmed","households":926,"kapt_code":"A13570501","name":"삼성동힐스테이트2단지","property_aptseq_join":"not_established","source_id":"seoul-openaptinfo"},"type":"Feature"},{"geometry":{"coordinates":[127.064068216,37.516934223],"type":"Point"},"id":"A13570502","properties":{"coordinate_status":"provider_xy_crs_unconfirmed","households":77,"kapt_code":"A13570502","name":"래미안삼성1차104단지","property_aptseq_join":"not_established","source_id":"seoul-openaptinfo"},"type":"Feature"},{"geometry":{"coordinates":[127.0235418,37.5105348],"type":"Point"},"id":"A13572601","properties":{"coordinate_status":"provider_xy_crs_unconfirmed","households":239,"kapt_code":"A13572601","name":"동화히스토리","property_aptseq_join":"not_established","source_id":"seoul-openaptinfo"},"type":"Feature"},{"geometry":{"coordinates":[127.0499952,37.4997285],"type":"Point"},"id":"A13579501","properties":{"coordinate_status":"provider_xy_crs_unconfirmed","households":332,"kapt_code":"A13579501","name":"역삼개나리푸르지오","property_aptseq_join":"not_established","source_id":"seoul-openaptinfo"},"type":"Feature"},{"geometry":{"coordinates":[127.0520538,37.4967427],"type":"Point"},"id":"A13579503","properties":{"coordinate_status":"provider_xy_crs_unconfirmed","households":150,"kapt_code":"A13579503","name":"역삼2차아이파크","property_aptseq_join":"unique_official_road_address_and_name","property_complex_id":"molit-apt:11680:11680-3760","property_release_id":"property-eea48453a819f517","source_id":"seoul-openaptinfo"},"type":"Feature"},{"geometry":{"coordinates":[127.0442572,37.501959],"type":"Point"},"id":"A13579504","properties":{"coordinate_status":"provider_xy_crs_unconfirmed","households":294,"kapt_code":"A13579504","name":"한화진넥스빌","property_aptseq_join":"unique_official_road_address_and_name","property_complex_id":"molit-apt:11680:11680-249","property_release_id":"property-eea48453a819f517","source_id":"seoul-openaptinfo"},"type":"Feature"},{"geometry":{"coordinates":[127.0481579,37.4964808],"type":"Point"},"id":"A13579505","properties":{"coordinate_status":"provider_xy_crs_unconfirmed","households":476,"kapt_code":"A13579505","name":"래미안그레이튼3차","property_aptseq_join":"not_established","source_id":"seoul-openaptinfo"},"type":"Feature"},{"geometry":{"coordinates":[127.0498504,37.5014785],"type":"Point"},"id":"A13579506","properties":{"coordinate_status":"provider_xy_crs_unconfirmed","households":240,"kapt_code":"A13579506","name":"개나리SKVIEW","property_aptseq_join":"not_established","source_id":"seoul-openaptinfo"},"type":"Feature"},{"geometry":{"coordinates":[127.0613626,37.4878695],"type":"Point"},"id":"A13580001","properties":{"coordinate_status":"provider_xy_crs_unconfirmed","households":198,"kapt_code":"A13580001","name":"개포현대3차","property_aptseq_join":"not_established","source_id":"seoul-openaptinfo"},"type":"Feature"},{"geometry":{"coordinates":[127.062288,37.48811],"type":"Point"},"id":"A13580002","properties":{"coordinate_status":"provider_xy_crs_unconfirmed","households":261,"kapt_code":"A13580002","name":"개포우성8차","property_aptseq_join":"not_established","source_id":"seoul-openaptinfo"},"type":"Feature"},{"geometry":{"coordinates":[127.0535707,37.4844613],"type":"Point"},"id":"A13580602","properties":{"coordinate_status":"provider_xy_crs_unconfirmed","households":678,"kapt_code":"A13580602","name":"개포경남아파트","property_aptseq_join":"not_established","source_id":"seoul-openaptinfo"},"type":"Feature"},{"geometry":{"coordinates":[127.0365482,37.5193078],"type":"Point"},"id":"A13582002","properties":{"coordinate_status":"provider_xy_crs_unconfirmed","households":548,"kapt_code":"A13582002","name":"논현동현","property_aptseq_join":"not_established","source_id":"seoul-openaptinfo"},"type":"Feature"},{"geometry":{"coordinates":[127.0376735,37.5103594],"type":"Point"},"id":"A13583301","properties":{"coordinate_status":"provider_xy_crs_unconfirmed","households":160,"kapt_code":"A13583301","name":"논현동부센트레빌","property_aptseq_join":"not_established","source_id":"seoul-openaptinfo"},"type":"Feature"},{"geometry":{"coordinates":[127.0704457,37.4996197],"type":"Point"},"id":"A13583402","properties":{"coordinate_status":"provider_xy_crs_unconfirmed","households":364,"kapt_code":"A13583402","name":"대치쌍용2차","property_aptseq_join":"not_established","source_id":"seoul-openaptinfo"},"type":"Feature"},{"geometry":{"coordinates":[127.0691055,37.5002345],"type":"Point"},"id":"A13583403","properties":{"coordinate_status":"provider_xy_crs_unconfirmed","households":476,"kapt_code":"A13583403","name":"대치우성1차아파트","property_aptseq_join":"not_established","source_id":"seoul-openaptinfo"},"type":"Feature"},{"geometry":{"coordinates":[127.0710419,37.4980136],"type":"Point"},"id":"A13583404","properties":{"coordinate_status":"provider_xy_crs_unconfirmed","households":630,"kapt_code":"A13583404","name":"쌍용대치1차","property_aptseq_join":"not_established","source_id":"seoul-openaptinfo"},"type":"Feature"},{"geometry":{"coordinates":[127.0650701,37.4977415],"type":"Point"},"id":"A13583507","properties":{"coordinate_status":"provider_xy_crs_unconfirmed","households":4424,"kapt_code":"A13583507","name":"은마","property_aptseq_join":"unique_official_road_address_and_name","property_complex_id":"molit-apt:11680:11680-218","property_release_id":"property-eea48453a819f517","source_id":"seoul-openaptinfo"},"type":"Feature"},{"geometry":{"coordinates":[127.0623396,37.4924221],"type":"Point"},"id":"A13583604","properties":{"coordinate_status":"provider_xy_crs_unconfirmed","households":1034,"kapt_code":"A13583604","name":"대치선경","property_aptseq_join":"not_established","source_id":"seoul-openaptinfo"},"type":"Feature"},{"geometry":{"coordinates":[127.0610401,37.5008929],"type":"Point"},"id":"A13583701","properties":{"coordinate_status":"provider_xy_crs_unconfirmed","households":630,"kapt_code":"A13583701","name":"대치현대","property_aptseq_join":"unique_official_road_address_and_name","property_complex_id":"molit-apt:11680:11680-206","property_release_id":"property-eea48453a819f517","source_id":"seoul-openaptinfo"},"type":"Feature"},{"geometry":{"coordinates":[127.0571385,37.504007],"type":"Point"},"id":"A13584101","properties":{"coordinate_status":"provider_xy_crs_unconfirmed","households":276,"kapt_code":"A13584101","name":"대치포스코더샵","property_aptseq_join":"not_established","source_id":"seoul-openaptinfo"},"type":"Feature"},{"geometry":{"coordinates":[127.0475885,37.4859774],"type":"Point"},"id":"A13585401","properties":{"coordinate_status":"provider_xy_crs_unconfirmed","households":180,"kapt_code":"A13585401","name":"개포우성5차","property_aptseq_join":"not_established","source_id":"seoul-openaptinfo"},"type":"Feature"},{"geometry":{"coordinates":[127.0544975,37.4897089],"type":"Point"},"id":"A13585402","properties":{"coordinate_status":"provider_xy_crs_unconfirmed","households":813,"kapt_code":"A13585402","name":"타워팰리스2차","property_aptseq_join":"not_established","source_id":"seoul-openaptinfo"},"type":"Feature"},{"geometry":{"coordinates":[127.0528363,37.4873383],"type":"Point"},"id":"A13585403","properties":{"coordinate_status":"provider_xy_crs_unconfirmed","households":480,"kapt_code":"A13585403","name":"타워팰리스G동","property_aptseq_join":"not_established","source_id":"seoul-openaptinfo"},"type":"Feature"},{"geometry":{"coordinates":[127.050853119,37.495329456],"type":"Point"},"id":"A13585404","properties":{"coordinate_status":"provider_xy_crs_unconfirmed","households":397,"kapt_code":"A13585404","name":"래미안도곡카운티","property_aptseq_join":"unique_official_road_address_and_name","property_complex_id":"molit-apt:11680:11680-4173","property_release_id":"property-eea48453a819f517","source_id":"seoul-openaptinfo"},"type":"Feature"},{"geometry":{"coordinates":[127.0398285,37.4904585],"type":"Point"},"id":"A13585804","properties":{"coordinate_status":"provider_xy_crs_unconfirmed","households":1094,"kapt_code":"A13585804","name":"역삼럭키","property_aptseq_join":"not_established","source_id":"seoul-openaptinfo"},"type":"Feature"},{"geometry":{"coordinates":[127.040409,37.4866347],"type":"Point"},"id":"A13586101","properties":{"coordinate_status":"provider_xy_crs_unconfirmed","households":197,"kapt_code":"A13586101","name":"도곡대림","property_aptseq_join":"not_established","source_id":"seoul-openaptinfo"},"type":"Feature"},{"geometry":{"coordinates":[127.0387604,37.4892623],"type":"Point"},"id":"A13586102","properties":{"coordinate_status":"provider_xy_crs_unconfirmed","households":211,"kapt_code":"A13586102","name":"도곡현대","property_aptseq_join":"not_established","source_id":"seoul-openaptinfo"},"type":"Feature"},{"geometry":{"coordinates":[127.0509492,37.5061723],"type":"Point"},"id":"A13587603","properties":{"coordinate_status":"provider_xy_crs_unconfirmed","households":293,"kapt_code":"A13587603","name":"선릉에클라트","property_aptseq_join":"not_established","source_id":"seoul-openaptinfo"},"type":"Feature"},{"geometry":{"coordinates":[127.1035545,37.489365],"type":"Point"},"id":"A13588402","properties":{"coordinate_status":"provider_xy_crs_unconfirmed","households":498,"kapt_code":"A13588402","name":"수서한아름","property_aptseq_join":"unique_official_road_address_and_name","property_complex_id":"molit-apt:11680:11680-318","property_release_id":"property-eea48453a819f517","source_id":"seoul-openaptinfo"},"type":"Feature"},{"geometry":{"coordinates":[127.0964671,37.4856488],"type":"Point"},"id":"A13588601","properties":{"coordinate_status":"provider_xy_crs_unconfirmed","households":330,"kapt_code":"A13588601","name":"수서동익","property_aptseq_join":"not_established","source_id":"seoul-openaptinfo"},"type":"Feature"},{"geometry":{"coordinates":[127.0280917,37.5331972],"type":"Point"},"id":"A13589802","properties":{"coordinate_status":"provider_xy_crs_unconfirmed","households":3130,"kapt_code":"A13589802","name":"압구정현대아파트","property_aptseq_join":"not_established","source_id":"seoul-openaptinfo"},"type":"Feature"},{"geometry":{"coordinates":[127.0404998,37.5298469],"type":"Point"},"id":"A13590204","properties":{"coordinate_status":"provider_xy_crs_unconfirmed","households":826,"kapt_code":"A13590204","name":"압구정한양아파트제2단지","property_aptseq_join":"not_established","source_id":"seoul-openaptinfo"},"type":"Feature"},{"geometry":{"coordinates":[127.0419778,37.5290496],"type":"Point"},"id":"A13590602","properties":{"coordinate_status":"provider_xy_crs_unconfirmed","households":582,"kapt_code":"A13590602","name":"압구정한양3단지","property_aptseq_join":"not_established","source_id":"seoul-openaptinfo"},"type":"Feature"},{"geometry":{"coordinates":[127.0349001,37.4920882],"type":"Point"},"id":"A13591402","properties":{"coordinate_status":"provider_xy_crs_unconfirmed","households":183,"kapt_code":"A13591402","name":"역삼금호어울림","property_aptseq_join":"not_established","source_id":"seoul-openaptinfo"},"type":"Feature"},{"geometry":{"coordinates":[127.0429002,37.5015202],"type":"Point"},"id":"A13592002","properties":{"coordinate_status":"provider_xy_crs_unconfirmed","households":457,"kapt_code":"A13592002","name":"대우디오빌역삼","property_aptseq_join":"not_established","source_id":"seoul-openaptinfo"},"type":"Feature"},{"geometry":{"coordinates":[127.0457475,37.4983263],"type":"Point"},"id":"A13592601","properties":{"coordinate_status":"provider_xy_crs_unconfirmed","households":438,"kapt_code":"A13592601","name":"역삼개나리래미안","property_aptseq_join":"not_established","source_id":"seoul-openaptinfo"},"type":"Feature"},{"geometry":{"coordinates":[127.0460658,37.4975289],"type":"Point"},"id":"A13592604","properties":{"coordinate_status":"provider_xy_crs_unconfirmed","households":738,"kapt_code":"A13592604","name":"역삼푸르지오","property_aptseq_join":"unique_official_road_address_and_name","property_complex_id":"molit-apt:11680:11680-3643","property_release_id":"property-eea48453a819f517","source_id":"seoul-openaptinfo"},"type":"Feature"},{"geometry":{"coordinates":[127.0506456,37.4990116],"type":"Point"},"id":"A13592605","properties":{"coordinate_status":"provider_xy_crs_unconfirmed","households":840,"kapt_code":"A13592605","name":"역삼e-편한세상","property_aptseq_join":"not_established","source_id":"seoul-openaptinfo"},"type":"Feature"},{"geometry":{"coordinates":[127.050065,37.4975233],"type":"Point"},"id":"A13592706","properties":{"coordinate_status":"provider_xy_crs_unconfirmed","households":1050,"kapt_code":"A13592706","name":"역삼래미안","property_aptseq_join":"unique_official_road_address_and_name","property_complex_id":"molit-apt:11680:11680-3621","property_release_id":"property-eea48453a819f517","source_id":"seoul-openaptinfo"},"type":"Feature"},{"geometry":{"coordinates":[127.0902856,37.4926394],"type":"Point"},"id":"A13593801","properties":{"coordinate_status":"provider_xy_crs_unconfirmed","households":720,"kapt_code":"A13593801","name":"일원동 수서아파트","property_aptseq_join":"not_established","source_id":"seoul-openaptinfo"},"type":"Feature"},{"geometry":{"coordinates":[127.0909823,37.4927536],"type":"Point"},"id":"A13593802","properties":{"coordinate_status":"provider_xy_crs_unconfirmed","households":2214,"kapt_code":"A13593802","name":"수서1-1단지아파트","property_aptseq_join":"not_established","source_id":"seoul-openaptinfo"},"type":"Feature"},{"geometry":{"coordinates":[127.0766243,37.4962963],"type":"Point"},"id":"A13593901","properties":{"coordinate_status":"provider_xy_crs_unconfirmed","households":212,"kapt_code":"A13593901","name":"개포자이아파트","property_aptseq_join":"unique_official_road_address_and_name","property_complex_id":"molit-apt:11680:11680-505","property_release_id":"property-eea48453a819f517","source_id":"seoul-openaptinfo"},"type":"Feature"},{"geometry":{"coordinates":[127.07521,37.4941776],"type":"Point"},"id":"A13593908","properties":{"coordinate_status":"provider_xy_crs_unconfirmed","households":1623,"kapt_code":"A13593908","name":"SH공사대치1단지","property_aptseq_join":"not_established","source_id":"seoul-openaptinfo"},"type":"Feature"},{"geometry":{"coordinates":[127.07521,37.4941776],"type":"Point"},"id":"A13594007","properties":{"coordinate_status":"provider_xy_crs_unconfirmed","households":822,"kapt_code":"A13594007","name":"대청","property_aptseq_join":"not_established","source_id":"seoul-openaptinfo"},"type":"Feature"},{"geometry":{"coordinates":[127.0813262,37.4846837],"type":"Point"},"id":"A13594203","properties":{"coordinate_status":"provider_xy_crs_unconfirmed","households":930,"kapt_code":"A13594203","name":"푸른마을아파트","property_aptseq_join":"not_established","source_id":"seoul-openaptinfo"},"type":"Feature"},{"geometry":{"coordinates":[127.0783361,37.4922905],"type":"Point"},"id":"A13594403","properties":{"coordinate_status":"provider_xy_crs_unconfirmed","households":802,"kapt_code":"A13594403","name":"개포7차우성","property_aptseq_join":"not_established","source_id":"seoul-openaptinfo"},"type":"Feature"},{"geometry":{"coordinates":[127.0767604,37.4819987],"type":"Point"},"id":"A13594701","properties":{"coordinate_status":"provider_xy_crs_unconfirmed","households":570,"kapt_code":"A13594701","name":"한솔마을","property_aptseq_join":"unique_official_road_address_and_name","property_complex_id":"molit-apt:11680:11680-309","property_release_id":"property-eea48453a819f517","source_id":"seoul-openaptinfo"},"type":"Feature"},{"geometry":{"coordinates":[127.0810461,37.4818518],"type":"Point"},"id":"A13594702","properties":{"coordinate_status":"provider_xy_crs_unconfirmed","households":740,"kapt_code":"A13594702","name":"상록수아파트","property_aptseq_join":"unique_official_road_address_and_name","property_complex_id":"molit-apt:11680:11680-303","property_release_id":"property-eea48453a819f517","source_id":"seoul-openaptinfo"},"type":"Feature"},{"geometry":{"coordinates":[127.0724108,37.489486],"type":"Point"},"id":"A13599301","properties":{"coordinate_status":"provider_xy_crs_unconfirmed","households":900,"kapt_code":"A13599301","name":"개포주공7단지","property_aptseq_join":"not_established","source_id":"seoul-openaptinfo"},"type":"Feature"},{"geometry":{"coordinates":[127.0726818,37.489122],"type":"Point"},"id":"A13599303","properties":{"coordinate_status":"provider_xy_crs_unconfirmed","households":1060,"kapt_code":"A13599303","name":"개포주공6단지","property_aptseq_join":"not_established","source_id":"seoul-openaptinfo"},"type":"Feature"},{"geometry":{"coordinates":[127.0680279,37.4878016],"type":"Point"},"id":"A13599402","properties":{"coordinate_status":"provider_xy_crs_unconfirmed","households":940,"kapt_code":"A13599402","name":"개포주공5단지","property_aptseq_join":"unique_official_road_address_and_name","property_complex_id":"molit-apt:11680:11680-391","property_release_id":"property-eea48453a819f517","source_id":"seoul-openaptinfo"},"type":"Feature"},{"geometry":{"coordinates":[127.0104788,37.5924122],"type":"Point"},"id":"A13603401","properties":{"coordinate_status":"provider_xy_crs_unconfirmed","households":345,"kapt_code":"A13603401","name":"동소문동송산","property_aptseq_join":"not_established","source_id":"seoul-openaptinfo"},"type":"Feature"},{"geometry":{"coordinates":[127.0144138,37.5916299],"type":"Point"},"id":"A13603501","properties":{"coordinate_status":"provider_xy_crs_unconfirmed","households":236,"kapt_code":"A13603501","name":"돈암동일하이빌","property_aptseq_join":"unique_official_road_address_and_name","property_complex_id":"molit-apt:11290:11290-3476","property_release_id":"property-eea48453a819f517","source_id":"seoul-openaptinfo"},"type":"Feature"},{"geometry":{"coordinates":[127.0140837,37.5952789],"type":"Point"},"id":"A13603701","properties":{"coordinate_status":"provider_xy_crs_unconfirmed","households":409,"kapt_code":"A13603701","name":"동소문한신휴플러스","property_aptseq_join":"not_established","source_id":"seoul-openaptinfo"},"type":"Feature"},{"geometry":{"coordinates":[127.0134702,37.5963742],"type":"Point"},"id":"A13603702","properties":{"coordinate_status":"provider_xy_crs_unconfirmed","households":194,"kapt_code":"A13603702","name":"브라운스톤동선","property_aptseq_join":"unique_official_road_address_and_name","property_complex_id":"molit-apt:11290:11290-3830","property_release_id":"property-eea48453a819f517","source_id":"seoul-openaptinfo"},"type":"Feature"},{"geometry":{"coordinates":[127.0140274,37.5848049],"type":"Point"},"id":"A13604301","properties":{"coordinate_status":"provider_xy_crs_unconfirmed","households":285,"kapt_code":"A13604301","name":"삼선1SH-VILLE","property_aptseq_join":"not_established","source_id":"seoul-openaptinfo"},"type":"Feature"},{"geometry":{"coordinates":[127.0132547,37.5904694],"type":"Point"},"id":"A13604401","properties":{"coordinate_status":"provider_xy_crs_unconfirmed","households":437,"kapt_code":"A13604401","name":"삼선코오롱아파트","property_aptseq_join":"not_established","source_id":"seoul-openaptinfo"},"type":"Feature"},{"geometry":{"coordinates":[127.0106855,37.5976901],"type":"Point"},"id":"A13606002","properties":{"coordinate_status":"provider_xy_crs_unconfirmed","households":339,"kapt_code":"A13606002","name":"돈암포스코더샵","property_aptseq_join":"not_established","source_id":"seoul-openaptinfo"},"type":"Feature"},{"geometry":{"coordinates":[127.0125252,37.6009267],"type":"Point"},"id":"A13606003","properties":{"coordinate_status":"provider_xy_crs_unconfirmed","households":689,"kapt_code":"A13606003","name":"돈암일신건영휴먼빌","property_aptseq_join":"not_established","source_id":"seoul-openaptinfo"},"type":"Feature"},{"geometry":{"coordinates":[127.0102405,37.5949161],"type":"Point"},"id":"A13606004","properties":{"coordinate_status":"provider_xy_crs_unconfirmed","households":3929,"kapt_code":"A13606004","name":"돈암한신한진아파트","property_aptseq_join":"not_established","source_id":"seoul-openaptinfo"},"type":"Feature"},{"geometry":{"coordinates":[127.0102405,37.5949161],"type":"Point"},"id":"A13606005","properties":{"coordinate_status":"provider_xy_crs_unconfirmed","households":580,"kapt_code":"A13606005","name":"동소문한진임대","property_aptseq_join":"not_established","source_id":"seoul-openaptinfo"},"type":"Feature"},{"geometry":{"coordinates":[127.019663386,37.607925191],"type":"Point"},"id":"A13606006","properties":{"coordinate_status":"provider_xy_crs_unconfirmed","households":132,"kapt_code":"A13606006","name":"길음현대","property_aptseq_join":"not_established","source_id":"seoul-openaptinfo"},"type":"Feature"},{"geometry":{"coordinates":[127.023656,37.5953816],"type":"Point"},"id":"A13606101","properties":{"coordinate_status":"provider_xy_crs_unconfirmed","households":460,"kapt_code":"A13606101","name":"돈암풍림","property_aptseq_join":"not_established","source_id":"seoul-openaptinfo"},"type":"Feature"},{"geometry":{"coordinates":[127.0280209,37.603349],"type":"Point"},"id":"A13606102","properties":{"coordinate_status":"provider_xy_crs_unconfirmed","households":499,"kapt_code":"A13606102","name":"돈암범양","property_aptseq_join":"not_established","source_id":"seoul-openaptinfo"},"type":"Feature"},{"geometry":{"coordinates":[127.022153,37.5969942],"type":"Point"},"id":"A13606105","properties":{"coordinate_status":"provider_xy_crs_unconfirmed","households":309,"kapt_code":"A13606105","name":"돈암풍림임대","property_aptseq_join":"not_established","source_id":"seoul-openaptinfo"},"type":"Feature"},{"geometry":{"coordinates":[127.0244619,37.5991559],"type":"Point"},"id":"A13606106","properties":{"coordinate_status":"provider_xy_crs_unconfirmed","households":736,"kapt_code":"A13606106","name":"돈암삼성임대","property_aptseq_join":"not_established","source_id":"seoul-openaptinfo"},"type":"Feature"},{"geometry":{"coordinates":[127.0225984,37.5983263],"type":"Point"},"id":"A13606107","properties":{"coordinate_status":"provider_xy_crs_unconfirmed","households":1278,"kapt_code":"A13606107","name":"돈암삼성","property_aptseq_join":"not_established","source_id":"seoul-openaptinfo"},"type":"Feature"},{"geometry":{"coordinates":[127.0177941,37.5978757],"type":"Point"},"id":"A13606201","properties":{"coordinate_status":"provider_xy_crs_unconfirmed","households":1074,"kapt_code":"A13606201","name":"브라운스톤돈암","property_aptseq_join":"not_established","source_id":"seoul-openaptinfo"},"type":"Feature"},{"geometry":{"coordinates":[127.023761,37.589317],"type":"Point"},"id":"A13607101","properties":{"coordinate_status":"provider_xy_crs_unconfirmed","households":528,"kapt_code":"A13607101","name":"안암래미안","property_aptseq_join":"not_established","source_id":"seoul-openaptinfo"},"type":"Feature"},{"geometry":{"coordinates":[127.0248881,37.5818996],"type":"Point"},"id":"A13607301","properties":{"coordinate_status":"provider_xy_crs_unconfirmed","households":204,"kapt_code":"A13607301","name":"안암삼익","property_aptseq_join":"not_established","source_id":"seoul-openaptinfo"},"type":"Feature"},{"geometry":{"coordinates":[127.0217182,37.5847251],"type":"Point"},"id":"A13607302","properties":{"coordinate_status":"provider_xy_crs_unconfirmed","households":354,"kapt_code":"A13607302","name":"안암대광","property_aptseq_join":"not_established","source_id":"seoul-openaptinfo"},"type":"Feature"},{"geometry":{"coordinates":[127.0166232,37.5855901],"type":"Point"},"id":"A13608301","properties":{"coordinate_status":"provider_xy_crs_unconfirmed","households":431,"kapt_code":"A13608301","name":"보문아이파크","property_aptseq_join":"not_established","source_id":"seoul-openaptinfo"},"type":"Feature"},{"geometry":{"coordinates":[127.020972,37.5841612],"type":"Point"},"id":"A13608401","properties":{"coordinate_status":"provider_xy_crs_unconfirmed","households":162,"kapt_code":"A13608401","name":"보문하우스토리주상복합","property_aptseq_join":"not_established","source_id":"seoul-openaptinfo"},"type":"Feature"},{"geometry":{"coordinates":[127.0173522,37.5812555],"type":"Point"},"id":"A13608601","properties":{"coordinate_status":"provider_xy_crs_unconfirmed","households":218,"kapt_code":"A13608601","name":"보문아남","property_aptseq_join":"not_established","source_id":"seoul-openaptinfo"},"type":"Feature"},{"geometry":{"coordinates":[127.0334853,37.6018897],"type":"Point"},"id":"A13609001","properties":{"coordinate_status":"provider_xy_crs_unconfirmed","households":161,"kapt_code":"A13609001","name":"종암우림카이저팰리스","property_aptseq_join":"not_established","source_id":"seoul-openaptinfo"},"type":"Feature"},{"geometry":{"coordinates":[127.0097457,37.6002122],"type":"Point"},"id":"A13610001","properties":{"coordinate_status":"provider_xy_crs_unconfirmed","households":196,"kapt_code":"A13610001","name":"정릉우방아파트","property_aptseq_join":"not_established","source_id":"seoul-openaptinfo"},"type":"Feature"},{"geometry":{"coordinates":[127.0175261,37.6001991],"type":"Point"},"id":"A13610003","properties":{"coordinate_status":"provider_xy_crs_unconfirmed","households":222,"kapt_code":"A13610003","name":"정릉힐스테이트1차아파트","property_aptseq_join":"unique_official_road_address_and_name","property_complex_id":"molit-apt:11290:11290-3534","property_release_id":"property-eea48453a819f517","source_id":"seoul-openaptinfo"},"type":"Feature"},{"geometry":{"coordinates":[127.0021957,37.6167473],"type":"Point"},"id":"A13610004","properties":{"coordinate_status":"provider_xy_crs_unconfirmed","households":264,"kapt_code":"A13610004","name":"정릉산장","property_aptseq_join":"not_established","source_id":"seoul-openaptinfo"},"type":"Feature"},{"geometry":{"coordinates":[127.0074949,37.6143809],"type":"Point"},"id":"A13610005","properties":{"coordinate_status":"provider_xy_crs_unconfirmed","households":522,"kapt_code":"A13610005","name":"정릉힐스테이트3차","property_aptseq_join":"unique_official_road_address_and_name","property_complex_id":"molit-apt:11290:11290-3622","property_release_id":"property-eea48453a819f517","source_id":"seoul-openaptinfo"},"type":"Feature"},{"geometry":{"coordinates":[127.0073229,37.6185895],"type":"Point"},"id":"A13610007","properties":{"coordinate_status":"provider_xy_crs_unconfirmed","households":1971,"kapt_code":"A13610007","name":"정릉풍림아이원","property_aptseq_join":"not_established","source_id":"seoul-openaptinfo"},"type":"Feature"},{"geometry":{"coordinates":[127.0182647,37.6033174],"type":"Point"},"id":"A13610102","properties":{"coordinate_status":"provider_xy_crs_unconfirmed","households":236,"kapt_code":"A13610102","name":"길음뉴타운10단지","property_aptseq_join":"not_established","source_id":"seoul-openaptinfo"},"type":"Feature"},{"geometry":{"coordinates":[127.0155119,37.60284],"type":"Point"},"id":"A13610103","properties":{"coordinate_status":"provider_xy_crs_unconfirmed","households":355,"kapt_code":"A13610103","name":"정릉힐스테이트","property_aptseq_join":"unique_official_road_address_and_name","property_complex_id":"molit-apt:11290:11290-117","property_release_id":"property-eea48453a819f517","source_id":"seoul-openaptinfo"},"type":"Feature"},{"geometry":{"coordinates":[127.0171534,37.6043325],"type":"Point"},"id":"A13610107","properties":{"coordinate_status":"provider_xy_crs_unconfirmed","households":860,"kapt_code":"A13610107","name":"길음뉴타운 경남아너스빌","property_aptseq_join":"unique_official_road_address_and_name","property_complex_id":"molit-apt:11290:11290-37","property_release_id":"property-eea48453a819f517","source_id":"seoul-openaptinfo"},"type":"Feature"},{"geometry":{"coordinates":[127.008977,37.6018169],"type":"Point"},"id":"A13610201","properties":{"coordinate_status":"provider_xy_crs_unconfirmed","households":169,"kapt_code":"A13610201","name":"정릉2차대주피오레","property_aptseq_join":"unique_official_road_address_and_name","property_complex_id":"molit-apt:11290:11290-3647","property_release_id":"property-eea48453a819f517","source_id":"seoul-openaptinfo"},"type":"Feature"},{"geometry":{"coordinates":[127.0100372,37.6062418],"type":"Point"},"id":"A13610202","properties":{"coordinate_status":"provider_xy_crs_unconfirmed","households":403,"kapt_code":"A13610202","name":"정릉푸르지오","property_aptseq_join":"unique_official_road_address_and_name","property_complex_id":"molit-apt:11290:11290-3372","property_release_id":"property-eea48453a819f517","source_id":"seoul-openaptinfo"},"type":"Feature"},{"geometry":{"coordinates":[127.0083543,37.6065103],"type":"Point"},"id":"A13610301","properties":{"coordinate_status":"provider_xy_crs_unconfirmed","households":271,"kapt_code":"A13610301","name":"정릉성원","property_aptseq_join":"not_established","source_id":"seoul-openaptinfo"},"type":"Feature"},{"geometry":{"coordinates":[127.0178235,37.6128244],"type":"Point"},"id":"A13611001","properties":{"coordinate_status":"provider_xy_crs_unconfirmed","households":276,"kapt_code":"A13611001","name":"길음뉴타운4단지임대","property_aptseq_join":"not_established","source_id":"seoul-openaptinfo"},"type":"Feature"},{"geometry":{"coordinates":[127.0254972,37.6094237],"type":"Point"},"id":"A13611002","properties":{"coordinate_status":"provider_xy_crs_unconfirmed","households":300,"kapt_code":"A13611002","name":"길음동부제2","property_aptseq_join":"not_established","source_id":"seoul-openaptinfo"},"type":"Feature"},{"geometry":{"coordinates":[127.0230734,37.602455],"type":"Point"},"id":"A13611004","properties":{"coordinate_status":"provider_xy_crs_unconfirmed","households":684,"kapt_code":"A13611004","name":"길음삼부","property_aptseq_join":"not_established","source_id":"seoul-openaptinfo"},"type":"Feature"},{"geometry":{"coordinates":[127.0229072,37.6062699],"type":"Point"},"id":"A13611005","properties":{"coordinate_status":"provider_xy_crs_unconfirmed","households":977,"kapt_code":"A13611005","name":"길음래미안3차","property_aptseq_join":"not_established","source_id":"seoul-openaptinfo"},"type":"Feature"},{"geometry":{"coordinates":[127.0196483,37.612084],"type":"Point"},"id":"A13611006","properties":{"coordinate_status":"provider_xy_crs_unconfirmed","households":1605,"kapt_code":"A13611006","name":"이편한세상 길음뉴타운4단지","property_aptseq_join":"not_established","source_id":"seoul-openaptinfo"},"type":"Feature"},{"geometry":{"coordinates":[127.0162373,37.611816],"type":"Point"},"id":"A13611007","properties":{"coordinate_status":"provider_xy_crs_unconfirmed","households":2068,"kapt_code":"A13611007","name":"길음뉴타운푸르지오아파트2,3단지","property_aptseq_join":"not_established","source_id":"seoul-openaptinfo"},"type":"Feature"},{"geometry":{"coordinates":[127.0179788,37.6074358],"type":"Point"},"id":"A13611008","properties":{"coordinate_status":"provider_xy_crs_unconfirmed","households":1497,"kapt_code":"A13611008","name":"길음뉴타운8단지","property_aptseq_join":"not_established","source_id":"seoul-openaptinfo"},"type":"Feature"},{"geometry":{"coordinates":[127.0206567,37.610759],"type":"Point"},"id":"A13611009","properties":{"coordinate_status":"provider_xy_crs_unconfirmed","households":90,"kapt_code":"A13611009","name":"길음SHVILLE","property_aptseq_join":"not_established","source_id":"seoul-openaptinfo"},"type":"Feature"},{"geometry":{"coordinates":[127.0200838,37.6090126],"type":"Point"},"id":"A13611010","properties":{"coordinate_status":"provider_xy_crs_unconfirmed","households":120,"kapt_code":"A13611010","name":"길음뉴타운8단지제2","property_aptseq_join":"not_established","source_id":"seoul-openaptinfo"},"type":"Feature"},{"geometry":{"coordinates":[127.0194534,37.6037972],"type":"Point"},"id":"A13611011","properties":{"coordinate_status":"provider_xy_crs_unconfirmed","households":1012,"kapt_code":"A13611011","name":"래미안길음뉴타운9단지","property_aptseq_join":"not_established","source_id":"seoul-openaptinfo"},"type":"Feature"},{"geometry":{"coordinates":[127.0192671,37.6092194],"type":"Point"},"id":"A13611012","properties":{"coordinate_status":"provider_xy_crs_unconfirmed","households":99,"kapt_code":"A13611012","name":"길음뉴타운7단지제2","property_aptseq_join":"not_established","source_id":"seoul-openaptinfo"},"type":"Feature"},{"geometry":{"coordinates":[127.0177987,37.6085823],"type":"Point"},"id":"A13611102","properties":{"coordinate_status":"provider_xy_crs_unconfirmed","households":282,"kapt_code":"A13611102","name":"길음뉴타운3단지임대","property_aptseq_join":"not_established","source_id":"seoul-openaptinfo"},"type":"Feature"},{"geometry":{"coordinates":[127.0210492,37.60576],"type":"Point"},"id":"A13611103","properties":{"coordinate_status":"provider_xy_crs_unconfirmed","households":1125,"kapt_code":"A13611103","name":"래미안길음1차","property_aptseq_join":"not_established","source_id":"seoul-openaptinfo"},"type":"Feature"},{"geometry":{"coordinates":[127.0242907,37.610374],"type":"Point"},"id":"A13611201","properties":{"coordinate_status":"provider_xy_crs_unconfirmed","households":560,"kapt_code":"A13611201","name":"래미안길음2차아파트","property_aptseq_join":"not_established","source_id":"seoul-openaptinfo"},"type":"Feature"},{"geometry":{"coordinates":[127.0242907,37.610374],"type":"Point"},"id":"A13611202","properties":{"coordinate_status":"provider_xy_crs_unconfirmed","households":1377,"kapt_code":"A13611202","name":"길음동부센트레빌","property_aptseq_join":"not_established","source_id":"seoul-openaptinfo"},"type":"Feature"},{"geometry":{"coordinates":[127.0466414,37.6059521],"type":"Point"},"id":"A13612001","properties":{"coordinate_status":"provider_xy_crs_unconfirmed","households":225,"kapt_code":"A13612001","name":"상월곡우남","property_aptseq_join":"not_established","source_id":"seoul-openaptinfo"},"type":"Feature"},{"geometry":{"coordinates":[127.0457572,37.6079078],"type":"Point"},"id":"A13612002","properties":{"coordinate_status":"provider_xy_crs_unconfirmed","households":1253,"kapt_code":"A13612002","name":"성북동아에코빌","property_aptseq_join":"not_established","source_id":"seoul-openaptinfo"},"type":"Feature"},{"geometry":{"coordinates":[127.0347011,37.6056942],"type":"Point"},"id":"A13613001","properties":{"coordinate_status":"provider_xy_crs_unconfirmed","households":198,"kapt_code":"A13613001","name":"하월곡아남","property_aptseq_join":"not_established","source_id":"seoul-openaptinfo"},"type":"Feature"},{"geometry":{"coordinates":[127.0417743,37.5975546],"type":"Point"},"id":"A13613002","properties":{"coordinate_status":"provider_xy_crs_unconfirmed","households":209,"kapt_code":"A13613002","name":"월곡2SHville임대","property_aptseq_join":"not_established","source_id":"seoul-openaptinfo"},"type":"Feature"},{"geometry":{"coordinates":[127.0379722,37.6120414],"type":"Point"},"id":"A13613003","properties":{"coordinate_status":"provider_xy_crs_unconfirmed","households":288,"kapt_code":"A13613003","name":"월곡3SH-vill","property_aptseq_join":"not_established","source_id":"seoul-openaptinfo"},"type":"Feature"},{"geometry":{"coordinates":[127.029003,37.6065354],"type":"Point"},"id":"A13613004","properties":{"coordinate_status":"provider_xy_crs_unconfirmed","households":285,"kapt_code":"A13613004","name":"성북힐스테이트","property_aptseq_join":"not_established","source_id":"seoul-openaptinfo"},"type":"Feature"},{"geometry":{"coordinates":[127.0352907,37.6044231],"type":"Point"},"id":"A13613005","properties":{"coordinate_status":"provider_xy_crs_unconfirmed","households":746,"kapt_code":"A13613005","name":"하월곡동신","property_aptseq_join":"not_established","source_id":"seoul-openaptinfo"},"type":"Feature"},{"geometry":{"coordinates":[127.0421157,37.599088],"type":"Point"},"id":"A13613006","properties":{"coordinate_status":"provider_xy_crs_unconfirmed","households":787,"kapt_code":"A13613006","name":"월곡래미안루나밸리","property_aptseq_join":"unique_official_road_address_and_name","property_complex_id":"molit-apt:11290:11290-3572","property_release_id":"property-eea48453a819f517","source_id":"seoul-openaptinfo"},"type":"Feature"},{"geometry":{"coordinates":[127.0368836,37.61044],"type":"Point"},"id":"A13613007","properties":{"coordinate_status":"provider_xy_crs_unconfirmed","households":1372,"kapt_code":"A13613007","name":"래미안월곡","property_aptseq_join":"not_established","source_id":"seoul-openaptinfo"},"type":"Feature"},{"geometry":{"coordinates":[127.0383738,37.6070339],"type":"Point"},"id":"A13613008","properties":{"coordinate_status":"provider_xy_crs_unconfirmed","households":2197,"kapt_code":"A13613008","name":"월곡두산위브아파트","property_aptseq_join":"not_established","source_id":"seoul-openaptinfo"},"type":"Feature"},{"geometry":{"coordinates":[127.0390029,37.6107743],"type":"Point"},"id":"A13613009","properties":{"coordinate_status":"provider_xy_crs_unconfirmed","households":714,"kapt_code":"A13613009","name":"꿈의숲푸르지오","property_aptseq_join":"unique_official_road_address_and_name","property_complex_id":"molit-apt:11290:11290-3794","property_release_id":"property-eea48453a819f517","source_id":"seoul-openaptinfo"},"type":"Feature"},{"geometry":{"coordinates":[127.0394001,37.60521],"type":"Point"},"id":"A13613010","properties":{"coordinate_status":"provider_xy_crs_unconfirmed","households":458,"kapt_code":"A13613010","name":"월곡두산제2아파트임대","property_aptseq_join":"not_established","source_id":"seoul-openaptinfo"},"type":"Feature"},{"geometry":{"coordinates":[127.031103,37.6050605],"type":"Point"},"id":"A13613011","properties":{"coordinate_status":"provider_xy_crs_unconfirmed","households":440,"kapt_code":"A13613011","name":"동일하이빌뉴시티","property_aptseq_join":"unique_official_road_address_and_name","property_complex_id":"molit-apt:11290:11290-3875","property_release_id":"property-eea48453a819f517","source_id":"seoul-openaptinfo"},"type":"Feature"},{"geometry":{"coordinates":[127.0273295,37.6054073],"type":"Point"},"id":"A13613012","properties":{"coordinate_status":"provider_xy_crs_unconfirmed","households":198,"kapt_code":"A13613012","name":"길음서희스타힐스","property_aptseq_join":"unique_official_road_address_and_name","property_complex_id":"molit-apt:11290:11290-3859","property_release_id":"property-eea48453a819f517","source_id":"seoul-openaptinfo"},"type":"Feature"},{"geometry":{"coordinates":[127.0414399,37.5965132],"type":"Point"},"id":"A13613201","properties":{"coordinate_status":"provider_xy_crs_unconfirmed","households":352,"kapt_code":"A13613201","name":"하월곡샹그레빌","property_aptseq_join":"not_established","source_id":"seoul-openaptinfo"},"type":"Feature"},{"geometry":{"coordinates":[127.0477116,37.6201173],"type":"Point"},"id":"A13614001","properties":{"coordinate_status":"provider_xy_crs_unconfirmed","households":611,"kapt_code":"A13614001","name":"꿈의숲대명루첸","property_aptseq_join":"unique_official_road_address_and_name","property_complex_id":"molit-apt:11290:11290-3719","property_release_id":"property-eea48453a819f517","source_id":"seoul-openaptinfo"},"type":"Feature"},{"geometry":{"coordinates":[127.047843,37.6224603],"type":"Point"},"id":"A13614301","properties":{"coordinate_status":"provider_xy_crs_unconfirmed","households":254,"kapt_code":"A13614301","name":"장월SH-VILLE1단지","property_aptseq_join":"not_established","source_id":"seoul-openaptinfo"},"type":"Feature"},{"geometry":{"coordinates":[127.0494663,37.6231937],"type":"Point"},"id":"A13614302","properties":{"coordinate_status":"provider_xy_crs_unconfirmed","households":373,"kapt_code":"A13614302","name":"장위참누리","property_aptseq_join":"not_established","source_id":"seoul-openaptinfo"},"type":"Feature"},{"geometry":{"coordinates":[127.0657663,37.6063529],"type":"Point"},"id":"A13615002","properties":{"coordinate_status":"provider_xy_crs_unconfirmed","households":453,"kapt_code":"A13615002","name":"석관코오롱","property_aptseq_join":"not_established","source_id":"seoul-openaptinfo"},"type":"Feature"},{"geometry":{"coordinates":[127.0684003,37.6129055],"type":"Point"},"id":"A13615003","properties":{"coordinate_status":"provider_xy_crs_unconfirmed","households":1998,"kapt_code":"A13615003","name":"석관두산","property_aptseq_join":"not_established","source_id":"seoul-openaptinfo"},"type":"Feature"},{"geometry":{"coordinates":[127.0116441,37.5873248],"type":"Point"},"id":"A13670801","properties":{"coordinate_status":"provider_xy_crs_unconfirmed","households":430,"kapt_code":"A13670801","name":"삼선SKView","property_aptseq_join":"not_established","source_id":"seoul-openaptinfo"},"type":"Feature"},{"geometry":{"coordinates":[127.0338125,37.5944341],"type":"Point"},"id":"A13671203","properties":{"coordinate_status":"provider_xy_crs_unconfirmed","households":238,"kapt_code":"A13671203","name":"종암선경아파트","property_aptseq_join":"unique_official_road_address_and_name","property_complex_id":"molit-apt:11290:11290-64","property_release_id":"property-eea48453a819f517","source_id":"seoul-openaptinfo"},"type":"Feature"},{"geometry":{"coordinates":[127.0309927,37.5973718],"type":"Point"},"id":"A13671204","properties":{"coordinate_status":"provider_xy_crs_unconfirmed","households":782,"kapt_code":"A13671204","name":"종암2차아이파크","property_aptseq_join":"not_established","source_id":"seoul-openaptinfo"},"type":"Feature"},{"geometry":{"coordinates":[127.0369642,37.6010883],"type":"Point"},"id":"A13671205","properties":{"coordinate_status":"provider_xy_crs_unconfirmed","households":1318,"kapt_code":"A13671205","name":"종암SK","property_aptseq_join":"not_established","source_id":"seoul-openaptinfo"},"type":"Feature"},{"geometry":{"coordinates":[127.0298689,37.6025494],"type":"Point"},"id":"A13671206","properties":{"coordinate_status":"provider_xy_crs_unconfirmed","households":513,"kapt_code":"A13671206","name":"종암아이파크1차","property_aptseq_join":"not_established","source_id":"seoul-openaptinfo"},"type":"Feature"},{"geometry":{"coordinates":[127.0336943,37.5952864],"type":"Point"},"id":"A13671207","properties":{"coordinate_status":"provider_xy_crs_unconfirmed","households":297,"kapt_code":"A13671207","name":"종암극동아파트","property_aptseq_join":"not_established","source_id":"seoul-openaptinfo"},"type":"Feature"},{"geometry":{"coordinates":[127.0313424,37.5993452],"type":"Point"},"id":"A13671208","properties":{"coordinate_status":"provider_xy_crs_unconfirmed","households":955,"kapt_code":"A13671208","name":"래미안세레니티","property_aptseq_join":"not_established","source_id":"seoul-openaptinfo"},"type":"Feature"},{"geometry":{"coordinates":[127.0386085,37.599309],"type":"Point"},"id":"A13671209","properties":{"coordinate_status":"provider_xy_crs_unconfirmed","households":837,"kapt_code":"A13671209","name":"래미안라센트","property_aptseq_join":"unique_official_road_address_and_name","property_complex_id":"molit-apt:11290:11290-3824","property_release_id":"property-eea48453a819f517","source_id":"seoul-openaptinfo"},"type":"Feature"},{"geometry":{"coordinates":[127.0348767,37.6016999],"type":"Point"},"id":"A13671210","properties":{"coordinate_status":"provider_xy_crs_unconfirmed","households":465,"kapt_code":"A13671210","name":"종암SK제2","property_aptseq_join":"not_established","source_id":"seoul-openaptinfo"},"type":"Feature"},{"geometry":{"coordinates":[127.0388225,37.6011338],"type":"Point"},"id":"A13671211","properties":{"coordinate_status":"provider_xy_crs_unconfirmed","households":188,"kapt_code":"A13671211","name":"래미안종암3차","property_aptseq_join":"not_established","source_id":"seoul-openaptinfo"},"type":"Feature"},{"geometry":{"coordinates":[127.0298341,37.5983534],"type":"Point"},"id":"A13671212","properties":{"coordinate_status":"provider_xy_crs_unconfirmed","households":206,"kapt_code":"A13671212","name":"래미안종암2차","property_aptseq_join":"not_established","source_id":"seoul-openaptinfo"},"type":"Feature"},{"geometry":{"coordinates":[127.0347914,37.6017652],"type":"Point"},"id":"A13671213","properties":{"coordinate_status":"provider_xy_crs_unconfirmed","households":393,"kapt_code":"A13671213","name":"종암2차SK뷰","property_aptseq_join":"not_established","source_id":"seoul-openaptinfo"},"type":"Feature"},{"geometry":{"coordinates":[127.0133812,37.5834945],"type":"Point"},"id":"A13672101","properties":{"coordinate_status":"provider_xy_crs_unconfirmed","households":864,"kapt_code":"A13672101","name":"삼선푸르지오아파트","property_aptseq_join":"unique_official_road_address_and_name","property_complex_id":"molit-apt:11290:11290-3576","property_release_id":"property-eea48453a819f517","source_id":"seoul-openaptinfo"},"type":"Feature"},{"geometry":{"coordinates":[127.0135763,37.5821384],"type":"Point"},"id":"A13672102","properties":{"coordinate_status":"provider_xy_crs_unconfirmed","households":377,"kapt_code":"A13672102","name":"삼선힐스테이트","property_aptseq_join":"not_established","source_id":"seoul-openaptinfo"},"type":"Feature"},{"geometry":{"coordinates":[127.0545119,37.6083777],"type":"Point"},"id":"A13676101","properties":{"coordinate_status":"provider_xy_crs_unconfirmed","households":580,"kapt_code":"A13676101","name":"래미안석관","property_aptseq_join":"not_established","source_id":"seoul-openaptinfo"},"type":"Feature"},{"geometry":{"coordinates":[127.0540258,37.6072388],"type":"Point"},"id":"A13676103","properties":{"coordinate_status":"provider_xy_crs_unconfirmed","households":199,"kapt_code":"A13676103","name":"신동아파밀리에","property_aptseq_join":"unique_official_road_address_and_name","property_complex_id":"molit-apt:11290:11290-3847","property_release_id":"property-eea48453a819f517","source_id":"seoul-openaptinfo"},"type":"Feature"},{"geometry":{"coordinates":[127.0183398,37.5995474],"type":"Point"},"id":"A13676501","properties":{"coordinate_status":"provider_xy_crs_unconfirmed","households":193,"kapt_code":"A13676501","name":"정릉쌍용","property_aptseq_join":"not_established","source_id":"seoul-openaptinfo"},"type":"Feature"},{"geometry":{"coordinates":[127.0170717,37.5992583],"type":"Point"},"id":"A13676504","properties":{"coordinate_status":"provider_xy_crs_unconfirmed","households":406,"kapt_code":"A13676504","name":"정릉스카이쌍용","property_aptseq_join":"unique_official_road_address_and_name","property_complex_id":"molit-apt:11290:11290-45","property_release_id":"property-eea48453a819f517","source_id":"seoul-openaptinfo"},"type":"Feature"},{"geometry":{"coordinates":[127.0161135,37.6064904],"type":"Point"},"id":"A13676605","properties":{"coordinate_status":"provider_xy_crs_unconfirmed","households":514,"kapt_code":"A13676605","name":"길음뉴타운 데시앙","property_aptseq_join":"not_established","source_id":"seoul-openaptinfo"},"type":"Feature"},{"geometry":{"coordinates":[127.0034409,37.6180331],"type":"Point"},"id":"A13676702","properties":{"coordinate_status":"provider_xy_crs_unconfirmed","households":791,"kapt_code":"A13676702","name":"정릉대우","property_aptseq_join":"not_established","source_id":"seoul-openaptinfo"},"type":"Feature"},{"geometry":{"coordinates":[127.0101777,37.6150052],"type":"Point"},"id":"A13676703","properties":{"coordinate_status":"provider_xy_crs_unconfirmed","households":739,"kapt_code":"A13676703","name":"정릉1차e-편한세상","property_aptseq_join":"not_established","source_id":"seoul-openaptinfo"},"type":"Feature"},{"geometry":{"coordinates":[127.0073658,37.6159569],"type":"Point"},"id":"A13676704","properties":{"coordinate_status":"provider_xy_crs_unconfirmed","households":332,"kapt_code":"A13676704","name":"정릉풍림아이원임대","property_aptseq_join":"not_established","source_id":"seoul-openaptinfo"},"type":"Feature"},{"geometry":{"coordinates":[127.018734,37.6001826],"type":"Point"},"id":"A13677101","properties":{"coordinate_status":"provider_xy_crs_unconfirmed","households":527,"kapt_code":"A13677101","name":"정릉2차 e편한세상","property_aptseq_join":"unique_official_road_address_and_name","property_complex_id":"molit-apt:11290:11290-3763","property_release_id":"property-eea48453a819f517","source_id":"seoul-openaptinfo"},"type":"Feature"},{"geometry":{"coordinates":[127.0156807,37.6010726],"type":"Point"},"id":"A13677206","properties":{"coordinate_status":"provider_xy_crs_unconfirmed","households":823,"kapt_code":"A13677206","name":"정릉우성","property_aptseq_join":"not_established","source_id":"seoul-openaptinfo"},"type":"Feature"},{"geometry":{"coordinates":[127.0156861,37.5826725],"type":"Point"},"id":"A13677401","properties":{"coordinate_status":"provider_xy_crs_unconfirmed","households":440,"kapt_code":"A13677401","name":"이편한세상보문","property_aptseq_join":"unique_official_road_address_and_name","property_complex_id":"molit-apt:11290:11290-4074","property_release_id":"property-eea48453a819f517","source_id":"seoul-openaptinfo"},"type":"Feature"},{"geometry":{"coordinates":[127.0107566,37.6001332],"type":"Point"},"id":"A13677807","properties":{"coordinate_status":"provider_xy_crs_unconfirmed","households":212,"kapt_code":"A13677807","name":"정릉우정에쉐르","property_aptseq_join":"not_established","source_id":"seoul-openaptinfo"},"type":"Feature"},{"geometry":{"coordinates":[127.0451712,37.6066138],"type":"Point"},"id":"A13678401","properties":{"coordinate_status":"provider_xy_crs_unconfirmed","households":278,"kapt_code":"A13678401","name":"동아에코빌","property_aptseq_join":"not_established","source_id":"seoul-openaptinfo"},"type":"Feature"},{"geometry":{"coordinates":[127.0212232,37.6034115],"type":"Point"},"id":"A13679402","properties":{"coordinate_status":"provider_xy_crs_unconfirmed","households":242,"kapt_code":"A13679402","name":"길음뉴타운9단지제2","property_aptseq_join":"not_established","source_id":"seoul-openaptinfo"},"type":"Feature"},{"geometry":{"coordinates":[127.0188321,37.6097649],"type":"Point"},"id":"A13679403","properties":{"coordinate_status":"provider_xy_crs_unconfirmed","households":449,"kapt_code":"A13679403","name":"길음뉴타운7단지","property_aptseq_join":"not_established","source_id":"seoul-openaptinfo"},"type":"Feature"},{"geometry":{"coordinates":[127.0149705,37.5986397],"type":"Point"},"id":"A13679902","properties":{"coordinate_status":"provider_xy_crs_unconfirmed","households":201,"kapt_code":"A13679902","name":"돈암힐스테이트","property_aptseq_join":"unique_official_road_address_and_name","property_complex_id":"molit-apt:11290:11290-3519","property_release_id":"property-eea48453a819f517","source_id":"seoul-openaptinfo"},"type":"Feature"},{"geometry":{"coordinates":[127.0116899,37.5979949],"type":"Point"},"id":"A13679903","properties":{"coordinate_status":"provider_xy_crs_unconfirmed","households":192,"kapt_code":"A13679903","name":"돈암신일해피트리","property_aptseq_join":"not_established","source_id":"seoul-openaptinfo"},"type":"Feature"},{"geometry":{"coordinates":[127.0159103,37.614141],"type":"Point"},"id":"A13680701","properties":{"coordinate_status":"provider_xy_crs_unconfirmed","households":252,"kapt_code":"A13680701","name":"길음신안파크","property_aptseq_join":"not_established","source_id":"seoul-openaptinfo"},"type":"Feature"},{"geometry":{"coordinates":[127.0264895,37.6024287],"type":"Point"},"id":"A13681303","properties":{"coordinate_status":"provider_xy_crs_unconfirmed","households":540,"kapt_code":"A13681303","name":"돈암동부센트레빌","property_aptseq_join":"not_established","source_id":"seoul-openaptinfo"},"type":"Feature"},{"geometry":{"coordinates":[127.0285886,37.6041274],"type":"Point"},"id":"A13681304","properties":{"coordinate_status":"provider_xy_crs_unconfirmed","households":619,"kapt_code":"A13681304","name":"돈암현대","property_aptseq_join":"not_established","source_id":"seoul-openaptinfo"},"type":"Feature"},{"geometry":{"coordinates":[127.0667057,37.611111],"type":"Point"},"id":"A13681701","properties":{"coordinate_status":"provider_xy_crs_unconfirmed","households":315,"kapt_code":"A13681701","name":"석관중앙하이츠","property_aptseq_join":"not_established","source_id":"seoul-openaptinfo"},"type":"Feature"},{"geometry":{"coordinates":[127.0091944,37.6049603],"type":"Point"},"id":"A13684306","properties":{"coordinate_status":"provider_xy_crs_unconfirmed","households":745,"kapt_code":"A13684306","name":"정릉중앙하이츠빌2단지","property_aptseq_join":"not_established","source_id":"seoul-openaptinfo"},"type":"Feature"},{"geometry":{"coordinates":[127.0143452,37.6073332],"type":"Point"},"id":"A13684605","properties":{"coordinate_status":"provider_xy_crs_unconfirmed","households":529,"kapt_code":"A13684605","name":"정릉푸른마을동아","property_aptseq_join":"unique_official_road_address_and_name","property_complex_id":"molit-apt:11290:11290-54","property_release_id":"property-eea48453a819f517","source_id":"seoul-openaptinfo"},"type":"Feature"},{"geometry":{"coordinates":[127.0020417,37.6198025],"type":"Point"},"id":"A13684701","properties":{"coordinate_status":"provider_xy_crs_unconfirmed","households":261,"kapt_code":"A13684701","name":"정릉중앙하이츠","property_aptseq_join":"unique_official_road_address_and_name","property_complex_id":"molit-apt:11290:11290-50","property_release_id":"property-eea48453a819f517","source_id":"seoul-openaptinfo"},"type":"Feature"},{"geometry":{"coordinates":[127.0101777,37.6028813],"type":"Point"},"id":"A13685104","properties":{"coordinate_status":"provider_xy_crs_unconfirmed","households":433,"kapt_code":"A13685104","name":"정릉중앙하이츠빌1단지","property_aptseq_join":"not_established","source_id":"seoul-openaptinfo"},"type":"Feature"},{"geometry":{"coordinates":[127.0301481,37.6010008],"type":"Point"},"id":"A13686302","properties":{"coordinate_status":"provider_xy_crs_unconfirmed","households":1168,"kapt_code":"A13686302","name":"래미안 크리시엘 아파트 관리사무소","property_aptseq_join":"not_established","source_id":"seoul-openaptinfo"},"type":"Feature"},{"geometry":{"coordinates":[127.0164459,37.5201925],"type":"Point"},"id":"A13703011","properties":{"coordinate_status":"provider_xy_crs_unconfirmed","households":256,"kapt_code":"A13703011","name":"잠원롯데캐슬갤럭시1차","property_aptseq_join":"not_established","source_id":"seoul-openaptinfo"},"type":"Feature"},{"geometry":{"coordinates":[127.0159475,37.5190505],"type":"Point"},"id":"A13703019","properties":{"coordinate_status":"provider_xy_crs_unconfirmed","households":428,"kapt_code":"A13703019","name":"롯데캐슬갤럭시아파트","property_aptseq_join":"not_established","source_id":"seoul-openaptinfo"},"type":"Feature"},{"geometry":{"coordinates":[127.0101655,37.5087284],"type":"Point"},"id":"A13703027","properties":{"coordinate_status":"provider_xy_crs_unconfirmed","households":991,"kapt_code":"A13703027","name":"잠원동아","property_aptseq_join":"not_established","source_id":"seoul-openaptinfo"},"type":"Feature"},{"geometry":{"coordinates":[127.0115013,37.5039415],"type":"Point"},"id":"A13704101","properties":{"coordinate_status":"provider_xy_crs_unconfirmed","households":168,"kapt_code":"A13704101","name":"반포삼호가든맨션5차","property_aptseq_join":"not_established","source_id":"seoul-openaptinfo"},"type":"Feature"},{"geometry":{"coordinates":[127.0135922,37.507538],"type":"Point"},"id":"A13704104","properties":{"coordinate_status":"provider_xy_crs_unconfirmed","households":3410,"kapt_code":"A13704104","name":"반포자이","property_aptseq_join":"unique_official_road_address_and_name","property_complex_id":"molit-apt:11650:11650-3500","property_release_id":"property-eea48453a819f517","source_id":"seoul-openaptinfo"},"type":"Feature"},{"geometry":{"coordinates":[127.008831,37.5022696],"type":"Point"},"id":"A13704404","properties":{"coordinate_status":"provider_xy_crs_unconfirmed","households":1260,"kapt_code":"A13704404","name":"반포미도아파트","property_aptseq_join":"unique_official_road_address_and_name","property_complex_id":"molit-apt:11650:11650-172","property_release_id":"property-eea48453a819f517","source_id":"seoul-openaptinfo"},"type":"Feature"},{"geometry":{"coordinates":[126.9844585,37.4978313],"type":"Point"},"id":"A13706001","properties":{"coordinate_status":"provider_xy_crs_unconfirmed","households":222,"kapt_code":"A13706001","name":"방배아크로리버","property_aptseq_join":"unique_official_road_address_and_name","property_complex_id":"molit-apt:11650:11650-640","property_release_id":"property-eea48453a819f517","source_id":"seoul-openaptinfo"},"type":"Feature"},{"geometry":{"coordinates":[126.9836476,37.4720641],"type":"Point"},"id":"A13706002","properties":{"coordinate_status":"provider_xy_crs_unconfirmed","households":81,"kapt_code":"A13706002","name":"방배SH-VILLE","property_aptseq_join":"not_established","source_id":"seoul-openaptinfo"},"type":"Feature"},{"geometry":{"coordinates":[126.9900534,37.4751718],"type":"Point"},"id":"A13706302","properties":{"coordinate_status":"provider_xy_crs_unconfirmed","households":344,"kapt_code":"A13706302","name":"방배래미안타워","property_aptseq_join":"unique_official_road_address_and_name","property_complex_id":"molit-apt:11650:11650-759","property_release_id":"property-eea48453a819f517","source_id":"seoul-openaptinfo"},"type":"Feature"},{"geometry":{"coordinates":[126.9936334,37.4797613],"type":"Point"},"id":"A13706303","properties":{"coordinate_status":"provider_xy_crs_unconfirmed","households":364,"kapt_code":"A13706303","name":"방배대우효령","property_aptseq_join":"not_established","source_id":"seoul-openaptinfo"},"type":"Feature"},{"geometry":{"coordinates":[127.020739,37.4929518],"type":"Point"},"id":"A13707002","properties":{"coordinate_status":"provider_xy_crs_unconfirmed","households":166,"kapt_code":"A13707002","name":"아남","property_aptseq_join":"unique_official_road_address_and_name","property_complex_id":"molit-apt:11650:11650-54","property_release_id":"property-eea48453a819f517","source_id":"seoul-openaptinfo"},"type":"Feature"},{"geometry":{"coordinates":[127.0175669,37.4942468],"type":"Point"},"id":"A13707003","properties":{"coordinate_status":"provider_xy_crs_unconfirmed","households":215,"kapt_code":"A13707003","name":"서초대우아이빌","property_aptseq_join":"unique_official_road_address_and_name","property_complex_id":"molit-apt:11650:11650-606","property_release_id":"property-eea48453a819f517","source_id":"seoul-openaptinfo"},"type":"Feature"},{"geometry":{"coordinates":[127.0152212,37.4934555],"type":"Point"},"id":"A13707006","properties":{"coordinate_status":"provider_xy_crs_unconfirmed","households":293,"kapt_code":"A13707006","name":"대림서초리시온","property_aptseq_join":"unique_official_road_address_and_name","property_complex_id":"molit-apt:11650:11650-605","property_release_id":"property-eea48453a819f517","source_id":"seoul-openaptinfo"},"type":"Feature"},{"geometry":{"coordinates":[127.0199915,37.5020921],"type":"Point"},"id":"A13707009","properties":{"coordinate_status":"provider_xy_crs_unconfirmed","households":392,"kapt_code":"A13707009","name":"래미안 서초스위트 아파트","property_aptseq_join":"unique_official_road_address_and_name","property_complex_id":"molit-apt:11650:11650-3515","property_release_id":"property-eea48453a819f517","source_id":"seoul-openaptinfo"},"type":"Feature"},{"geometry":{"coordinates":[127.016979,37.4847031],"type":"Point"},"id":"A13707010","properties":{"coordinate_status":"provider_xy_crs_unconfirmed","households":440,"kapt_code":"A13707010","name":"래미안서초유니빌","property_aptseq_join":"unique_official_road_address_and_name","property_complex_id":"molit-apt:11650:11650-518","property_release_id":"property-eea48453a819f517","source_id":"seoul-openaptinfo"},"type":"Feature"},{"geometry":{"coordinates":[127.0166404,37.4964455],"type":"Point"},"id":"A13707016","properties":{"coordinate_status":"provider_xy_crs_unconfirmed","households":435,"kapt_code":"A13707016","name":"서초교대e편한세상","property_aptseq_join":"unique_official_road_address_and_name","property_complex_id":"molit-apt:11650:11650-3579","property_release_id":"property-eea48453a819f517","source_id":"seoul-openaptinfo"},"type":"Feature"},{"geometry":{"coordinates":[127.029525,37.4903649],"type":"Point"},"id":"A13707203","properties":{"coordinate_status":"provider_xy_crs_unconfirmed","households":200,"kapt_code":"A13707203","name":"풍림아이원플러스","property_aptseq_join":"unique_official_road_address_and_name","property_complex_id":"molit-apt:11650:11650-701","property_release_id":"property-eea48453a819f517","source_id":"seoul-openaptinfo"},"type":"Feature"},{"geometry":{"coordinates":[127.033003,37.473609],"type":"Point"},"id":"A13713001","properties":{"coordinate_status":"provider_xy_crs_unconfirmed","households":231,"kapt_code":"A13713001","name":"양재리본타워1단지","property_aptseq_join":"not_established","source_id":"seoul-openaptinfo"},"type":"Feature"},{"geometry":{"coordinates":[127.0361275,37.4651237],"type":"Point"},"id":"A13713002","properties":{"coordinate_status":"provider_xy_crs_unconfirmed","households":390,"kapt_code":"A13713002","name":"양재리본타워2단지","property_aptseq_join":"not_established","source_id":"seoul-openaptinfo"},"type":"Feature"},{"geometry":{"coordinates":[127.056494321,37.448100115],"type":"Point"},"id":"A13716001","properties":{"coordinate_status":"provider_xy_crs_unconfirmed","households":310,"kapt_code":"A13716001","name":"서초포레스타7단지","property_aptseq_join":"not_established","source_id":"seoul-openaptinfo"},"type":"Feature"},{"geometry":{"coordinates":[127.0576442,37.4511442],"type":"Point"},"id":"A13716002","properties":{"coordinate_status":"provider_xy_crs_unconfirmed","households":547,"kapt_code":"A13716002","name":"서초포레스타5단지","property_aptseq_join":"unique_official_road_address_and_name","property_complex_id":"molit-apt:11650:11650-4026","property_release_id":"property-eea48453a819f517","source_id":"seoul-openaptinfo"},"type":"Feature"},{"geometry":{"coordinates":[127.0589501,37.4550374],"type":"Point"},"id":"A13716003","properties":{"coordinate_status":"provider_xy_crs_unconfirmed","households":482,"kapt_code":"A13716003","name":"서초포레스타3단지","property_aptseq_join":"unique_official_road_address_and_name","property_complex_id":"molit-apt:11650:11650-4040","property_release_id":"property-eea48453a819f517","source_id":"seoul-openaptinfo"},"type":"Feature"},{"geometry":{"coordinates":[127.0644871,37.4511481],"type":"Point"},"id":"A13718001","properties":{"coordinate_status":"provider_xy_crs_unconfirmed","households":1264,"kapt_code":"A13718001","name":"서초더샵포레","property_aptseq_join":"unique_official_road_address_and_name","property_complex_id":"molit-apt:11650:11650-4063","property_release_id":"property-eea48453a819f517","source_id":"seoul-openaptinfo"},"type":"Feature"},{"geometry":{"coordinates":[127.0075124,37.5023578],"type":"Point"},"id":"A13770105","properties":{"coordinate_status":"provider_xy_crs_unconfirmed","households":435,"kapt_code":"A13770105","name":"반포미도2차","property_aptseq_join":"unique_official_road_address_and_name","property_complex_id":"molit-apt:11650:11650-173","property_release_id":"property-eea48453a819f517","source_id":"seoul-openaptinfo"},"type":"Feature"},{"geometry":{"coordinates":[127.0077138,37.4785869],"type":"Point"},"id":"A13770607","properties":{"coordinate_status":"provider_xy_crs_unconfirmed","households":161,"kapt_code":"A13770607","name":"서초5차e편한세상","property_aptseq_join":"unique_official_road_address_and_name","property_complex_id":"molit-apt:11650:11650-3225","property_release_id":"property-eea48453a819f517","source_id":"seoul-openaptinfo"},"type":"Feature"},{"geometry":{"coordinates":[127.0085802,37.4910746],"type":"Point"},"id":"A13770608","properties":{"coordinate_status":"provider_xy_crs_unconfirmed","households":174,"kapt_code":"A13770608","name":"서초현대ESA2차","property_aptseq_join":"not_established","source_id":"seoul-openaptinfo"},"type":"Feature"},{"geometry":{"coordinates":[127.0160375,37.4830098],"type":"Point"},"id":"A13770609","properties":{"coordinate_status":"provider_xy_crs_unconfirmed","households":645,"kapt_code":"A13770609","name":"현대슈퍼빌","property_aptseq_join":"unique_official_road_address_and_name","property_complex_id":"molit-apt:11650:11650-519","property_release_id":"property-eea48453a819f517","source_id":"seoul-openaptinfo"},"type":"Feature"},{"geometry":{"coordinates":[127.0113898,37.4856728],"type":"Point"},"id":"A13770610","properties":{"coordinate_status":"provider_xy_crs_unconfirmed","households":164,"kapt_code":"A13770610","name":"서초아트자이","property_aptseq_join":"unique_official_road_address_and_name","property_complex_id":"molit-apt:11650:11650-3542","property_release_id":"property-eea48453a819f517","source_id":"seoul-openaptinfo"},"type":"Feature"},{"geometry":{"coordinates":[127.012987,37.486602],"type":"Point"},"id":"A13770611","properties":{"coordinate_status":"provider_xy_crs_unconfirmed","households":462,"kapt_code":"A13770611","name":"서초이오빌","property_aptseq_join":"unique_official_road_address_and_name","property_complex_id":"molit-apt:11650:11650-521","property_release_id":"property-eea48453a819f517","source_id":"seoul-openaptinfo"},"type":"Feature"},{"geometry":{"coordinates":[126.9893021,37.4912762],"type":"Point"},"id":"A13770801","properties":{"coordinate_status":"provider_xy_crs_unconfirmed","households":163,"kapt_code":"A13770801","name":"방배한신트리플","property_aptseq_join":"not_established","source_id":"seoul-openaptinfo"},"type":"Feature"},{"geometry":{"coordinates":[126.9844578,37.4837751],"type":"Point"},"id":"A13771001","properties":{"coordinate_status":"provider_xy_crs_unconfirmed","households":744,"kapt_code":"A13771001","name":"방배롯데캐슬아르떼","property_aptseq_join":"not_established","source_id":"seoul-openaptinfo"},"type":"Feature"},{"geometry":{"coordinates":[126.9983266,37.4839116],"type":"Point"},"id":"A13771601","properties":{"coordinate_status":"provider_xy_crs_unconfirmed","households":496,"kapt_code":"A13771601","name":"방배서리풀e편한세상","property_aptseq_join":"not_established","source_id":"seoul-openaptinfo"},"type":"Feature"},{"geometry":{"coordinates":[127.0201769,37.4909929],"type":"Point"},"id":"A13772801","properties":{"coordinate_status":"provider_xy_crs_unconfirmed","households":299,"kapt_code":"A13772801","name":"서초현대아파트","property_aptseq_join":"unique_official_road_address_and_name","property_complex_id":"molit-apt:11650:11650-46","property_release_id":"property-eea48453a819f517","source_id":"seoul-openaptinfo"},"type":"Feature"},{"geometry":{"coordinates":[127.0278848,37.4939673],"type":"Point"},"id":"A13775102","properties":{"coordinate_status":"provider_xy_crs_unconfirmed","households":365,"kapt_code":"A13775102","name":"서초삼성쉐르빌2","property_aptseq_join":"not_established","source_id":"seoul-openaptinfo"},"type":"Feature"},{"geometry":{"coordinates":[127.0133366,37.5037656],"type":"Point"},"id":"A13776301","properties":{"coordinate_status":"provider_xy_crs_unconfirmed","households":1119,"kapt_code":"A13776301","name":"반포리체","property_aptseq_join":"unique_official_road_address_and_name","property_complex_id":"molit-apt:11650:11650-3617","property_release_id":"property-eea48453a819f517","source_id":"seoul-openaptinfo"},"type":"Feature"},{"geometry":{"coordinates":[126.9971987,37.5040994],"type":"Point"},"id":"A13776508","properties":{"coordinate_status":"provider_xy_crs_unconfirmed","households":237,"kapt_code":"A13776508","name":"반포푸르지오","property_aptseq_join":"unique_official_road_address_and_name","property_complex_id":"molit-apt:11650:11650-176","property_release_id":"property-eea48453a819f517","source_id":"seoul-openaptinfo"},"type":"Feature"},{"geometry":{"coordinates":[126.9997222,37.502999],"type":"Point"},"id":"A13776509","properties":{"coordinate_status":"provider_xy_crs_unconfirmed","households":2444,"kapt_code":"A13776509","name":"래미안퍼스티지","property_aptseq_join":"unique_official_road_address_and_name","property_complex_id":"molit-apt:11650:11650-3559","property_release_id":"property-eea48453a819f517","source_id":"seoul-openaptinfo"},"type":"Feature"},{"geometry":{"coordinates":[126.9968046,37.5012624],"type":"Point"},"id":"A13776510","properties":{"coordinate_status":"provider_xy_crs_unconfirmed","households":397,"kapt_code":"A13776510","name":"반포힐스테이트","property_aptseq_join":"unique_official_road_address_and_name","property_complex_id":"molit-apt:11650:11650-3687","property_release_id":"property-eea48453a819f517","source_id":"seoul-openaptinfo"},"type":"Feature"},{"geometry":{"coordinates":[127.0257879,37.4641257],"type":"Point"},"id":"A13778201","properties":{"coordinate_status":"provider_xy_crs_unconfirmed","households":409,"kapt_code":"A13778201","name":"서초네이처힐4단지","property_aptseq_join":"unique_official_road_address_and_name","property_complex_id":"molit-apt:11650:11650-3704","property_release_id":"property-eea48453a819f517","source_id":"seoul-openaptinfo"},"type":"Feature"},{"geometry":{"coordinates":[127.0242166,37.4629804],"type":"Point"},"id":"A13778202","properties":{"coordinate_status":"provider_xy_crs_unconfirmed","households":509,"kapt_code":"A13778202","name":"서초네이처힐5단지","property_aptseq_join":"not_established","source_id":"seoul-openaptinfo"},"type":"Feature"},{"geometry":{"coordinates":[127.0232665,37.4620461],"type":"Point"},"id":"A13778203","properties":{"coordinate_status":"provider_xy_crs_unconfirmed","households":275,"kapt_code":"A13778203","name":"서초네이처힐7단지","property_aptseq_join":"unique_official_road_address_and_name","property_complex_id":"molit-apt:11650:11650-3703","property_release_id":"property-eea48453a819f517","source_id":"seoul-openaptinfo"},"type":"Feature"},{"geometry":{"coordinates":[127.0181061,37.4574393],"type":"Point"},"id":"A13778204","properties":{"coordinate_status":"provider_xy_crs_unconfirmed","households":1082,"kapt_code":"A13778204","name":"서초힐스","property_aptseq_join":"unique_official_road_address_and_name","property_complex_id":"molit-apt:11650:11650-3821","property_release_id":"property-eea48453a819f517","source_id":"seoul-openaptinfo"},"type":"Feature"},{"geometry":{"coordinates":[127.0290557,37.4732183],"type":"Point"},"id":"A13778205","properties":{"coordinate_status":"provider_xy_crs_unconfirmed","households":1251,"kapt_code":"A13778205","name":"서초네이처힐3단지","property_aptseq_join":"unique_official_road_address_and_name","property_complex_id":"molit-apt:11650:11650-3864","property_release_id":"property-eea48453a819f517","source_id":"seoul-openaptinfo"},"type":"Feature"},{"geometry":{"coordinates":[127.027067601,37.4611401],"type":"Point"},"id":"A13778207","properties":{"coordinate_status":"provider_xy_crs_unconfirmed","households":382,"kapt_code":"A13778207","name":"서초네이처힐6단지","property_aptseq_join":"unique_official_road_address_and_name","property_complex_id":"molit-apt:11650:11650-3874","property_release_id":"property-eea48453a819f517","source_id":"seoul-openaptinfo"},"type":"Feature"},{"geometry":{"coordinates":[127.019460515,37.46407665],"type":"Point"},"id":"A13778208","properties":{"coordinate_status":"provider_xy_crs_unconfirmed","households":179,"kapt_code":"A13778208","name":"서초네이처힐1단지","property_aptseq_join":"unique_official_road_address_and_name","property_complex_id":"molit-apt:11650:11650-3863","property_release_id":"property-eea48453a819f517","source_id":"seoul-openaptinfo"},"type":"Feature"},{"geometry":{"coordinates":[127.023255862,37.457893479],"type":"Point"},"id":"A13778209","properties":{"coordinate_status":"provider_xy_crs_unconfirmed","households":424,"kapt_code":"A13778209","name":"호반써밋서초파크","property_aptseq_join":"unique_official_road_address_and_name","property_complex_id":"molit-apt:11650:11650-3974","property_release_id":"property-eea48453a819f517","source_id":"seoul-openaptinfo"},"type":"Feature"},{"geometry":{"coordinates":[127.0255344,37.4590171],"type":"Point"},"id":"A13778210","properties":{"coordinate_status":"provider_xy_crs_unconfirmed","households":358,"kapt_code":"A13778210","name":"호반써밋서초파크뷰","property_aptseq_join":"not_established","source_id":"seoul-openaptinfo"},"type":"Feature"},{"geometry":{"coordinates":[127.0132853,37.4564764],"type":"Point"},"id":"A13778211","properties":{"coordinate_status":"provider_xy_crs_unconfirmed","households":550,"kapt_code":"A13778211","name":"서초호반써밋","property_aptseq_join":"unique_official_road_address_and_name","property_complex_id":"molit-apt:11650:11650-3963","property_release_id":"property-eea48453a819f517","source_id":"seoul-openaptinfo"},"type":"Feature"},{"geometry":{"coordinates":[127.022174203,37.457565867],"type":"Point"},"id":"A13778212","properties":{"coordinate_status":"provider_xy_crs_unconfirmed","households":790,"kapt_code":"A13778212","name":"LH서초3단지","property_aptseq_join":"not_established","source_id":"seoul-openaptinfo"},"type":"Feature"},{"geometry":{"coordinates":[127.0242323,37.4701978],"type":"Point"},"id":"A13778306","properties":{"coordinate_status":"provider_xy_crs_unconfirmed","households":984,"kapt_code":"A13778306","name":"서울우면","property_aptseq_join":"not_established","source_id":"seoul-openaptinfo"},"type":"Feature"},{"geometry":{"coordinates":[127.0102751,37.4992014],"type":"Point"},"id":"A13780201","properties":{"coordinate_status":"provider_xy_crs_unconfirmed","households":154,"kapt_code":"A13780201","name":"엠브이아파트","property_aptseq_join":"unique_official_road_address_and_name","property_complex_id":"molit-apt:11650:11650-199","property_release_id":"property-eea48453a819f517","source_id":"seoul-openaptinfo"},"type":"Feature"},{"geometry":{"coordinates":[127.0020963,37.5003957],"type":"Point"},"id":"A13780402","properties":{"coordinate_status":"provider_xy_crs_unconfirmed","households":224,"kapt_code":"A13780402","name":"반포현대동궁","property_aptseq_join":"not_established","source_id":"seoul-openaptinfo"},"type":"Feature"},{"geometry":{"coordinates":[127.0008946,37.4991043],"type":"Point"},"id":"A13780403","properties":{"coordinate_status":"provider_xy_crs_unconfirmed","households":414,"kapt_code":"A13780403","name":"반포한신서래","property_aptseq_join":"not_established","source_id":"seoul-openaptinfo"},"type":"Feature"},{"geometry":{"coordinates":[126.9877923,37.493704],"type":"Point"},"id":"A13782601","properties":{"coordinate_status":"provider_xy_crs_unconfirmed","households":216,"kapt_code":"A13782601","name":"쌍용예가클래식","property_aptseq_join":"unique_official_road_address_and_name","property_complex_id":"molit-apt:11650:11650-265","property_release_id":"property-eea48453a819f517","source_id":"seoul-openaptinfo"},"type":"Feature"},{"geometry":{"coordinates":[126.9897344,37.4971521],"type":"Point"},"id":"A13782602","properties":{"coordinate_status":"provider_xy_crs_unconfirmed","households":481,"kapt_code":"A13782602","name":"방배신삼호","property_aptseq_join":"unique_official_road_address_and_name","property_complex_id":"molit-apt:11650:11650-323","property_release_id":"property-eea48453a819f517","source_id":"seoul-openaptinfo"},"type":"Feature"},{"geometry":{"coordinates":[126.9845182,37.4967244],"type":"Point"},"id":"A13782803","properties":{"coordinate_status":"provider_xy_crs_unconfirmed","households":337,"kapt_code":"A13782803","name":"롯데캐슬헤론","property_aptseq_join":"unique_official_road_address_and_name","property_complex_id":"molit-apt:11650:11650-3317","property_release_id":"property-eea48453a819f517","source_id":"seoul-openaptinfo"},"type":"Feature"},{"geometry":{"coordinates":[126.9868947,37.4974479],"type":"Point"},"id":"A13782804","properties":{"coordinate_status":"provider_xy_crs_unconfirmed","households":683,"kapt_code":"A13782804","name":"삼호","property_aptseq_join":"not_established","source_id":"seoul-openaptinfo"},"type":"Feature"},{"geometry":{"coordinates":[126.9892632,37.4940815],"type":"Point"},"id":"A13782902","properties":{"coordinate_status":"provider_xy_crs_unconfirmed","households":206,"kapt_code":"A13782902","name":"현대멤피스아파트","property_aptseq_join":"not_established","source_id":"seoul-openaptinfo"},"type":"Feature"},{"geometry":{"coordinates":[126.9917515,37.4943275],"type":"Point"},"id":"A13783001","properties":{"coordinate_status":"provider_xy_crs_unconfirmed","households":192,"kapt_code":"A13783001","name":"방배3차e편한세상","property_aptseq_join":"unique_official_road_address_and_name","property_complex_id":"molit-apt:11650:11650-3281","property_release_id":"property-eea48453a819f517","source_id":"seoul-openaptinfo"},"type":"Feature"},{"geometry":{"coordinates":[126.9842059,37.4860524],"type":"Point"},"id":"A13783802","properties":{"coordinate_status":"provider_xy_crs_unconfirmed","households":412,"kapt_code":"A13783802","name":"방배디오빌","property_aptseq_join":"not_established","source_id":"seoul-openaptinfo"},"type":"Feature"},{"geometry":{"coordinates":[126.9992461,37.4875435],"type":"Point"},"id":"A13784102","properties":{"coordinate_status":"provider_xy_crs_unconfirmed","households":199,"kapt_code":"A13784102","name":"방배1차이편한세상","property_aptseq_join":"not_established","source_id":"seoul-openaptinfo"},"type":"Feature"},{"geometry":{"coordinates":[126.9919326,37.4835259],"type":"Point"},"id":"A13784401","properties":{"coordinate_status":"provider_xy_crs_unconfirmed","households":161,"kapt_code":"A13784401","name":"방배브라운가","property_aptseq_join":"unique_official_road_address_and_name","property_complex_id":"molit-apt:11650:11650-569","property_release_id":"property-eea48453a819f517","source_id":"seoul-openaptinfo"},"type":"Feature"},{"geometry":{"coordinates":[127.0027232,37.4762582],"type":"Point"},"id":"A13785001","properties":{"coordinate_status":"provider_xy_crs_unconfirmed","households":316,"kapt_code":"A13785001","name":"방배임광3차","property_aptseq_join":"not_established","source_id":"seoul-openaptinfo"},"type":"Feature"},{"geometry":{"coordinates":[127.0025259,37.4770722],"type":"Point"},"id":"A13785005","properties":{"coordinate_status":"provider_xy_crs_unconfirmed","households":418,"kapt_code":"A13785005","name":"방배임광1,2차","property_aptseq_join":"not_established","source_id":"seoul-openaptinfo"},"type":"Feature"},{"geometry":{"coordinates":[127.0051216,37.4776829],"type":"Point"},"id":"A13785008","properties":{"coordinate_status":"provider_xy_crs_unconfirmed","households":588,"kapt_code":"A13785008","name":"래미안방배아트힐","property_aptseq_join":"not_established","source_id":"seoul-openaptinfo"},"type":"Feature"},{"geometry":{"coordinates":[126.9839318,37.4901591],"type":"Point"},"id":"A13785201","properties":{"coordinate_status":"provider_xy_crs_unconfirmed","households":384,"kapt_code":"A13785201","name":"방배2차현대홈타운","property_aptseq_join":"unique_official_road_address_and_name","property_complex_id":"molit-apt:11650:11650-380","property_release_id":"property-eea48453a819f517","source_id":"seoul-openaptinfo"},"type":"Feature"},{"geometry":{"coordinates":[126.9839808,37.4885417],"type":"Point"},"id":"A13785203","properties":{"coordinate_status":"provider_xy_crs_unconfirmed","households":644,"kapt_code":"A13785203","name":"방배1차현대","property_aptseq_join":"not_established","source_id":"seoul-openaptinfo"},"type":"Feature"},{"geometry":{"coordinates":[126.9844943,37.472626],"type":"Point"},"id":"A13785301","properties":{"coordinate_status":"provider_xy_crs_unconfirmed","households":303,"kapt_code":"A13785301","name":"방배래미안","property_aptseq_join":"not_established","source_id":"seoul-openaptinfo"},"type":"Feature"},{"geometry":{"coordinates":[126.9825806,37.4744136],"type":"Point"},"id":"A13785302","properties":{"coordinate_status":"provider_xy_crs_unconfirmed","households":468,"kapt_code":"A13785302","name":"방배우성","property_aptseq_join":"unique_official_road_address_and_name","property_complex_id":"molit-apt:11650:11650-331","property_release_id":"property-eea48453a819f517","source_id":"seoul-openaptinfo"},"type":"Feature"},{"geometry":{"coordinates":[127.0226759,37.4973943],"type":"Point"},"id":"A13785604","properties":{"coordinate_status":"provider_xy_crs_unconfirmed","households":615,"kapt_code":"A13785604","name":"서초진흥","property_aptseq_join":"not_established","source_id":"seoul-openaptinfo"},"type":"Feature"},{"geometry":{"coordinates":[127.0214472,37.5000161],"type":"Point"},"id":"A13785607","properties":{"coordinate_status":"provider_xy_crs_unconfirmed","households":990,"kapt_code":"A13785607","name":"롯데캐슬클래식","property_aptseq_join":"not_established","source_id":"seoul-openaptinfo"},"type":"Feature"},{"geometry":{"coordinates":[127.0266736,37.4948555],"type":"Point"},"id":"A13785705","properties":{"coordinate_status":"provider_xy_crs_unconfirmed","households":408,"kapt_code":"A13785705","name":"서초우성5차아파트","property_aptseq_join":"not_established","source_id":"seoul-openaptinfo"},"type":"Feature"},{"geometry":{"coordinates":[127.0202181,37.4848719],"type":"Point"},"id":"A13786601","properties":{"coordinate_status":"provider_xy_crs_unconfirmed","households":184,"kapt_code":"A13786601","name":"서초자이","property_aptseq_join":"unique_official_road_address_and_name","property_complex_id":"molit-apt:11650:11650-3272","property_release_id":"property-eea48453a819f517","source_id":"seoul-openaptinfo"},"type":"Feature"},{"geometry":{"coordinates":[127.0183949,37.4841221],"type":"Point"},"id":"A13786606","properties":{"coordinate_status":"provider_xy_crs_unconfirmed","households":329,"kapt_code":"A13786606","name":"서초더샵","property_aptseq_join":"not_established","source_id":"seoul-openaptinfo"},"type":"Feature"},{"geometry":{"coordinates":[127.0138848,37.4824547],"type":"Point"},"id":"A13786704","properties":{"coordinate_status":"provider_xy_crs_unconfirmed","households":194,"kapt_code":"A13786704","name":"서초한신플러스타운","property_aptseq_join":"not_established","source_id":"seoul-openaptinfo"},"type":"Feature"},{"geometry":{"coordinates":[127.0077138,37.4785869],"type":"Point"},"id":"A13786803","properties":{"coordinate_status":"provider_xy_crs_unconfirmed","households":77,"kapt_code":"A13786803","name":"서초3차e편한세상","property_aptseq_join":"unique_official_road_address_and_name","property_complex_id":"molit-apt:11650:11650-3224","property_release_id":"property-eea48453a819f517","source_id":"seoul-openaptinfo"},"type":"Feature"},{"geometry":{"coordinates":[127.0067349,37.4812021],"type":"Point"},"id":"A13786901","properties":{"coordinate_status":"provider_xy_crs_unconfirmed","households":154,"kapt_code":"A13786901","name":"서초1차e편한세상","property_aptseq_join":"unique_official_road_address_and_name","property_complex_id":"molit-apt:11650:11650-708","property_release_id":"property-eea48453a819f517","source_id":"seoul-openaptinfo"},"type":"Feature"},{"geometry":{"coordinates":[127.0090583,37.4862357],"type":"Point"},"id":"A13787102","properties":{"coordinate_status":"provider_xy_crs_unconfirmed","households":159,"kapt_code":"A13787102","name":"서초2차e편한세상","property_aptseq_join":"unique_official_road_address_and_name","property_complex_id":"molit-apt:11650:11650-774","property_release_id":"property-eea48453a819f517","source_id":"seoul-openaptinfo"},"type":"Feature"},{"geometry":{"coordinates":[127.0079656,37.487956],"type":"Point"},"id":"A13787105","properties":{"coordinate_status":"provider_xy_crs_unconfirmed","households":264,"kapt_code":"A13787105","name":"서초한빛삼성","property_aptseq_join":"unique_official_road_address_and_name","property_complex_id":"molit-apt:11650:11650-42","property_release_id":"property-eea48453a819f517","source_id":"seoul-openaptinfo"},"type":"Feature"},{"geometry":{"coordinates":[127.0199792,37.4909646],"type":"Point"},"id":"A13788002","properties":{"coordinate_status":"provider_xy_crs_unconfirmed","households":413,"kapt_code":"A13788002","name":"서초현대1,2차","property_aptseq_join":"not_established","source_id":"seoul-openaptinfo"},"type":"Feature"},{"geometry":{"coordinates":[127.0199579,37.4934608],"type":"Point"},"id":"A13788003","properties":{"coordinate_status":"provider_xy_crs_unconfirmed","households":299,"kapt_code":"A13788003","name":"서초삼성래미안","property_aptseq_join":"unique_official_road_address_and_name","property_complex_id":"molit-apt:11650:11650-24","property_release_id":"property-eea48453a819f517","source_id":"seoul-openaptinfo"},"type":"Feature"},{"geometry":{"coordinates":[127.0178518,37.5003507],"type":"Point"},"id":"A13788201","properties":{"coordinate_status":"provider_xy_crs_unconfirmed","households":160,"kapt_code":"A13788201","name":"서초현대4차","property_aptseq_join":"not_established","source_id":"seoul-openaptinfo"},"type":"Feature"},{"geometry":{"coordinates":[127.0187163,37.4964194],"type":"Point"},"id":"A13788203","properties":{"coordinate_status":"provider_xy_crs_unconfirmed","households":590,"kapt_code":"A13788203","name":"유원서초아파트","property_aptseq_join":"unique_official_road_address_and_name","property_complex_id":"molit-apt:11650:11650-62","property_release_id":"property-eea48453a819f517","source_id":"seoul-openaptinfo"},"type":"Feature"},{"geometry":{"coordinates":[127.0133305,37.4981987],"type":"Point"},"id":"A13788206","properties":{"coordinate_status":"provider_xy_crs_unconfirmed","households":757,"kapt_code":"A13788206","name":"서초아크로비스타","property_aptseq_join":"not_established","source_id":"seoul-openaptinfo"},"type":"Feature"},{"geometry":{"coordinates":[127.0188966,37.4985584],"type":"Point"},"id":"A13788208","properties":{"coordinate_status":"provider_xy_crs_unconfirmed","households":1129,"kapt_code":"A13788208","name":"서초래미안","property_aptseq_join":"unique_official_road_address_and_name","property_complex_id":"molit-apt:11650:11650-523","property_release_id":"property-eea48453a819f517","source_id":"seoul-openaptinfo"},"type":"Feature"},{"geometry":{"coordinates":[127.0413928,37.4791982],"type":"Point"},"id":"A13789002","properties":{"coordinate_status":"provider_xy_crs_unconfirmed","households":175,"kapt_code":"A13789002","name":"양재신영체르니","property_aptseq_join":"not_established","source_id":"seoul-openaptinfo"},"type":"Feature"},{"geometry":{"coordinates":[127.0290739,37.4775008],"type":"Point"},"id":"A13789201","properties":{"coordinate_status":"provider_xy_crs_unconfirmed","households":150,"kapt_code":"A13789201","name":"양재우성KBS(113동)","property_aptseq_join":"not_established","source_id":"seoul-openaptinfo"},"type":"Feature"},{"geometry":{"coordinates":[127.0246641,37.4655445],"type":"Point"},"id":"A13789203","properties":{"coordinate_status":"provider_xy_crs_unconfirmed","households":848,"kapt_code":"A13789203","name":"양재우성","property_aptseq_join":"not_established","source_id":"seoul-openaptinfo"},"type":"Feature"},{"geometry":{"coordinates":[127.0276672,37.472602],"type":"Point"},"id":"A13790002","properties":{"coordinate_status":"provider_xy_crs_unconfirmed","households":300,"kapt_code":"A13790002","name":"우면코오롱","property_aptseq_join":"not_established","source_id":"seoul-openaptinfo"},"type":"Feature"},{"geometry":{"coordinates":[127.0237739,37.4713949],"type":"Point"},"id":"A13790003","properties":{"coordinate_status":"provider_xy_crs_unconfirmed","households":330,"kapt_code":"A13790003","name":"우면동동고","property_aptseq_join":"not_established","source_id":"seoul-openaptinfo"},"type":"Feature"},{"geometry":{"coordinates":[127.0230189,37.4728411],"type":"Point"},"id":"A13790004","properties":{"coordinate_status":"provider_xy_crs_unconfirmed","households":412,"kapt_code":"A13790004","name":"우면대림","property_aptseq_join":"not_established","source_id":"seoul-openaptinfo"},"type":"Feature"},{"geometry":{"coordinates":[127.0183736,37.5113932],"type":"Point"},"id":"A13790604","properties":{"coordinate_status":"provider_xy_crs_unconfirmed","households":168,"kapt_code":"A13790604","name":"잠원동대우아이빌","property_aptseq_join":"not_established","source_id":"seoul-openaptinfo"},"type":"Feature"},{"geometry":{"coordinates":[127.0146674,37.5192202],"type":"Point"},"id":"A13790612","properties":{"coordinate_status":"provider_xy_crs_unconfirmed","households":288,"kapt_code":"A13790612","name":"잠원훼미리 아파트","property_aptseq_join":"not_established","source_id":"seoul-openaptinfo"},"type":"Feature"},{"geometry":{"coordinates":[127.0155924,37.5214482],"type":"Point"},"id":"A13790620","properties":{"coordinate_status":"provider_xy_crs_unconfirmed","households":450,"kapt_code":"A13790620","name":"한강","property_aptseq_join":"unique_official_road_address_and_name","property_complex_id":"molit-apt:11650:11650-144","property_release_id":"property-eea48453a819f517","source_id":"seoul-openaptinfo"},"type":"Feature"},{"geometry":{"coordinates":[127.0078749,37.5133709],"type":"Point"},"id":"A13790701","properties":{"coordinate_status":"provider_xy_crs_unconfirmed","households":150,"kapt_code":"A13790701","name":"잠원한신그린","property_aptseq_join":"not_established","source_id":"seoul-openaptinfo"},"type":"Feature"},{"geometry":{"coordinates":[127.0136875,37.5157083],"type":"Point"},"id":"A13790703","properties":{"coordinate_status":"provider_xy_crs_unconfirmed","households":166,"kapt_code":"A13790703","name":"잠원신화","property_aptseq_join":"not_established","source_id":"seoul-openaptinfo"},"type":"Feature"},{"geometry":{"coordinates":[127.009318,37.5135903],"type":"Point"},"id":"A13790706","properties":{"coordinate_status":"provider_xy_crs_unconfirmed","households":208,"kapt_code":"A13790706","name":"잠원한신로얄","property_aptseq_join":"not_established","source_id":"seoul-openaptinfo"},"type":"Feature"},{"geometry":{"coordinates":[127.0127219,37.518469],"type":"Point"},"id":"A13790707","properties":{"coordinate_status":"provider_xy_crs_unconfirmed","households":238,"kapt_code":"A13790707","name":"잠원현대","property_aptseq_join":"not_established","source_id":"seoul-openaptinfo"},"type":"Feature"},{"geometry":{"coordinates":[127.0101762,37.5142264],"type":"Point"},"id":"A13790709","properties":{"coordinate_status":"provider_xy_crs_unconfirmed","households":242,"kapt_code":"A13790709","name":"신반포한신19차","property_aptseq_join":"not_established","source_id":"seoul-openaptinfo"},"type":"Feature"},{"geometry":{"coordinates":[127.0084378,37.5142848],"type":"Point"},"id":"A13790713","properties":{"coordinate_status":"provider_xy_crs_unconfirmed","households":347,"kapt_code":"A13790713","name":"신반포청구","property_aptseq_join":"unique_official_road_address_and_name","property_complex_id":"molit-apt:11650:11650-141","property_release_id":"property-eea48453a819f517","source_id":"seoul-openaptinfo"},"type":"Feature"},{"geometry":{"coordinates":[127.0122486,37.5178181],"type":"Point"},"id":"A13790714","properties":{"coordinate_status":"provider_xy_crs_unconfirmed","households":360,"kapt_code":"A13790714","name":"강변아파트","property_aptseq_join":"unique_official_road_address_and_name","property_complex_id":"molit-apt:11650:11650-97","property_release_id":"property-eea48453a819f517","source_id":"seoul-openaptinfo"},"type":"Feature"},{"geometry":{"coordinates":[127.0093473,37.5148608],"type":"Point"},"id":"A13790716","properties":{"coordinate_status":"provider_xy_crs_unconfirmed","households":391,"kapt_code":"A13790716","name":"신반포 한신 25,26,27차 아파트","property_aptseq_join":"not_established","source_id":"seoul-openaptinfo"},"type":"Feature"},{"geometry":{"coordinates":[127.0096069,37.5168996],"type":"Point"},"id":"A13790717","properties":{"coordinate_status":"provider_xy_crs_unconfirmed","households":396,"kapt_code":"A13790717","name":"신반포한신16차","property_aptseq_join":"not_established","source_id":"seoul-openaptinfo"},"type":"Feature"},{"geometry":{"coordinates":[127.0079051,37.5124574],"type":"Point"},"id":"A13790721","properties":{"coordinate_status":"provider_xy_crs_unconfirmed","households":320,"kapt_code":"A13790721","name":"신반포7차","property_aptseq_join":"not_established","source_id":"seoul-openaptinfo"},"type":"Feature"},{"geometry":{"coordinates":[127.0108543,37.5159339],"type":"Point"},"id":"A13790722","properties":{"coordinate_status":"provider_xy_crs_unconfirmed","households":540,"kapt_code":"A13790722","name":"잠원한신","property_aptseq_join":"not_established","source_id":"seoul-openaptinfo"},"type":"Feature"},{"geometry":{"coordinates":[127.0140377,37.5181174],"type":"Point"},"id":"A13790726","properties":{"coordinate_status":"provider_xy_crs_unconfirmed","households":686,"kapt_code":"A13790726","name":"신반포한신5지구(12차)","property_aptseq_join":"not_established","source_id":"seoul-openaptinfo"},"type":"Feature"},{"geometry":{"coordinates":[127.0062945,37.5087416],"type":"Point"},"id":"A13790828","properties":{"coordinate_status":"provider_xy_crs_unconfirmed","households":1212,"kapt_code":"A13790828","name":"신반포4차","property_aptseq_join":"not_established","source_id":"seoul-openaptinfo"},"type":"Feature"},{"geometry":{"coordinates":[127.0067114,37.5109145],"type":"Point"},"id":"A13790902","properties":{"coordinate_status":"provider_xy_crs_unconfirmed","households":160,"kapt_code":"A13790902","name":"잠원킴스빌리지","property_aptseq_join":"not_established","source_id":"seoul-openaptinfo"},"type":"Feature"},{"geometry":{"coordinates":[127.0064117,37.5112827],"type":"Point"},"id":"A13790910","properties":{"coordinate_status":"provider_xy_crs_unconfirmed","households":250,"kapt_code":"A13790910","name":"반포한신타워","property_aptseq_join":"not_established","source_id":"seoul-openaptinfo"},"type":"Feature"},{"geometry":{"coordinates":[127.0010246,37.5092254],"type":"Point"},"id":"A13790929","properties":{"coordinate_status":"provider_xy_crs_unconfirmed","households":1572,"kapt_code":"A13790929","name":"신반포한신2차","property_aptseq_join":"not_established","source_id":"seoul-openaptinfo"},"type":"Feature"},{"geometry":{"coordinates":[127.0160708,37.4991876],"type":"Point"},"id":"A13792001","properties":{"coordinate_status":"provider_xy_crs_unconfirmed","households":2390,"kapt_code":"A13792001","name":"서초삼풍","property_aptseq_join":"not_established","source_id":"seoul-openaptinfo"},"type":"Feature"},{"geometry":{"coordinates":[127.027958,37.4868714],"type":"Point"},"id":"A13792306","properties":{"coordinate_status":"provider_xy_crs_unconfirmed","households":257,"kapt_code":"A13792306","name":"서초트라팰리스1차","property_aptseq_join":"not_established","source_id":"seoul-openaptinfo"},"type":"Feature"},{"geometry":{"coordinates":[127.1167332,37.5266148],"type":"Point"},"id":"A13804001","properties":{"coordinate_status":"provider_xy_crs_unconfirmed","households":415,"kapt_code":"A13804001","name":"풍납극동","property_aptseq_join":"not_established","source_id":"seoul-openaptinfo"},"type":"Feature"},{"geometry":{"coordinates":[127.1177196,37.527262],"type":"Point"},"id":"A13804002","properties":{"coordinate_status":"provider_xy_crs_unconfirmed","households":417,"kapt_code":"A13804002","name":"풍납쌍용","property_aptseq_join":"not_established","source_id":"seoul-openaptinfo"},"type":"Feature"},{"geometry":{"coordinates":[127.1182132,37.5396031],"type":"Point"},"id":"A13804003","properties":{"coordinate_status":"provider_xy_crs_unconfirmed","households":442,"kapt_code":"A13804003","name":"풍납시티극동","property_aptseq_join":"not_established","source_id":"seoul-openaptinfo"},"type":"Feature"},{"geometry":{"coordinates":[127.1188746,37.5293329],"type":"Point"},"id":"A13804004","properties":{"coordinate_status":"provider_xy_crs_unconfirmed","households":708,"kapt_code":"A13804004","name":"풍납현대","property_aptseq_join":"not_established","source_id":"seoul-openaptinfo"},"type":"Feature"},{"geometry":{"coordinates":[127.1123385,37.5296833],"type":"Point"},"id":"A13804206","properties":{"coordinate_status":"provider_xy_crs_unconfirmed","households":895,"kapt_code":"A13804206","name":"풍납한강극동","property_aptseq_join":"not_established","source_id":"seoul-openaptinfo"},"type":"Feature"},{"geometry":{"coordinates":[127.1241052,37.507175],"type":"Point"},"id":"A13805001","properties":{"coordinate_status":"provider_xy_crs_unconfirmed","households":480,"kapt_code":"A13805001","name":"방이대림가락","property_aptseq_join":"not_established","source_id":"seoul-openaptinfo"},"type":"Feature"},{"geometry":{"coordinates":[127.1361039,37.5179148],"type":"Point"},"id":"A13805002","properties":{"coordinate_status":"provider_xy_crs_unconfirmed","households":5540,"kapt_code":"A13805002","name":"올림픽선수기자촌아파트","property_aptseq_join":"not_established","source_id":"seoul-openaptinfo"},"type":"Feature"},{"geometry":{"coordinates":[127.1466473,37.4886075],"type":"Point"},"id":"A13811001","properties":{"coordinate_status":"provider_xy_crs_unconfirmed","households":660,"kapt_code":"A13811001","name":"거여6단지","property_aptseq_join":"not_established","source_id":"seoul-openaptinfo"},"type":"Feature"},{"geometry":{"coordinates":[127.1462382,37.4903349],"type":"Point"},"id":"A13811202","properties":{"coordinate_status":"provider_xy_crs_unconfirmed","households":478,"kapt_code":"A13811202","name":"동아효성아파트(거여2단지)","property_aptseq_join":"not_established","source_id":"seoul-openaptinfo"},"type":"Feature"},{"geometry":{"coordinates":[127.1438346,37.4892474],"type":"Point"},"id":"A13811203","properties":{"coordinate_status":"provider_xy_crs_unconfirmed","households":546,"kapt_code":"A13811203","name":"거여4단지","property_aptseq_join":"unique_official_road_address_and_name","property_complex_id":"molit-apt:11710:11710-136","property_release_id":"property-eea48453a819f517","source_id":"seoul-openaptinfo"},"type":"Feature"},{"geometry":{"coordinates":[127.1476125,37.4902013],"type":"Point"},"id":"A13811204","properties":{"coordinate_status":"provider_xy_crs_unconfirmed","households":598,"kapt_code":"A13811204","name":"거여3단지","property_aptseq_join":"not_established","source_id":"seoul-openaptinfo"},"type":"Feature"},{"geometry":{"coordinates":[127.1453223,37.4888973],"type":"Point"},"id":"A13811205","properties":{"coordinate_status":"provider_xy_crs_unconfirmed","households":605,"kapt_code":"A13811205","name":"거여5단지","property_aptseq_join":"unique_official_road_address_and_name","property_complex_id":"molit-apt:11710:11710-137","property_release_id":"property-eea48453a819f517","source_id":"seoul-openaptinfo"},"type":"Feature"},{"geometry":{"coordinates":[127.1445317,37.4909438],"type":"Point"},"id":"A13811206","properties":{"coordinate_status":"provider_xy_crs_unconfirmed","households":1004,"kapt_code":"A13811206","name":"거여1단지","property_aptseq_join":"unique_official_road_address_and_name","property_complex_id":"molit-apt:11710:11710-133","property_release_id":"property-eea48453a819f517","source_id":"seoul-openaptinfo"},"type":"Feature"},{"geometry":{"coordinates":[127.1557137,37.4930747],"type":"Point"},"id":"A13812001","properties":{"coordinate_status":"provider_xy_crs_unconfirmed","households":173,"kapt_code":"A13812001","name":"마천금호어울림2차","property_aptseq_join":"not_established","source_id":"seoul-openaptinfo"},"type":"Feature"},{"geometry":{"coordinates":[127.1533259,37.4947152],"type":"Point"},"id":"A13812002","properties":{"coordinate_status":"provider_xy_crs_unconfirmed","households":199,"kapt_code":"A13812002","name":"마천금호","property_aptseq_join":"not_established","source_id":"seoul-openaptinfo"},"type":"Feature"},{"geometry":{"coordinates":[127.1548193,37.4982315],"type":"Point"},"id":"A13812003","properties":{"coordinate_status":"provider_xy_crs_unconfirmed","households":215,"kapt_code":"A13812003","name":"금호어울림1차","property_aptseq_join":"not_established","source_id":"seoul-openaptinfo"},"type":"Feature"},{"geometry":{"coordinates":[127.1520468,37.5003286],"type":"Point"},"id":"A13812004","properties":{"coordinate_status":"provider_xy_crs_unconfirmed","households":249,"kapt_code":"A13812004","name":"마천우방","property_aptseq_join":"not_established","source_id":"seoul-openaptinfo"},"type":"Feature"},{"geometry":{"coordinates":[127.1587776,37.4957796],"type":"Point"},"id":"A13812005","properties":{"coordinate_status":"provider_xy_crs_unconfirmed","households":889,"kapt_code":"A13812005","name":"송파파크데일2단지","property_aptseq_join":"unique_official_road_address_and_name","property_complex_id":"molit-apt:11710:11710-6679","property_release_id":"property-eea48453a819f517","source_id":"seoul-openaptinfo"},"type":"Feature"},{"geometry":{"coordinates":[127.1395964,37.501501],"type":"Point"},"id":"A13813002","properties":{"coordinate_status":"provider_xy_crs_unconfirmed","households":196,"kapt_code":"A13813002","name":"오금우방","property_aptseq_join":"not_established","source_id":"seoul-openaptinfo"},"type":"Feature"},{"geometry":{"coordinates":[127.1390705,37.4964677],"type":"Point"},"id":"A13813003","properties":{"coordinate_status":"provider_xy_crs_unconfirmed","households":215,"kapt_code":"A13813003","name":"오금삼성","property_aptseq_join":"not_established","source_id":"seoul-openaptinfo"},"type":"Feature"},{"geometry":{"coordinates":[127.136295,37.4995733],"type":"Point"},"id":"A13813005","properties":{"coordinate_status":"provider_xy_crs_unconfirmed","households":264,"kapt_code":"A13813005","name":"가락우창","property_aptseq_join":"not_established","source_id":"seoul-openaptinfo"},"type":"Feature"},{"geometry":{"coordinates":[127.1292736,37.5093927],"type":"Point"},"id":"A13813006","properties":{"coordinate_status":"provider_xy_crs_unconfirmed","households":285,"kapt_code":"A13813006","name":"오금현대백조","property_aptseq_join":"not_established","source_id":"seoul-openaptinfo"},"type":"Feature"},{"geometry":{"coordinates":[127.1292057,37.5103525],"type":"Point"},"id":"A13813008","properties":{"coordinate_status":"provider_xy_crs_unconfirmed","households":749,"kapt_code":"A13813008","name":"오금대림","property_aptseq_join":"not_established","source_id":"seoul-openaptinfo"},"type":"Feature"},{"geometry":{"coordinates":[127.1257434,37.5048491],"type":"Point"},"id":"A13813010","properties":{"coordinate_status":"provider_xy_crs_unconfirmed","households":1316,"kapt_code":"A13813010","name":"오금현대아파트","property_aptseq_join":"not_established","source_id":"seoul-openaptinfo"},"type":"Feature"},{"geometry":{"coordinates":[127.1310772,37.4995774],"type":"Point"},"id":"A13816001","properties":{"coordinate_status":"provider_xy_crs_unconfirmed","households":210,"kapt_code":"A13816001","name":"가락현대5차","property_aptseq_join":"not_established","source_id":"seoul-openaptinfo"},"type":"Feature"},{"geometry":{"coordinates":[127.1162993,37.4978882],"type":"Point"},"id":"A13816002","properties":{"coordinate_status":"provider_xy_crs_unconfirmed","households":264,"kapt_code":"A13816002","name":"가락동부센트레빌","property_aptseq_join":"not_established","source_id":"seoul-openaptinfo"},"type":"Feature"},{"geometry":{"coordinates":[127.1092616,37.5004853],"type":"Point"},"id":"A13816101","properties":{"coordinate_status":"provider_xy_crs_unconfirmed","households":206,"kapt_code":"A13816101","name":"송파동부센트레빌","property_aptseq_join":"not_established","source_id":"seoul-openaptinfo"},"type":"Feature"},{"geometry":{"coordinates":[127.1326936,37.4957046],"type":"Point"},"id":"A13816202","properties":{"coordinate_status":"provider_xy_crs_unconfirmed","households":555,"kapt_code":"A13816202","name":"가락극동","property_aptseq_join":"not_established","source_id":"seoul-openaptinfo"},"type":"Feature"},{"geometry":{"coordinates":[127.1200186,37.5026839],"type":"Point"},"id":"A13817001","properties":{"coordinate_status":"provider_xy_crs_unconfirmed","households":794,"kapt_code":"A13817001","name":"래미안송파파인탑","property_aptseq_join":"unique_official_road_address_and_name","property_complex_id":"molit-apt:11710:11710-6929","property_release_id":"property-eea48453a819f517","source_id":"seoul-openaptinfo"},"type":"Feature"},{"geometry":{"coordinates":[127.1074518,37.5105889],"type":"Point"},"id":"A13817101","properties":{"coordinate_status":"provider_xy_crs_unconfirmed","households":227,"kapt_code":"A13817101","name":"송파호수임광","property_aptseq_join":"not_established","source_id":"seoul-openaptinfo"},"type":"Feature"},{"geometry":{"coordinates":[127.1046578,37.5036204],"type":"Point"},"id":"A13819001","properties":{"coordinate_status":"provider_xy_crs_unconfirmed","households":393,"kapt_code":"A13819001","name":"잠실한솔","property_aptseq_join":"unique_official_road_address_and_name","property_complex_id":"molit-apt:11710:11710-40","property_release_id":"property-eea48453a819f517","source_id":"seoul-openaptinfo"},"type":"Feature"},{"geometry":{"coordinates":[127.1332779,37.4871243],"type":"Point"},"id":"A13820001","properties":{"coordinate_status":"provider_xy_crs_unconfirmed","households":150,"kapt_code":"A13820001","name":"문정3차푸르지오","property_aptseq_join":"not_established","source_id":"seoul-openaptinfo"},"type":"Feature"},{"geometry":{"coordinates":[127.1370266,37.4924314],"type":"Point"},"id":"A13820002","properties":{"coordinate_status":"provider_xy_crs_unconfirmed","households":157,"kapt_code":"A13820002","name":"문정세양청마루","property_aptseq_join":"not_established","source_id":"seoul-openaptinfo"},"type":"Feature"},{"geometry":{"coordinates":[127.1280554,37.4913441],"type":"Point"},"id":"A13820004","properties":{"coordinate_status":"provider_xy_crs_unconfirmed","households":514,"kapt_code":"A13820004","name":"가락1차현대아파트","property_aptseq_join":"not_established","source_id":"seoul-openaptinfo"},"type":"Feature"},{"geometry":{"coordinates":[127.1256477,37.4816252],"type":"Point"},"id":"A13820005","properties":{"coordinate_status":"provider_xy_crs_unconfirmed","households":545,"kapt_code":"A13820005","name":"문정건영","property_aptseq_join":"not_established","source_id":"seoul-openaptinfo"},"type":"Feature"},{"geometry":{"coordinates":[127.130255,37.4908501],"type":"Point"},"id":"A13820006","properties":{"coordinate_status":"provider_xy_crs_unconfirmed","households":1696,"kapt_code":"A13820006","name":"문정래미안","property_aptseq_join":"unique_official_road_address_and_name","property_complex_id":"molit-apt:11710:11710-282","property_release_id":"property-eea48453a819f517","source_id":"seoul-openaptinfo"},"type":"Feature"},{"geometry":{"coordinates":[127.1354526,37.490605],"type":"Point"},"id":"A13820007","properties":{"coordinate_status":"provider_xy_crs_unconfirmed","households":1316,"kapt_code":"A13820007","name":"문정시영","property_aptseq_join":"unique_official_road_address_and_name","property_complex_id":"molit-apt:11710:11710-83","property_release_id":"property-eea48453a819f517","source_id":"seoul-openaptinfo"},"type":"Feature"},{"geometry":{"coordinates":[127.1143761,37.4885215],"type":"Point"},"id":"A13820201","properties":{"coordinate_status":"provider_xy_crs_unconfirmed","households":4494,"kapt_code":"A13820201","name":"올림픽훼밀리타운","property_aptseq_join":"unique_official_road_address_and_name","property_complex_id":"molit-apt:11710:11710-89","property_release_id":"property-eea48453a819f517","source_id":"seoul-openaptinfo"},"type":"Feature"},{"geometry":{"coordinates":[127.1296412,37.4818131],"type":"Point"},"id":"A13821001","properties":{"coordinate_status":"provider_xy_crs_unconfirmed","households":181,"kapt_code":"A13821001","name":"송파파인타운4단지","property_aptseq_join":"unique_official_road_address_and_name","property_complex_id":"molit-apt:11710:11710-6182","property_release_id":"property-eea48453a819f517","source_id":"seoul-openaptinfo"},"type":"Feature"},{"geometry":{"coordinates":[127.133178,37.4797913],"type":"Point"},"id":"A13821002","properties":{"coordinate_status":"provider_xy_crs_unconfirmed","households":333,"kapt_code":"A13821002","name":"송파파인타운11단지","property_aptseq_join":"unique_official_road_address_and_name","property_complex_id":"molit-apt:11710:11710-6029","property_release_id":"property-eea48453a819f517","source_id":"seoul-openaptinfo"},"type":"Feature"},{"geometry":{"coordinates":[127.1299462,37.4801394],"type":"Point"},"id":"A13821003","properties":{"coordinate_status":"provider_xy_crs_unconfirmed","households":455,"kapt_code":"A13821003","name":"송파파인타운5단지","property_aptseq_join":"unique_official_road_address_and_name","property_complex_id":"molit-apt:11710:11710-6276","property_release_id":"property-eea48453a819f517","source_id":"seoul-openaptinfo"},"type":"Feature"},{"geometry":{"coordinates":[127.1308268,37.4791574],"type":"Point"},"id":"A13821004","properties":{"coordinate_status":"provider_xy_crs_unconfirmed","households":537,"kapt_code":"A13821004","name":"송파파인타운7단지","property_aptseq_join":"unique_official_road_address_and_name","property_complex_id":"molit-apt:11710:11710-6126","property_release_id":"property-eea48453a819f517","source_id":"seoul-openaptinfo"},"type":"Feature"},{"geometry":{"coordinates":[127.1298646,37.4772989],"type":"Point"},"id":"A13821005","properties":{"coordinate_status":"provider_xy_crs_unconfirmed","households":545,"kapt_code":"A13821005","name":"송파파인타운10단지","property_aptseq_join":"unique_official_road_address_and_name","property_complex_id":"molit-apt:11710:11710-6030","property_release_id":"property-eea48453a819f517","source_id":"seoul-openaptinfo"},"type":"Feature"},{"geometry":{"coordinates":[127.1282926,37.4792659],"type":"Point"},"id":"A13821006","properties":{"coordinate_status":"provider_xy_crs_unconfirmed","households":700,"kapt_code":"A13821006","name":"송파파인타운8단지","property_aptseq_join":"unique_official_road_address_and_name","property_complex_id":"molit-apt:11710:11710-6317","property_release_id":"property-eea48453a819f517","source_id":"seoul-openaptinfo"},"type":"Feature"},{"geometry":{"coordinates":[127.1287418,37.4782198],"type":"Point"},"id":"A13821007","properties":{"coordinate_status":"provider_xy_crs_unconfirmed","households":796,"kapt_code":"A13821007","name":"송파파인타운9단지","property_aptseq_join":"unique_official_road_address_and_name","property_complex_id":"molit-apt:11710:11710-6125","property_release_id":"property-eea48453a819f517","source_id":"seoul-openaptinfo"},"type":"Feature"},{"geometry":{"coordinates":[127.0927735,37.5086223],"type":"Point"},"id":"A13822001","properties":{"coordinate_status":"provider_xy_crs_unconfirmed","households":2678,"kapt_code":"A13822001","name":"잠실레이크팰리스","property_aptseq_join":"not_established","source_id":"seoul-openaptinfo"},"type":"Feature"},{"geometry":{"coordinates":[127.0895562,37.5083905],"type":"Point"},"id":"A13822002","properties":{"coordinate_status":"provider_xy_crs_unconfirmed","households":3696,"kapt_code":"A13822002","name":"잠실동트리지움","property_aptseq_join":"not_established","source_id":"seoul-openaptinfo"},"type":"Feature"},{"geometry":{"coordinates":[127.088451,37.5127515],"type":"Point"},"id":"A13822003","properties":{"coordinate_status":"provider_xy_crs_unconfirmed","households":5563,"kapt_code":"A13822003","name":"잠실리센츠","property_aptseq_join":"not_established","source_id":"seoul-openaptinfo"},"type":"Feature"},{"geometry":{"coordinates":[127.088451,37.5127515],"type":"Point"},"id":"A13822004","properties":{"coordinate_status":"provider_xy_crs_unconfirmed","households":5678,"kapt_code":"A13822004","name":"잠실엘스아파트","property_aptseq_join":"unique_official_road_address_and_name","property_complex_id":"molit-apt:11710:11710-6346","property_release_id":"property-eea48453a819f517","source_id":"seoul-openaptinfo"},"type":"Feature"},{"geometry":{"coordinates":[127.0939498,37.5111075],"type":"Point"},"id":"A13822301","properties":{"coordinate_status":"provider_xy_crs_unconfirmed","households":741,"kapt_code":"A13822301","name":"갤러리아팰리스","property_aptseq_join":"unique_official_road_address_and_name","property_complex_id":"molit-apt:11710:11710-281","property_release_id":"property-eea48453a819f517","source_id":"seoul-openaptinfo"},"type":"Feature"},{"geometry":{"coordinates":[127.0767086,37.5074435],"type":"Point"},"id":"A13822701","properties":{"coordinate_status":"provider_xy_crs_unconfirmed","households":1356,"kapt_code":"A13822701","name":"잠실아시아선수촌","property_aptseq_join":"not_established","source_id":"seoul-openaptinfo"},"type":"Feature"},{"geometry":{"coordinates":[127.073165,37.5068615],"type":"Point"},"id":"A13822702","properties":{"coordinate_status":"provider_xy_crs_unconfirmed","households":1842,"kapt_code":"A13822702","name":"잠실우성1,2,3차","property_aptseq_join":"not_established","source_id":"seoul-openaptinfo"},"type":"Feature"},{"geometry":{"coordinates":[127.0829428,37.5028243],"type":"Point"},"id":"A13822902","properties":{"coordinate_status":"provider_xy_crs_unconfirmed","households":555,"kapt_code":"A13822902","name":"잠실우성4차","property_aptseq_join":"not_established","source_id":"seoul-openaptinfo"},"type":"Feature"},{"geometry":{"coordinates":[127.1044137,37.5177485],"type":"Point"},"id":"A13824001","properties":{"coordinate_status":"provider_xy_crs_unconfirmed","households":189,"kapt_code":"A13824001","name":"포스코더샵스타리버","property_aptseq_join":"not_established","source_id":"seoul-openaptinfo"},"type":"Feature"},{"geometry":{"coordinates":[127.1023024,37.5169868],"type":"Point"},"id":"A13824002","properties":{"coordinate_status":"provider_xy_crs_unconfirmed","households":213,"kapt_code":"A13824002","name":"잠실더샵스타파크","property_aptseq_join":"unique_official_road_address_and_name","property_complex_id":"molit-apt:11710:11710-6284","property_release_id":"property-eea48453a819f517","source_id":"seoul-openaptinfo"},"type":"Feature"},{"geometry":{"coordinates":[127.1043832,37.5168027],"type":"Point"},"id":"A13824003","properties":{"coordinate_status":"provider_xy_crs_unconfirmed","households":493,"kapt_code":"A13824003","name":"한신코아","property_aptseq_join":"not_established","source_id":"seoul-openaptinfo"},"type":"Feature"},{"geometry":{"coordinates":[127.0994131,37.519587],"type":"Point"},"id":"A13824005","properties":{"coordinate_status":"provider_xy_crs_unconfirmed","households":3402,"kapt_code":"A13824005","name":"신천장미1차2차","property_aptseq_join":"not_established","source_id":"seoul-openaptinfo"},"type":"Feature"},{"geometry":{"coordinates":[127.1093216,37.5212508],"type":"Point"},"id":"A13824006","properties":{"coordinate_status":"provider_xy_crs_unconfirmed","households":6864,"kapt_code":"A13824006","name":"잠실파크리오","property_aptseq_join":"not_established","source_id":"seoul-openaptinfo"},"type":"Feature"},{"geometry":{"coordinates":[127.1006125,37.5145557],"type":"Point"},"id":"A13872502","properties":{"coordinate_status":"provider_xy_crs_unconfirmed","households":400,"kapt_code":"A13872502","name":"롯데캐슬골드","property_aptseq_join":"unique_official_road_address_and_name","property_complex_id":"molit-apt:11710:11710-5589","property_release_id":"property-eea48453a819f517","source_id":"seoul-openaptinfo"},"type":"Feature"},{"geometry":{"coordinates":[127.1036042,37.5174478],"type":"Point"},"id":"A13872503","properties":{"coordinate_status":"provider_xy_crs_unconfirmed","households":523,"kapt_code":"A13872503","name":"잠실푸르지오월드마크","property_aptseq_join":"unique_official_road_address_and_name","property_complex_id":"molit-apt:11710:11710-7307","property_release_id":"property-eea48453a819f517","source_id":"seoul-openaptinfo"},"type":"Feature"},{"geometry":{"coordinates":[127.103177711,37.518212714],"type":"Point"},"id":"A13872504","properties":{"coordinate_status":"provider_xy_crs_unconfirmed","households":120,"kapt_code":"A13872504","name":"장미3차","property_aptseq_join":"not_established","source_id":"seoul-openaptinfo"},"type":"Feature"},{"geometry":{"coordinates":[127.1287745,37.5089058],"type":"Point"},"id":"A13873701","properties":{"coordinate_status":"provider_xy_crs_unconfirmed","households":153,"kapt_code":"A13873701","name":"오금현대백조(임대)","property_aptseq_join":"not_established","source_id":"seoul-openaptinfo"},"type":"Feature"},{"geometry":{"coordinates":[127.1320225,37.4802994],"type":"Point"},"id":"A13876108","properties":{"coordinate_status":"provider_xy_crs_unconfirmed","households":564,"kapt_code":"A13876108","name":"송파파인타운6단지","property_aptseq_join":"unique_official_road_address_and_name","property_complex_id":"molit-apt:11710:11710-6309","property_release_id":"property-eea48453a819f517","source_id":"seoul-openaptinfo"},"type":"Feature"},{"geometry":{"coordinates":[127.1312464,37.4839845],"type":"Point"},"id":"A13876109","properties":{"coordinate_status":"provider_xy_crs_unconfirmed","households":374,"kapt_code":"A13876109","name":"송파파인타운2단지","property_aptseq_join":"unique_official_road_address_and_name","property_complex_id":"molit-apt:11710:11710-6299","property_release_id":"property-eea48453a819f517","source_id":"seoul-openaptinfo"},"type":"Feature"},{"geometry":{"coordinates":[127.1328807,37.483645],"type":"Point"},"id":"A13876110","properties":{"coordinate_status":"provider_xy_crs_unconfirmed","households":625,"kapt_code":"A13876110","name":"송파파인타운3단지","property_aptseq_join":"unique_official_road_address_and_name","property_complex_id":"molit-apt:11710:11710-6241","property_release_id":"property-eea48453a819f517","source_id":"seoul-openaptinfo"},"type":"Feature"},{"geometry":{"coordinates":[127.1346692,37.4868275],"type":"Point"},"id":"A13876111","properties":{"coordinate_status":"provider_xy_crs_unconfirmed","households":221,"kapt_code":"A13876111","name":"송파파인타운1단지","property_aptseq_join":"unique_official_road_address_and_name","property_complex_id":"molit-apt:11710:11710-6486","property_release_id":"property-eea48453a819f517","source_id":"seoul-openaptinfo"},"type":"Feature"},{"geometry":{"coordinates":[127.1291789,37.4768967],"type":"Point"},"id":"A13876112","properties":{"coordinate_status":"provider_xy_crs_unconfirmed","households":197,"kapt_code":"A13876112","name":"송파파인타운13단지","property_aptseq_join":"unique_official_road_address_and_name","property_complex_id":"molit-apt:11710:11710-6678","property_release_id":"property-eea48453a819f517","source_id":"seoul-openaptinfo"},"type":"Feature"},{"geometry":{"coordinates":[127.1398596,37.4793709],"type":"Point"},"id":"A13876113","properties":{"coordinate_status":"provider_xy_crs_unconfirmed","households":1139,"kapt_code":"A13876113","name":"송파더센트레아파트","property_aptseq_join":"unique_official_road_address_and_name","property_complex_id":"molit-apt:11710:11710-7430","property_release_id":"property-eea48453a819f517","source_id":"seoul-openaptinfo"},"type":"Feature"},{"geometry":{"coordinates":[127.1393766,37.4762215],"type":"Point"},"id":"A13876114","properties":{"coordinate_status":"provider_xy_crs_unconfirmed","households":1810,"kapt_code":"A13876114","name":"송파꿈에그린아파트","property_aptseq_join":"not_established","source_id":"seoul-openaptinfo"},"type":"Feature"},{"geometry":{"coordinates":[127.1182753,37.5047161],"type":"Point"},"id":"A13877501","properties":{"coordinate_status":"provider_xy_crs_unconfirmed","households":845,"kapt_code":"A13877501","name":"송파삼성래미안","property_aptseq_join":"unique_official_road_address_and_name","property_complex_id":"molit-apt:11710:11710-26","property_release_id":"property-eea48453a819f517","source_id":"seoul-openaptinfo"},"type":"Feature"},{"geometry":{"coordinates":[127.093004,37.5143691],"type":"Point"},"id":"A13879102","properties":{"coordinate_status":"provider_xy_crs_unconfirmed","households":3930,"kapt_code":"A13879102","name":"잠실5단지아파트","property_aptseq_join":"not_established","source_id":"seoul-openaptinfo"},"type":"Feature"},{"geometry":{"coordinates":[127.1226538,37.5014471],"type":"Point"},"id":"A13880105","properties":{"coordinate_status":"provider_xy_crs_unconfirmed","households":492,"kapt_code":"A13880105","name":"가락2차쌍용아파트","property_aptseq_join":"not_established","source_id":"seoul-openaptinfo"},"type":"Feature"},{"geometry":{"coordinates":[127.1226268,37.4972327],"type":"Point"},"id":"A13880201","properties":{"coordinate_status":"provider_xy_crs_unconfirmed","households":160,"kapt_code":"A13880201","name":"가락현대6차","property_aptseq_join":"not_established","source_id":"seoul-openaptinfo"},"type":"Feature"},{"geometry":{"coordinates":[127.1188815,37.499639],"type":"Point"},"id":"A13880204","properties":{"coordinate_status":"provider_xy_crs_unconfirmed","households":443,"kapt_code":"A13880204","name":"가락대림아파트","property_aptseq_join":"not_established","source_id":"seoul-openaptinfo"},"type":"Feature"},{"geometry":{"coordinates":[127.1175983,37.4971891],"type":"Point"},"id":"A13880406","properties":{"coordinate_status":"provider_xy_crs_unconfirmed","households":839,"kapt_code":"A13880406","name":"가락우성1차","property_aptseq_join":"not_established","source_id":"seoul-openaptinfo"},"type":"Feature"},{"geometry":{"coordinates":[127.1163709,37.4963581],"type":"Point"},"id":"A13880407","properties":{"coordinate_status":"provider_xy_crs_unconfirmed","households":915,"kapt_code":"A13880407","name":"가락금호","property_aptseq_join":"unique_official_road_address_and_name","property_complex_id":"molit-apt:11710:11710-49","property_release_id":"property-eea48453a819f517","source_id":"seoul-openaptinfo"},"type":"Feature"},{"geometry":{"coordinates":[127.1255185,37.4918819],"type":"Point"},"id":"A13880602","properties":{"coordinate_status":"provider_xy_crs_unconfirmed","households":162,"kapt_code":"A13880602","name":"가락우성2차아파트","property_aptseq_join":"not_established","source_id":"seoul-openaptinfo"},"type":"Feature"},{"geometry":{"coordinates":[127.1217367,37.489685],"type":"Point"},"id":"A13880603","properties":{"coordinate_status":"provider_xy_crs_unconfirmed","households":256,"kapt_code":"A13880603","name":"가락한신","property_aptseq_join":"not_established","source_id":"seoul-openaptinfo"},"type":"Feature"},{"geometry":{"coordinates":[127.1285974,37.4937996],"type":"Point"},"id":"A13880701","properties":{"coordinate_status":"provider_xy_crs_unconfirmed","households":435,"kapt_code":"A13880701","name":"가락미륭아파트","property_aptseq_join":"unique_official_road_address_and_name","property_complex_id":"molit-apt:11710:11710-53","property_release_id":"property-eea48453a819f517","source_id":"seoul-openaptinfo"},"type":"Feature"},{"geometry":{"coordinates":[127.1285511,37.4954185],"type":"Point"},"id":"A13880806","properties":{"coordinate_status":"provider_xy_crs_unconfirmed","households":2064,"kapt_code":"A13880806","name":"가락쌍용1차","property_aptseq_join":"not_established","source_id":"seoul-openaptinfo"},"type":"Feature"},{"geometry":{"coordinates":[127.1321113,37.4981982],"type":"Point"},"id":"A13881005","properties":{"coordinate_status":"provider_xy_crs_unconfirmed","households":919,"kapt_code":"A13881005","name":"가락래미안파크팰리스","property_aptseq_join":"not_established","source_id":"seoul-openaptinfo"},"type":"Feature"},{"geometry":{"coordinates":[127.1367851,37.4953676],"type":"Point"},"id":"A13881103","properties":{"coordinate_status":"provider_xy_crs_unconfirmed","households":648,"kapt_code":"A13881103","name":"삼환가락","property_aptseq_join":"not_established","source_id":"seoul-openaptinfo"},"type":"Feature"},{"geometry":{"coordinates":[127.1449982,37.4968972],"type":"Point"},"id":"A13881302","properties":{"coordinate_status":"provider_xy_crs_unconfirmed","households":303,"kapt_code":"A13881302","name":"거여현대3차","property_aptseq_join":"not_established","source_id":"seoul-openaptinfo"},"type":"Feature"},{"geometry":{"coordinates":[127.1464076,37.4946337],"type":"Point"},"id":"A13881401","properties":{"coordinate_status":"provider_xy_crs_unconfirmed","households":280,"kapt_code":"A13881401","name":"거여현대2차","property_aptseq_join":"not_established","source_id":"seoul-openaptinfo"},"type":"Feature"},{"geometry":{"coordinates":[127.1422374,37.492644],"type":"Point"},"id":"A13881601","properties":{"coordinate_status":"provider_xy_crs_unconfirmed","households":257,"kapt_code":"A13881601","name":"거여우방","property_aptseq_join":"not_established","source_id":"seoul-openaptinfo"},"type":"Feature"},{"geometry":{"coordinates":[127.1406364,37.4931374],"type":"Point"},"id":"A13881603","properties":{"coordinate_status":"provider_xy_crs_unconfirmed","households":497,"kapt_code":"A13881603","name":"거여현대1차","property_aptseq_join":"not_established","source_id":"seoul-openaptinfo"},"type":"Feature"},{"geometry":{"coordinates":[127.1592193,37.4988304],"type":"Point"},"id":"A13881701","properties":{"coordinate_status":"provider_xy_crs_unconfirmed","households":812,"kapt_code":"A13881701","name":"송파파크데일1단지","property_aptseq_join":"unique_official_road_address_and_name","property_complex_id":"molit-apt:11710:11710-6680","property_release_id":"property-eea48453a819f517","source_id":"seoul-openaptinfo"},"type":"Feature"},{"geometry":{"coordinates":[127.1270852,37.4867371],"type":"Point"},"id":"A13882401","properties":{"coordinate_status":"provider_xy_crs_unconfirmed","households":165,"kapt_code":"A13882401","name":"문정푸르지오2차","property_aptseq_join":"not_established","source_id":"seoul-openaptinfo"},"type":"Feature"},{"geometry":{"coordinates":[127.1281123,37.4868865],"type":"Point"},"id":"A13882402","properties":{"coordinate_status":"provider_xy_crs_unconfirmed","households":233,"kapt_code":"A13882402","name":"문정푸르지오1차","property_aptseq_join":"not_established","source_id":"seoul-openaptinfo"},"type":"Feature"},{"geometry":{"coordinates":[127.1220009,37.506177],"type":"Point"},"id":"A13883601","properties":{"coordinate_status":"provider_xy_crs_unconfirmed","households":252,"kapt_code":"A13883601","name":"잠실한양3차","property_aptseq_join":"not_established","source_id":"seoul-openaptinfo"},"type":"Feature"},{"geometry":{"coordinates":[127.1226227,37.5090693],"type":"Point"},"id":"A13883602","properties":{"coordinate_status":"provider_xy_crs_unconfirmed","households":758,"kapt_code":"A13883602","name":"방이코오롱","property_aptseq_join":"not_established","source_id":"seoul-openaptinfo"},"type":"Feature"},{"geometry":{"coordinates":[127.1150497,37.5058734],"type":"Point"},"id":"A13885102","properties":{"coordinate_status":"provider_xy_crs_unconfirmed","households":576,"kapt_code":"A13885102","name":"한양아파트","property_aptseq_join":"unique_official_road_address_and_name","property_complex_id":"molit-apt:11710:11710-30","property_release_id":"property-eea48453a819f517","source_id":"seoul-openaptinfo"},"type":"Feature"},{"geometry":{"coordinates":[127.1178187,37.5034908],"type":"Point"},"id":"A13885301","properties":{"coordinate_status":"provider_xy_crs_unconfirmed","households":243,"kapt_code":"A13885301","name":"송파현대1차","property_aptseq_join":"not_established","source_id":"seoul-openaptinfo"},"type":"Feature"},{"geometry":{"coordinates":[127.1192987,37.5060284],"type":"Point"},"id":"A13885303","properties":{"coordinate_status":"provider_xy_crs_unconfirmed","households":378,"kapt_code":"A13885303","name":"송파미성","property_aptseq_join":"not_established","source_id":"seoul-openaptinfo"},"type":"Feature"},{"geometry":{"coordinates":[127.1161969,37.5050983],"type":"Point"},"id":"A13885304","properties":{"coordinate_status":"provider_xy_crs_unconfirmed","households":744,"kapt_code":"A13885304","name":"송파한양2차","property_aptseq_join":"not_established","source_id":"seoul-openaptinfo"},"type":"Feature"},{"geometry":{"coordinates":[127.1213172,37.5042198],"type":"Point"},"id":"A13885306","properties":{"coordinate_status":"provider_xy_crs_unconfirmed","households":936,"kapt_code":"A13885306","name":"가락삼익맨숀","property_aptseq_join":"unique_official_road_address_and_name","property_complex_id":"molit-apt:11710:11710-27","property_release_id":"property-eea48453a819f517","source_id":"seoul-openaptinfo"},"type":"Feature"},{"geometry":{"coordinates":[127.136586,37.4981134],"type":"Point"},"id":"A13886009","properties":{"coordinate_status":"provider_xy_crs_unconfirmed","households":750,"kapt_code":"A13886009","name":"상아2차아파트","property_aptseq_join":"unique_official_road_address_and_name","property_complex_id":"molit-apt:11710:11710-124","property_release_id":"property-eea48453a819f517","source_id":"seoul-openaptinfo"},"type":"Feature"},{"geometry":{"coordinates":[127.0853196,37.503992],"type":"Point"},"id":"A13886701","properties":{"coordinate_status":"provider_xy_crs_unconfirmed","households":336,"kapt_code":"A13886701","name":"잠실현대","property_aptseq_join":"not_established","source_id":"seoul-openaptinfo"},"type":"Feature"},{"geometry":{"coordinates":[127.1166573,37.5384921],"type":"Point"},"id":"A13887301","properties":{"coordinate_status":"provider_xy_crs_unconfirmed","households":236,"kapt_code":"A13887301","name":"풍납신성노바빌","property_aptseq_join":"not_established","source_id":"seoul-openaptinfo"},"type":"Feature"},{"geometry":{"coordinates":[127.1153829,37.5377775],"type":"Point"},"id":"A13887302","properties":{"coordinate_status":"provider_xy_crs_unconfirmed","households":782,"kapt_code":"A13887302","name":"풍납동아한가람","property_aptseq_join":"not_established","source_id":"seoul-openaptinfo"},"type":"Feature"},{"geometry":{"coordinates":[127.1168432,37.5321466],"type":"Point"},"id":"A13887403","properties":{"coordinate_status":"provider_xy_crs_unconfirmed","households":384,"kapt_code":"A13887403","name":"현대리버빌2차아파트","property_aptseq_join":"not_established","source_id":"seoul-openaptinfo"},"type":"Feature"},{"geometry":{"coordinates":[127.1153105,37.5307592],"type":"Point"},"id":"A13887405","properties":{"coordinate_status":"provider_xy_crs_unconfirmed","households":557,"kapt_code":"A13887405","name":"풍납 현대리버빌1차","property_aptseq_join":"not_established","source_id":"seoul-openaptinfo"},"type":"Feature"},{"geometry":{"coordinates":[127.1137637,37.5341924],"type":"Point"},"id":"A13887702","properties":{"coordinate_status":"provider_xy_crs_unconfirmed","households":275,"kapt_code":"A13887702","name":"풍납미성","property_aptseq_join":"not_established","source_id":"seoul-openaptinfo"},"type":"Feature"},{"geometry":{"coordinates":[127.1184957,37.5311152],"type":"Point"},"id":"A13887901","properties":{"coordinate_status":"provider_xy_crs_unconfirmed","households":166,"kapt_code":"A13887901","name":"송파현대힐스테이트","property_aptseq_join":"unique_official_road_address_and_name","property_complex_id":"molit-apt:11710:11710-5745","property_release_id":"property-eea48453a819f517","source_id":"seoul-openaptinfo"},"type":"Feature"},{"geometry":{"coordinates":[127.1204414,37.4950598],"type":"Point"},"id":"A13895501","properties":{"coordinate_status":"provider_xy_crs_unconfirmed","households":324,"kapt_code":"A13895501","name":"송파성원상떼빌","property_aptseq_join":"not_established","source_id":"seoul-openaptinfo"},"type":"Feature"},{"geometry":{"coordinates":[127.1227554,37.4981161],"type":"Point"},"id":"A13895502","properties":{"coordinate_status":"provider_xy_crs_unconfirmed","households":206,"kapt_code":"A13895502","name":"가락3차쌍용스윗닷홈(1~4동)","property_aptseq_join":"not_established","source_id":"seoul-openaptinfo"},"type":"Feature"},{"geometry":{"coordinates":[127.1219307,37.4948246],"type":"Point"},"id":"A13895503","properties":{"coordinate_status":"provider_xy_crs_unconfirmed","households":160,"kapt_code":"A13895503","name":"한화오벨리스크","property_aptseq_join":"unique_official_road_address_and_name","property_complex_id":"molit-apt:11710:11710-250","property_release_id":"property-eea48453a819f517","source_id":"seoul-openaptinfo"},"type":"Feature"},{"geometry":{"coordinates":[127.0656375,37.6166071],"type":"Point"},"id":"A13905003","properties":{"coordinate_status":"provider_xy_crs_unconfirmed","households":484,"kapt_code":"A13905003","name":"월계풍림아이원","property_aptseq_join":"not_established","source_id":"seoul-openaptinfo"},"type":"Feature"},{"geometry":{"coordinates":[127.0615753,37.6219737],"type":"Point"},"id":"A13905101","properties":{"coordinate_status":"provider_xy_crs_unconfirmed","households":190,"kapt_code":"A13905101","name":"월계한일1차","property_aptseq_join":"not_established","source_id":"seoul-openaptinfo"},"type":"Feature"},{"geometry":{"coordinates":[127.0607338,37.6218311],"type":"Point"},"id":"A13905102","properties":{"coordinate_status":"provider_xy_crs_unconfirmed","households":258,"kapt_code":"A13905102","name":"월계대동","property_aptseq_join":"not_established","source_id":"seoul-openaptinfo"},"type":"Feature"},{"geometry":{"coordinates":[127.0625936,37.6185533],"type":"Point"},"id":"A13905105","properties":{"coordinate_status":"provider_xy_crs_unconfirmed","households":1281,"kapt_code":"A13905105","name":"월계동현대","property_aptseq_join":"not_established","source_id":"seoul-openaptinfo"},"type":"Feature"},{"geometry":{"coordinates":[127.0439797,37.6316871],"type":"Point"},"id":"A13905202","properties":{"coordinate_status":"provider_xy_crs_unconfirmed","households":233,"kapt_code":"A13905202","name":"월계흥화브라운빌","property_aptseq_join":"unique_official_road_address_and_name","property_complex_id":"molit-apt:11350:11350-224","property_release_id":"property-eea48453a819f517","source_id":"seoul-openaptinfo"},"type":"Feature"},{"geometry":{"coordinates":[127.0443052,37.6329918],"type":"Point"},"id":"A13905204","properties":{"coordinate_status":"provider_xy_crs_unconfirmed","households":410,"kapt_code":"A13905204","name":"월계6-1초안","property_aptseq_join":"not_established","source_id":"seoul-openaptinfo"},"type":"Feature"},{"geometry":{"coordinates":[127.0429362,37.6313268],"type":"Point"},"id":"A13905208","properties":{"coordinate_status":"provider_xy_crs_unconfirmed","households":571,"kapt_code":"A13905208","name":"월계6-2초안","property_aptseq_join":"not_established","source_id":"seoul-openaptinfo"},"type":"Feature"},{"geometry":{"coordinates":[127.0654107,37.6228503],"type":"Point"},"id":"A13905301","properties":{"coordinate_status":"provider_xy_crs_unconfirmed","households":274,"kapt_code":"A13905301","name":"월계서광","property_aptseq_join":"not_established","source_id":"seoul-openaptinfo"},"type":"Feature"},{"geometry":{"coordinates":[127.0630305,37.6297676],"type":"Point"},"id":"A13905302","properties":{"coordinate_status":"provider_xy_crs_unconfirmed","households":713,"kapt_code":"A13905302","name":"성원(사슴4)","property_aptseq_join":"unique_official_road_address_and_name","property_complex_id":"molit-apt:11350:11350-146","property_release_id":"property-eea48453a819f517","source_id":"seoul-openaptinfo"},"type":"Feature"},{"geometry":{"coordinates":[127.0568379,37.6719833],"type":"Point"},"id":"A13920001","properties":{"coordinate_status":"provider_xy_crs_unconfirmed","households":274,"kapt_code":"A13920001","name":"상계우방","property_aptseq_join":"not_established","source_id":"seoul-openaptinfo"},"type":"Feature"},{"geometry":{"coordinates":[127.0599531,37.6753305],"type":"Point"},"id":"A13920102","properties":{"coordinate_status":"provider_xy_crs_unconfirmed","households":216,"kapt_code":"A13920102","name":"상계수락현대","property_aptseq_join":"not_established","source_id":"seoul-openaptinfo"},"type":"Feature"},{"geometry":{"coordinates":[127.0561567,37.6745959],"type":"Point"},"id":"A13920104","properties":{"coordinate_status":"provider_xy_crs_unconfirmed","households":275,"kapt_code":"A13920104","name":"우림루미아트1.2단지","property_aptseq_join":"not_established","source_id":"seoul-openaptinfo"},"type":"Feature"},{"geometry":{"coordinates":[127.0602025,37.673639],"type":"Point"},"id":"A13920105","properties":{"coordinate_status":"provider_xy_crs_unconfirmed","households":290,"kapt_code":"A13920105","name":"상계수락한신","property_aptseq_join":"not_established","source_id":"seoul-openaptinfo"},"type":"Feature"},{"geometry":{"coordinates":[127.057784,37.6771802],"type":"Point"},"id":"A13920106","properties":{"coordinate_status":"provider_xy_crs_unconfirmed","households":299,"kapt_code":"A13920106","name":"상계극동늘푸른","property_aptseq_join":"not_established","source_id":"seoul-openaptinfo"},"type":"Feature"},{"geometry":{"coordinates":[127.0699176,37.6526723],"type":"Point"},"id":"A13920202","properties":{"coordinate_status":"provider_xy_crs_unconfirmed","households":215,"kapt_code":"A13920202","name":"상계코오롱","property_aptseq_join":"not_established","source_id":"seoul-openaptinfo"},"type":"Feature"},{"geometry":{"coordinates":[127.071075,37.6541825],"type":"Point"},"id":"A13920205","properties":{"coordinate_status":"provider_xy_crs_unconfirmed","households":305,"kapt_code":"A13920205","name":"상계한일유엔아이","property_aptseq_join":"not_established","source_id":"seoul-openaptinfo"},"type":"Feature"},{"geometry":{"coordinates":[127.0689101,37.6537485],"type":"Point"},"id":"A13920207","properties":{"coordinate_status":"provider_xy_crs_unconfirmed","households":437,"kapt_code":"A13920207","name":"상계1차중앙하이츠","property_aptseq_join":"unique_official_road_address_and_name","property_complex_id":"molit-apt:11350:11350-15","property_release_id":"property-eea48453a819f517","source_id":"seoul-openaptinfo"},"type":"Feature"},{"geometry":{"coordinates":[127.068317,37.6549666],"type":"Point"},"id":"A13920209","properties":{"coordinate_status":"provider_xy_crs_unconfirmed","households":795,"kapt_code":"A13920209","name":"상계중앙하이츠2차","property_aptseq_join":"not_established","source_id":"seoul-openaptinfo"},"type":"Feature"},{"geometry":{"coordinates":[127.0688307,37.6672856],"type":"Point"},"id":"A13920501","properties":{"coordinate_status":"provider_xy_crs_unconfirmed","households":230,"kapt_code":"A13920501","name":"상계금호타운","property_aptseq_join":"not_established","source_id":"seoul-openaptinfo"},"type":"Feature"},{"geometry":{"coordinates":[127.072822,37.6614862],"type":"Point"},"id":"A13920506","properties":{"coordinate_status":"provider_xy_crs_unconfirmed","households":1590,"kapt_code":"A13920506","name":"상계벽산","property_aptseq_join":"not_established","source_id":"seoul-openaptinfo"},"type":"Feature"},{"geometry":{"coordinates":[127.0639994,37.6526752],"type":"Point"},"id":"A13920703","properties":{"coordinate_status":"provider_xy_crs_unconfirmed","households":840,"kapt_code":"A13920703","name":"상계주공5단지","property_aptseq_join":"not_established","source_id":"seoul-openaptinfo"},"type":"Feature"},{"geometry":{"coordinates":[127.0634916,37.6504505],"type":"Point"},"id":"A13920706","properties":{"coordinate_status":"provider_xy_crs_unconfirmed","households":2136,"kapt_code":"A13920706","name":"상계주공4단지","property_aptseq_join":"not_established","source_id":"seoul-openaptinfo"},"type":"Feature"},{"geometry":{"coordinates":[127.0630823,37.6534408],"type":"Point"},"id":"A13920707","properties":{"coordinate_status":"provider_xy_crs_unconfirmed","households":2646,"kapt_code":"A13920707","name":"상계주공6단지","property_aptseq_join":"not_established","source_id":"seoul-openaptinfo"},"type":"Feature"},{"geometry":{"coordinates":[127.055611,37.6683012],"type":"Point"},"id":"A13920802","properties":{"coordinate_status":"provider_xy_crs_unconfirmed","households":2100,"kapt_code":"A13920802","name":"상계주공15단지","property_aptseq_join":"not_established","source_id":"seoul-openaptinfo"},"type":"Feature"},{"geometry":{"coordinates":[127.0553293,37.6687238],"type":"Point"},"id":"A13920803","properties":{"coordinate_status":"provider_xy_crs_unconfirmed","households":2392,"kapt_code":"A13920803","name":"상계주공16단지","property_aptseq_join":"not_established","source_id":"seoul-openaptinfo"},"type":"Feature"},{"geometry":{"coordinates":[127.0538808,37.6634281],"type":"Point"},"id":"A13920804","properties":{"coordinate_status":"provider_xy_crs_unconfirmed","households":2654,"kapt_code":"A13920804","name":"상계주공10단지","property_aptseq_join":"not_established","source_id":"seoul-openaptinfo"},"type":"Feature"},{"geometry":{"coordinates":[127.059948,37.662167],"type":"Point"},"id":"A13921005","properties":{"coordinate_status":"provider_xy_crs_unconfirmed","households":2830,"kapt_code":"A13921005","name":"상계주공9단지","property_aptseq_join":"not_established","source_id":"seoul-openaptinfo"},"type":"Feature"},{"geometry":{"coordinates":[127.0797206,37.6608487],"type":"Point"},"id":"A13922001","properties":{"coordinate_status":"provider_xy_crs_unconfirmed","households":180,"kapt_code":"A13922001","name":"중계청암3단지","property_aptseq_join":"not_established","source_id":"seoul-openaptinfo"},"type":"Feature"},{"geometry":{"coordinates":[127.0820882,37.6486779],"type":"Point"},"id":"A13922002","properties":{"coordinate_status":"provider_xy_crs_unconfirmed","households":192,"kapt_code":"A13922002","name":"중계진로유통조합아파트(중계진로대림아파트)","property_aptseq_join":"not_established","source_id":"seoul-openaptinfo"},"type":"Feature"},{"geometry":{"coordinates":[127.0742258,37.6592065],"type":"Point"},"id":"A13922003","properties":{"coordinate_status":"provider_xy_crs_unconfirmed","households":283,"kapt_code":"A13922003","name":"중계한화꿈에그린더퍼스트","property_aptseq_join":"not_established","source_id":"seoul-openaptinfo"},"type":"Feature"},{"geometry":{"coordinates":[127.071975,37.6513154],"type":"Point"},"id":"A13922102","properties":{"coordinate_status":"provider_xy_crs_unconfirmed","households":250,"kapt_code":"A13922102","name":"중계신안","property_aptseq_join":"not_established","source_id":"seoul-openaptinfo"},"type":"Feature"},{"geometry":{"coordinates":[127.0735683,37.654292],"type":"Point"},"id":"A13922103","properties":{"coordinate_status":"provider_xy_crs_unconfirmed","households":259,"kapt_code":"A13922103","name":"중계3벽산","property_aptseq_join":"unique_official_road_address_and_name","property_complex_id":"molit-apt:11350:11350-118","property_release_id":"property-eea48453a819f517","source_id":"seoul-openaptinfo"},"type":"Feature"},{"geometry":{"coordinates":[127.072843,37.6547418],"type":"Point"},"id":"A13922105","properties":{"coordinate_status":"provider_xy_crs_unconfirmed","households":331,"kapt_code":"A13922105","name":"중계양지대림2-2임대","property_aptseq_join":"not_established","source_id":"seoul-openaptinfo"},"type":"Feature"},{"geometry":{"coordinates":[127.0709907,37.6514028],"type":"Point"},"id":"A13922108","properties":{"coordinate_status":"provider_xy_crs_unconfirmed","households":508,"kapt_code":"A13922108","name":"중계양지대림1차","property_aptseq_join":"not_established","source_id":"seoul-openaptinfo"},"type":"Feature"},{"geometry":{"coordinates":[127.0725116,37.6537351],"type":"Point"},"id":"A13922110","properties":{"coordinate_status":"provider_xy_crs_unconfirmed","households":652,"kapt_code":"A13922110","name":"중계양지대림2차","property_aptseq_join":"not_established","source_id":"seoul-openaptinfo"},"type":"Feature"},{"geometry":{"coordinates":[127.0753469,37.6463243],"type":"Point"},"id":"A13922111","properties":{"coordinate_status":"provider_xy_crs_unconfirmed","households":696,"kapt_code":"A13922111","name":"중계주공8단지","property_aptseq_join":"not_established","source_id":"seoul-openaptinfo"},"type":"Feature"},{"geometry":{"coordinates":[127.0766362,37.6532581],"type":"Point"},"id":"A13922114","properties":{"coordinate_status":"provider_xy_crs_unconfirmed","households":2328,"kapt_code":"A13922114","name":"중계주공5단지","property_aptseq_join":"not_established","source_id":"seoul-openaptinfo"},"type":"Feature"},{"geometry":{"coordinates":[127.0767728,37.6557402],"type":"Point"},"id":"A13922406","properties":{"coordinate_status":"provider_xy_crs_unconfirmed","households":690,"kapt_code":"A13922406","name":"중계주공4단지","property_aptseq_join":"not_established","source_id":"seoul-openaptinfo"},"type":"Feature"},{"geometry":{"coordinates":[127.0849795,37.6486998],"type":"Point"},"id":"A13922901","properties":{"coordinate_status":"provider_xy_crs_unconfirmed","households":211,"kapt_code":"A13922901","name":"중계현대1차","property_aptseq_join":"not_established","source_id":"seoul-openaptinfo"},"type":"Feature"},{"geometry":{"coordinates":[127.0772878,37.6472272],"type":"Point"},"id":"A13922903","properties":{"coordinate_status":"provider_xy_crs_unconfirmed","households":400,"kapt_code":"A13922903","name":"중계대림벽산","property_aptseq_join":"not_established","source_id":"seoul-openaptinfo"},"type":"Feature"},{"geometry":{"coordinates":[127.081287,37.6470308],"type":"Point"},"id":"A13922904","properties":{"coordinate_status":"provider_xy_crs_unconfirmed","households":424,"kapt_code":"A13922904","name":"중계금호","property_aptseq_join":"not_established","source_id":"seoul-openaptinfo"},"type":"Feature"},{"geometry":{"coordinates":[127.0828152,37.6474408],"type":"Point"},"id":"A13922905","properties":{"coordinate_status":"provider_xy_crs_unconfirmed","households":448,"kapt_code":"A13922905","name":"중계한화꿈에그린","property_aptseq_join":"not_established","source_id":"seoul-openaptinfo"},"type":"Feature"},{"geometry":{"coordinates":[127.0782043,37.6497726],"type":"Point"},"id":"A13922907","properties":{"coordinate_status":"provider_xy_crs_unconfirmed","households":468,"kapt_code":"A13922907","name":"동진신안","property_aptseq_join":"unique_official_road_address_and_name","property_complex_id":"molit-apt:11350:11350-105","property_release_id":"property-eea48453a819f517","source_id":"seoul-openaptinfo"},"type":"Feature"},{"geometry":{"coordinates":[127.0827049,37.6491475],"type":"Point"},"id":"A13922908","properties":{"coordinate_status":"provider_xy_crs_unconfirmed","households":478,"kapt_code":"A13922908","name":"중계삼성","property_aptseq_join":"not_established","source_id":"seoul-openaptinfo"},"type":"Feature"},{"geometry":{"coordinates":[127.0783625,37.6486487],"type":"Point"},"id":"A13922909","properties":{"coordinate_status":"provider_xy_crs_unconfirmed","households":600,"kapt_code":"A13922909","name":"중계주공6단지","property_aptseq_join":"not_established","source_id":"seoul-openaptinfo"},"type":"Feature"},{"geometry":{"coordinates":[127.0796775,37.6471024],"type":"Point"},"id":"A13922910","properties":{"coordinate_status":"provider_xy_crs_unconfirmed","households":630,"kapt_code":"A13922910","name":"중계주공7단지","property_aptseq_join":"not_established","source_id":"seoul-openaptinfo"},"type":"Feature"},{"geometry":{"coordinates":[127.069688315,37.640398746],"type":"Point"},"id":"A13923001","properties":{"coordinate_status":"provider_xy_crs_unconfirmed","households":160,"kapt_code":"A13923001","name":"중계한신코아","property_aptseq_join":"not_established","source_id":"seoul-openaptinfo"},"type":"Feature"},{"geometry":{"coordinates":[127.0772526,37.6375037],"type":"Point"},"id":"A13923102","properties":{"coordinate_status":"provider_xy_crs_unconfirmed","households":288,"kapt_code":"A13923102","name":"하계우방","property_aptseq_join":"not_established","source_id":"seoul-openaptinfo"},"type":"Feature"},{"geometry":{"coordinates":[127.068697,37.6377945],"type":"Point"},"id":"A13923103","properties":{"coordinate_status":"provider_xy_crs_unconfirmed","households":660,"kapt_code":"A13923103","name":"하계청구","property_aptseq_join":"not_established","source_id":"seoul-openaptinfo"},"type":"Feature"},{"geometry":{"coordinates":[127.069553,37.6346848],"type":"Point"},"id":"A13923104","properties":{"coordinate_status":"provider_xy_crs_unconfirmed","households":685,"kapt_code":"A13923104","name":"하계미성","property_aptseq_join":"not_established","source_id":"seoul-openaptinfo"},"type":"Feature"},{"geometry":{"coordinates":[127.0720793,37.6446141],"type":"Point"},"id":"A13923106","properties":{"coordinate_status":"provider_xy_crs_unconfirmed","households":730,"kapt_code":"A13923106","name":"하계2차현대아파트","property_aptseq_join":"not_established","source_id":"seoul-openaptinfo"},"type":"Feature"},{"geometry":{"coordinates":[127.0712601,37.6323401],"type":"Point"},"id":"A13923108","properties":{"coordinate_status":"provider_xy_crs_unconfirmed","households":1192,"kapt_code":"A13923108","name":"하계청솔","property_aptseq_join":"not_established","source_id":"seoul-openaptinfo"},"type":"Feature"},{"geometry":{"coordinates":[127.0803885,37.6280802],"type":"Point"},"id":"A13924003","properties":{"coordinate_status":"provider_xy_crs_unconfirmed","households":561,"kapt_code":"A13924003","name":"공릉한보아파트","property_aptseq_join":"not_established","source_id":"seoul-openaptinfo"},"type":"Feature"},{"geometry":{"coordinates":[127.0811402,37.626838],"type":"Point"},"id":"A13924004","properties":{"coordinate_status":"provider_xy_crs_unconfirmed","households":845,"kapt_code":"A13924004","name":"삼익포레스트아파트","property_aptseq_join":"unique_official_road_address_and_name","property_complex_id":"molit-apt:11350:11350-172","property_release_id":"property-eea48453a819f517","source_id":"seoul-openaptinfo"},"type":"Feature"},{"geometry":{"coordinates":[127.0786137,37.6280819],"type":"Point"},"id":"A13924205","properties":{"coordinate_status":"provider_xy_crs_unconfirmed","households":295,"kapt_code":"A13924205","name":"공릉동부","property_aptseq_join":"not_established","source_id":"seoul-openaptinfo"},"type":"Feature"},{"geometry":{"coordinates":[127.0610376,37.6461776],"type":"Point"},"id":"A13971501","properties":{"coordinate_status":"provider_xy_crs_unconfirmed","households":600,"kapt_code":"A13971501","name":"상계미도","property_aptseq_join":"not_established","source_id":"seoul-openaptinfo"},"type":"Feature"},{"geometry":{"coordinates":[127.0568216,37.651102],"type":"Point"},"id":"A13971502","properties":{"coordinate_status":"provider_xy_crs_unconfirmed","households":2213,"kapt_code":"A13971502","name":"상계주공3단지","property_aptseq_join":"not_established","source_id":"seoul-openaptinfo"},"type":"Feature"},{"geometry":{"coordinates":[127.0666719,37.6474564],"type":"Point"},"id":"A13972601","properties":{"coordinate_status":"provider_xy_crs_unconfirmed","households":742,"kapt_code":"A13972601","name":"중계건영2차","property_aptseq_join":"not_established","source_id":"seoul-openaptinfo"},"type":"Feature"},{"geometry":{"coordinates":[127.067516675,37.645135832],"type":"Point"},"id":"A13972602","properties":{"coordinate_status":"provider_xy_crs_unconfirmed","households":219,"kapt_code":"A13972602","name":"중계중앙하이츠아쿠아","property_aptseq_join":"not_established","source_id":"seoul-openaptinfo"},"type":"Feature"},{"geometry":{"coordinates":[127.0696523,37.6435986],"type":"Point"},"id":"A13972603","properties":{"coordinate_status":"provider_xy_crs_unconfirmed","households":1979,"kapt_code":"A13972603","name":"중계4단지목화","property_aptseq_join":"not_established","source_id":"seoul-openaptinfo"},"type":"Feature"},{"geometry":{"coordinates":[127.0537182,37.6860425],"type":"Point"},"id":"A13974101","properties":{"coordinate_status":"provider_xy_crs_unconfirmed","households":548,"kapt_code":"A13974101","name":"수락리버시티 4단지","property_aptseq_join":"unique_official_road_address_and_name","property_complex_id":"molit-apt:11350:11350-1826","property_release_id":"property-eea48453a819f517","source_id":"seoul-openaptinfo"},"type":"Feature"},{"geometry":{"coordinates":[127.0542161,37.6877248],"type":"Point"},"id":"A13974102","properties":{"coordinate_status":"provider_xy_crs_unconfirmed","households":696,"kapt_code":"A13974102","name":"수락리버시티3단지","property_aptseq_join":"unique_official_road_address_and_name","property_complex_id":"molit-apt:11350:11350-1825","property_release_id":"property-eea48453a819f517","source_id":"seoul-openaptinfo"},"type":"Feature"},{"geometry":{"coordinates":[127.0572807,37.6829881],"type":"Point"},"id":"A13974103","properties":{"coordinate_status":"provider_xy_crs_unconfirmed","households":900,"kapt_code":"A13974103","name":"상계은빛3단지","property_aptseq_join":"not_established","source_id":"seoul-openaptinfo"},"type":"Feature"},{"geometry":{"coordinates":[127.077220763,37.621023528],"type":"Point"},"id":"A13974401","properties":{"coordinate_status":"provider_xy_crs_unconfirmed","households":145,"kapt_code":"A13974401","name":"공릉현대","property_aptseq_join":"not_established","source_id":"seoul-openaptinfo"},"type":"Feature"},{"geometry":{"coordinates":[127.0742657,37.6430931],"type":"Point"},"id":"A13977913","properties":{"coordinate_status":"provider_xy_crs_unconfirmed","households":2634,"kapt_code":"A13977913","name":"중계주공9단지","property_aptseq_join":"not_established","source_id":"seoul-openaptinfo"},"type":"Feature"},{"geometry":{"coordinates":[127.0860245,37.6232757],"type":"Point"},"id":"A13980004","properties":{"coordinate_status":"provider_xy_crs_unconfirmed","households":278,"kapt_code":"A13980004","name":"청솔아파트8","property_aptseq_join":"unique_official_road_address_and_name","property_complex_id":"molit-apt:11350:11350-180","property_release_id":"property-eea48453a819f517","source_id":"seoul-openaptinfo"},"type":"Feature"},{"geometry":{"coordinates":[127.0851534,37.6214628],"type":"Point"},"id":"A13980006","properties":{"coordinate_status":"provider_xy_crs_unconfirmed","households":297,"kapt_code":"A13980006","name":"공릉청솔9단지","property_aptseq_join":"not_established","source_id":"seoul-openaptinfo"},"type":"Feature"},{"geometry":{"coordinates":[127.0854776,37.6245525],"type":"Point"},"id":"A13980009","properties":{"coordinate_status":"provider_xy_crs_unconfirmed","households":432,"kapt_code":"A13980009","name":"공릉태릉우성","property_aptseq_join":"not_established","source_id":"seoul-openaptinfo"},"type":"Feature"},{"geometry":{"coordinates":[127.0879394,37.6238712],"type":"Point"},"id":"A13980010","properties":{"coordinate_status":"provider_xy_crs_unconfirmed","households":436,"kapt_code":"A13980010","name":"공릉화랑타운","property_aptseq_join":"not_established","source_id":"seoul-openaptinfo"},"type":"Feature"},{"geometry":{"coordinates":[127.0873279,37.6266554],"type":"Point"},"id":"A13980012","properties":{"coordinate_status":"provider_xy_crs_unconfirmed","households":494,"kapt_code":"A13980012","name":"공릉우방4단지","property_aptseq_join":"not_established","source_id":"seoul-openaptinfo"},"type":"Feature"},{"geometry":{"coordinates":[127.086808,37.6276076],"type":"Point"},"id":"A13980014","properties":{"coordinate_status":"provider_xy_crs_unconfirmed","households":564,"kapt_code":"A13980014","name":"공릉해링턴플레이스(구.효성화운트빌)","property_aptseq_join":"not_established","source_id":"seoul-openaptinfo"},"type":"Feature"},{"geometry":{"coordinates":[127.0877768,37.6247198],"type":"Point"},"id":"A13980017","properties":{"coordinate_status":"provider_xy_crs_unconfirmed","households":691,"kapt_code":"A13980017","name":"공릉2-6","property_aptseq_join":"not_established","source_id":"seoul-openaptinfo"},"type":"Feature"},{"geometry":{"coordinates":[127.0873726,37.6257794],"type":"Point"},"id":"A13980018","properties":{"coordinate_status":"provider_xy_crs_unconfirmed","households":700,"kapt_code":"A13980018","name":"공릉비선","property_aptseq_join":"not_established","source_id":"seoul-openaptinfo"},"type":"Feature"},{"geometry":{"coordinates":[127.0832445,37.6236377],"type":"Point"},"id":"A13980019","properties":{"coordinate_status":"provider_xy_crs_unconfirmed","households":1676,"kapt_code":"A13980019","name":"공릉태강","property_aptseq_join":"not_established","source_id":"seoul-openaptinfo"},"type":"Feature"},{"geometry":{"coordinates":[127.0751067,37.6277644],"type":"Point"},"id":"A13980102","properties":{"coordinate_status":"provider_xy_crs_unconfirmed","households":153,"kapt_code":"A13980102","name":"공릉신원","property_aptseq_join":"not_established","source_id":"seoul-openaptinfo"},"type":"Feature"},{"geometry":{"coordinates":[127.0701721,37.6266546],"type":"Point"},"id":"A13980105","properties":{"coordinate_status":"provider_xy_crs_unconfirmed","households":190,"kapt_code":"A13980105","name":"공릉대동2차","property_aptseq_join":"not_established","source_id":"seoul-openaptinfo"},"type":"Feature"},{"geometry":{"coordinates":[127.0700592,37.6275959],"type":"Point"},"id":"A13980107","properties":{"coordinate_status":"provider_xy_crs_unconfirmed","households":342,"kapt_code":"A13980107","name":"공릉신도1차","property_aptseq_join":"not_established","source_id":"seoul-openaptinfo"},"type":"Feature"},{"geometry":{"coordinates":[127.0727424,37.6285696],"type":"Point"},"id":"A13980108","properties":{"coordinate_status":"provider_xy_crs_unconfirmed","households":363,"kapt_code":"A13980108","name":"공릉우성","property_aptseq_join":"unique_official_road_address_and_name","property_complex_id":"molit-apt:11350:11350-198","property_release_id":"property-eea48453a819f517","source_id":"seoul-openaptinfo"},"type":"Feature"},{"geometry":{"coordinates":[127.0810608,37.6250356],"type":"Point"},"id":"A13980401","properties":{"coordinate_status":"provider_xy_crs_unconfirmed","households":198,"kapt_code":"A13980401","name":"공릉신성미소지움","property_aptseq_join":"not_established","source_id":"seoul-openaptinfo"},"type":"Feature"},{"geometry":{"coordinates":[127.0753286,37.6292718],"type":"Point"},"id":"A13980402","properties":{"coordinate_status":"provider_xy_crs_unconfirmed","households":215,"kapt_code":"A13980402","name":"공릉건영장미","property_aptseq_join":"not_established","source_id":"seoul-openaptinfo"},"type":"Feature"},{"geometry":{"coordinates":[127.0806513,37.6260069],"type":"Point"},"id":"A13980403","properties":{"coordinate_status":"provider_xy_crs_unconfirmed","households":237,"kapt_code":"A13980403","name":"공릉삼익2차","property_aptseq_join":"not_established","source_id":"seoul-openaptinfo"},"type":"Feature"},{"geometry":{"coordinates":[127.0886787,37.6206867],"type":"Point"},"id":"A13980407","properties":{"coordinate_status":"provider_xy_crs_unconfirmed","households":340,"kapt_code":"A13980407","name":"효성아파트","property_aptseq_join":"unique_official_road_address_and_name","property_complex_id":"molit-apt:11350:11350-188","property_release_id":"property-eea48453a819f517","source_id":"seoul-openaptinfo"},"type":"Feature"},{"geometry":{"coordinates":[127.0768621,37.6280155],"type":"Point"},"id":"A13980411","properties":{"coordinate_status":"provider_xy_crs_unconfirmed","households":452,"kapt_code":"A13980411","name":"공릉동신","property_aptseq_join":"not_established","source_id":"seoul-openaptinfo"},"type":"Feature"},{"geometry":{"coordinates":[127.0808511,37.6239469],"type":"Point"},"id":"A13980413","properties":{"coordinate_status":"provider_xy_crs_unconfirmed","households":196,"kapt_code":"A13980413","name":"화랑해링턴플레이스","property_aptseq_join":"unique_official_road_address_and_name","property_complex_id":"molit-apt:11350:11350-189","property_release_id":"property-eea48453a819f517","source_id":"seoul-openaptinfo"},"type":"Feature"},{"geometry":{"coordinates":[127.0797595,37.6209072],"type":"Point"},"id":"A13980415","properties":{"coordinate_status":"provider_xy_crs_unconfirmed","households":579,"kapt_code":"A13980415","name":"공릉두산힐스빌","property_aptseq_join":"not_established","source_id":"seoul-openaptinfo"},"type":"Feature"},{"geometry":{"coordinates":[127.0719366,37.6298852],"type":"Point"},"id":"A13980509","properties":{"coordinate_status":"provider_xy_crs_unconfirmed","households":525,"kapt_code":"A13980509","name":"공릉삼익4단지","property_aptseq_join":"not_established","source_id":"seoul-openaptinfo"},"type":"Feature"},{"geometry":{"coordinates":[127.0665249,37.6305821],"type":"Point"},"id":"A13980510","properties":{"coordinate_status":"provider_xy_crs_unconfirmed","households":660,"kapt_code":"A13980510","name":"공릉2단지라이프","property_aptseq_join":"not_established","source_id":"seoul-openaptinfo"},"type":"Feature"},{"geometry":{"coordinates":[127.0686144,37.6273074],"type":"Point"},"id":"A13980511","properties":{"coordinate_status":"provider_xy_crs_unconfirmed","households":840,"kapt_code":"A13980511","name":"공릉3단지라이프","property_aptseq_join":"not_established","source_id":"seoul-openaptinfo"},"type":"Feature"},{"geometry":{"coordinates":[127.0701578,37.6301175],"type":"Point"},"id":"A13980512","properties":{"coordinate_status":"provider_xy_crs_unconfirmed","households":1395,"kapt_code":"A13980512","name":"공릉1단지","property_aptseq_join":"not_established","source_id":"seoul-openaptinfo"},"type":"Feature"},{"geometry":{"coordinates":[127.0667987,37.6290609],"type":"Point"},"id":"A13980513","properties":{"coordinate_status":"provider_xy_crs_unconfirmed","households":1601,"kapt_code":"A13980513","name":"공릉풍림아이원","property_aptseq_join":"not_established","source_id":"seoul-openaptinfo"},"type":"Feature"},{"geometry":{"coordinates":[127.0714453,37.623339],"type":"Point"},"id":"A13980604","properties":{"coordinate_status":"provider_xy_crs_unconfirmed","households":174,"kapt_code":"A13980604","name":"공릉대아2차","property_aptseq_join":"not_established","source_id":"seoul-openaptinfo"},"type":"Feature"},{"geometry":{"coordinates":[127.0722615,37.6211799],"type":"Point"},"id":"A13980706","properties":{"coordinate_status":"provider_xy_crs_unconfirmed","households":191,"kapt_code":"A13980706","name":"공릉대주파크빌","property_aptseq_join":"not_established","source_id":"seoul-openaptinfo"},"type":"Feature"},{"geometry":{"coordinates":[127.072532,37.6198604],"type":"Point"},"id":"A13980801","properties":{"coordinate_status":"provider_xy_crs_unconfirmed","households":152,"kapt_code":"A13980801","name":"공릉대동1차","property_aptseq_join":"not_established","source_id":"seoul-openaptinfo"},"type":"Feature"},{"geometry":{"coordinates":[127.0723375,37.6181002],"type":"Point"},"id":"A13980803","properties":{"coordinate_status":"provider_xy_crs_unconfirmed","households":158,"kapt_code":"A13980803","name":"공릉1동삼익","property_aptseq_join":"not_established","source_id":"seoul-openaptinfo"},"type":"Feature"},{"geometry":{"coordinates":[127.0809553,37.6725714],"type":"Point"},"id":"A13980903","properties":{"coordinate_status":"provider_xy_crs_unconfirmed","households":240,"kapt_code":"A13980903","name":"불암산센트럴아파트","property_aptseq_join":"not_established","source_id":"seoul-openaptinfo"},"type":"Feature"},{"geometry":{"coordinates":[127.0779474,37.6639068],"type":"Point"},"id":"A13981001","properties":{"coordinate_status":"provider_xy_crs_unconfirmed","households":206,"kapt_code":"A13981001","name":"상계불암대림제2","property_aptseq_join":"not_established","source_id":"seoul-openaptinfo"},"type":"Feature"},{"geometry":{"coordinates":[127.0771611,37.6632213],"type":"Point"},"id":"A13981006","properties":{"coordinate_status":"provider_xy_crs_unconfirmed","households":634,"kapt_code":"A13981006","name":"상계불암대림","property_aptseq_join":"unique_official_road_address_and_name","property_complex_id":"molit-apt:11350:11350-17","property_release_id":"property-eea48453a819f517","source_id":"seoul-openaptinfo"},"type":"Feature"},{"geometry":{"coordinates":[127.0804264,37.6681544],"type":"Point"},"id":"A13981204","properties":{"coordinate_status":"provider_xy_crs_unconfirmed","households":472,"kapt_code":"A13981204","name":"상계불암현대(임대)","property_aptseq_join":"not_established","source_id":"seoul-openaptinfo"},"type":"Feature"},{"geometry":{"coordinates":[127.0818153,37.6678352],"type":"Point"},"id":"A13981208","properties":{"coordinate_status":"provider_xy_crs_unconfirmed","households":826,"kapt_code":"A13981208","name":"상계불암현대","property_aptseq_join":"not_established","source_id":"seoul-openaptinfo"},"type":"Feature"},{"geometry":{"coordinates":[127.0696148,37.666427],"type":"Point"},"id":"A13981304","properties":{"coordinate_status":"provider_xy_crs_unconfirmed","households":420,"kapt_code":"A13981304","name":"상계한신1차","property_aptseq_join":"not_established","source_id":"seoul-openaptinfo"},"type":"Feature"},{"geometry":{"coordinates":[127.0801114,37.6661444],"type":"Point"},"id":"A13981402","properties":{"coordinate_status":"provider_xy_crs_unconfirmed","households":234,"kapt_code":"A13981402","name":"상계청암1단지","property_aptseq_join":"not_established","source_id":"seoul-openaptinfo"},"type":"Feature"},{"geometry":{"coordinates":[127.0790041,37.6632392],"type":"Point"},"id":"A13981405","properties":{"coordinate_status":"provider_xy_crs_unconfirmed","households":602,"kapt_code":"A13981405","name":"청암2단지","property_aptseq_join":"unique_official_road_address_and_name","property_complex_id":"molit-apt:11350:11350-62","property_release_id":"property-eea48453a819f517","source_id":"seoul-openaptinfo"},"type":"Feature"},{"geometry":{"coordinates":[127.0745267,37.6630519],"type":"Point"},"id":"A13981407","properties":{"coordinate_status":"provider_xy_crs_unconfirmed","households":675,"kapt_code":"A13981407","name":"상계조합대림","property_aptseq_join":"not_established","source_id":"seoul-openaptinfo"},"type":"Feature"},{"geometry":{"coordinates":[127.0636584,37.6587715],"type":"Point"},"id":"A13981604","properties":{"coordinate_status":"provider_xy_crs_unconfirmed","households":259,"kapt_code":"A13981604","name":"노원현대아파트","property_aptseq_join":"unique_official_road_address_and_name","property_complex_id":"molit-apt:11350:11350-3","property_release_id":"property-eea48453a819f517","source_id":"seoul-openaptinfo"},"type":"Feature"},{"geometry":{"coordinates":[127.0712567,37.6573591],"type":"Point"},"id":"A13981606","properties":{"coordinate_status":"provider_xy_crs_unconfirmed","households":358,"kapt_code":"A13981606","name":"상계대동아파트","property_aptseq_join":"not_established","source_id":"seoul-openaptinfo"},"type":"Feature"},{"geometry":{"coordinates":[127.0640146,37.6578567],"type":"Point"},"id":"A13981608","properties":{"coordinate_status":"provider_xy_crs_unconfirmed","households":448,"kapt_code":"A13981608","name":"상계동양메이저","property_aptseq_join":"not_established","source_id":"seoul-openaptinfo"},"type":"Feature"},{"geometry":{"coordinates":[127.0632601,37.6673747],"type":"Point"},"id":"A13981901","properties":{"coordinate_status":"provider_xy_crs_unconfirmed","households":939,"kapt_code":"A13981901","name":"상계주공13단지","property_aptseq_join":"not_established","source_id":"seoul-openaptinfo"},"type":"Feature"},{"geometry":{"coordinates":[127.0594091,37.6688541],"type":"Point"},"id":"A13981903","properties":{"coordinate_status":"provider_xy_crs_unconfirmed","households":2265,"kapt_code":"A13981903","name":"상계주공14단지","property_aptseq_join":"not_established","source_id":"seoul-openaptinfo"},"type":"Feature"},{"geometry":{"coordinates":[127.0675578,37.6662959],"type":"Point"},"id":"A13982002","properties":{"coordinate_status":"provider_xy_crs_unconfirmed","households":348,"kapt_code":"A13982002","name":"상계한신3차","property_aptseq_join":"not_established","source_id":"seoul-openaptinfo"},"type":"Feature"},{"geometry":{"coordinates":[127.0675315,37.6674029],"type":"Point"},"id":"A13982003","properties":{"coordinate_status":"provider_xy_crs_unconfirmed","households":385,"kapt_code":"A13982003","name":"상계신동아","property_aptseq_join":"not_established","source_id":"seoul-openaptinfo"},"type":"Feature"},{"geometry":{"coordinates":[127.0680666,37.6647819],"type":"Point"},"id":"A13982005","properties":{"coordinate_status":"provider_xy_crs_unconfirmed","households":471,"kapt_code":"A13982005","name":"상계한신2차","property_aptseq_join":"not_established","source_id":"seoul-openaptinfo"},"type":"Feature"},{"geometry":{"coordinates":[127.0658841,37.6604417],"type":"Point"},"id":"A13982101","properties":{"coordinate_status":"provider_xy_crs_unconfirmed","households":174,"kapt_code":"A13982101","name":"상계성원","property_aptseq_join":"not_established","source_id":"seoul-openaptinfo"},"type":"Feature"},{"geometry":{"coordinates":[127.0710393,37.6565787],"type":"Point"},"id":"A13982103","properties":{"coordinate_status":"provider_xy_crs_unconfirmed","households":251,"kapt_code":"A13982103","name":"상계양우아파트","property_aptseq_join":"not_established","source_id":"seoul-openaptinfo"},"type":"Feature"},{"geometry":{"coordinates":[127.0593426,37.6661694],"type":"Point"},"id":"A13982202","properties":{"coordinate_status":"provider_xy_crs_unconfirmed","households":1739,"kapt_code":"A13982202","name":"상계주공12단지","property_aptseq_join":"not_established","source_id":"seoul-openaptinfo"},"type":"Feature"},{"geometry":{"coordinates":[127.0556395,37.6657377],"type":"Point"},"id":"A13982301","properties":{"coordinate_status":"provider_xy_crs_unconfirmed","households":1944,"kapt_code":"A13982301","name":"상계주공11단지","property_aptseq_join":"not_established","source_id":"seoul-openaptinfo"},"type":"Feature"},{"geometry":{"coordinates":[127.0644118,37.6627915],"type":"Point"},"id":"A13982604","properties":{"coordinate_status":"provider_xy_crs_unconfirmed","households":3315,"kapt_code":"A13982604","name":"상계보람","property_aptseq_join":"not_established","source_id":"seoul-openaptinfo"},"type":"Feature"},{"geometry":{"coordinates":[127.0563489,37.6606639],"type":"Point"},"id":"A13982701","properties":{"coordinate_status":"provider_xy_crs_unconfirmed","households":420,"kapt_code":"A13982701","name":"상계임광아파트","property_aptseq_join":"not_established","source_id":"seoul-openaptinfo"},"type":"Feature"},{"geometry":{"coordinates":[127.057275,37.6597904],"type":"Point"},"id":"A13982702","properties":{"coordinate_status":"provider_xy_crs_unconfirmed","households":538,"kapt_code":"A13982702","name":"상계마들대림","property_aptseq_join":"not_established","source_id":"seoul-openaptinfo"},"type":"Feature"},{"geometry":{"coordinates":[127.060964,37.6580044],"type":"Point"},"id":"A13982704","properties":{"coordinate_status":"provider_xy_crs_unconfirmed","households":2634,"kapt_code":"A13982704","name":"상계주공7단지","property_aptseq_join":"not_established","source_id":"seoul-openaptinfo"},"type":"Feature"},{"geometry":{"coordinates":[127.0600209,37.6503337],"type":"Point"},"id":"A13983004","properties":{"coordinate_status":"provider_xy_crs_unconfirmed","households":2029,"kapt_code":"A13983004","name":"상계주공2단지","property_aptseq_join":"not_established","source_id":"seoul-openaptinfo"},"type":"Feature"},{"geometry":{"coordinates":[127.0569566,37.6416927],"type":"Point"},"id":"A13983101","properties":{"coordinate_status":"provider_xy_crs_unconfirmed","households":170,"kapt_code":"A13983101","name":"상계마들","property_aptseq_join":"not_established","source_id":"seoul-openaptinfo"},"type":"Feature"},{"geometry":{"coordinates":[127.0590541,37.646847],"type":"Point"},"id":"A13983105","properties":{"coordinate_status":"provider_xy_crs_unconfirmed","households":2064,"kapt_code":"A13983105","name":"상계주공1단지","property_aptseq_join":"not_established","source_id":"seoul-openaptinfo"},"type":"Feature"},{"geometry":{"coordinates":[127.0596359,37.6733227],"type":"Point"},"id":"A13983608","properties":{"coordinate_status":"provider_xy_crs_unconfirmed","households":397,"kapt_code":"A13983608","name":"상계한신","property_aptseq_join":"not_established","source_id":"seoul-openaptinfo"},"type":"Feature"},{"geometry":{"coordinates":[127.0527596,37.6727905],"type":"Point"},"id":"A13983707","properties":{"coordinate_status":"provider_xy_crs_unconfirmed","households":331,"kapt_code":"A13983707","name":"상계현대1차","property_aptseq_join":"not_established","source_id":"seoul-openaptinfo"},"type":"Feature"},{"geometry":{"coordinates":[127.0504092,37.6722699],"type":"Point"},"id":"A13983709","properties":{"coordinate_status":"provider_xy_crs_unconfirmed","households":465,"kapt_code":"A13983709","name":"상계현대2차","property_aptseq_join":"not_established","source_id":"seoul-openaptinfo"},"type":"Feature"},{"geometry":{"coordinates":[127.053546,37.6716416],"type":"Point"},"id":"A13983712","properties":{"coordinate_status":"provider_xy_crs_unconfirmed","households":494,"kapt_code":"A13983712","name":"상계3차현대아파트","property_aptseq_join":"not_established","source_id":"seoul-openaptinfo"},"type":"Feature"},{"geometry":{"coordinates":[127.053155,37.6773823],"type":"Point"},"id":"A13983713","properties":{"coordinate_status":"provider_xy_crs_unconfirmed","households":763,"kapt_code":"A13983713","name":"두산아파트","property_aptseq_join":"unique_official_road_address_and_name","property_complex_id":"molit-apt:11350:11350-28","property_release_id":"property-eea48453a819f517","source_id":"seoul-openaptinfo"},"type":"Feature"},{"geometry":{"coordinates":[127.0584516,37.6763152],"type":"Point"},"id":"A13983801","properties":{"coordinate_status":"provider_xy_crs_unconfirmed","households":165,"kapt_code":"A13983801","name":"대망드림힐","property_aptseq_join":"not_established","source_id":"seoul-openaptinfo"},"type":"Feature"},{"geometry":{"coordinates":[127.0508626,37.6748543],"type":"Point"},"id":"A13983803","properties":{"coordinate_status":"provider_xy_crs_unconfirmed","households":230,"kapt_code":"A13983803","name":"상계대림e-편한세상","property_aptseq_join":"unique_official_road_address_and_name","property_complex_id":"molit-apt:11350:11350-66","property_release_id":"property-eea48453a819f517","source_id":"seoul-openaptinfo"},"type":"Feature"},{"geometry":{"coordinates":[127.0778213,37.6694182],"type":"Point"},"id":"A13983810","properties":{"coordinate_status":"provider_xy_crs_unconfirmed","households":468,"kapt_code":"A13983810","name":"상계수락파크빌","property_aptseq_join":"not_established","source_id":"seoul-openaptinfo"},"type":"Feature"},{"geometry":{"coordinates":[127.0565963,37.6816146],"type":"Point"},"id":"A13983811","properties":{"coordinate_status":"provider_xy_crs_unconfirmed","households":492,"kapt_code":"A13983811","name":"수락산벨리체아파트","property_aptseq_join":"unique_official_road_address_and_name","property_complex_id":"molit-apt:11350:11350-9","property_release_id":"property-eea48453a819f517","source_id":"seoul-openaptinfo"},"type":"Feature"},{"geometry":{"coordinates":[127.0535108,37.679964],"type":"Point"},"id":"A13983815","properties":{"coordinate_status":"provider_xy_crs_unconfirmed","households":1313,"kapt_code":"A13983815","name":"상계은빛2단지","property_aptseq_join":"not_established","source_id":"seoul-openaptinfo"},"type":"Feature"},{"geometry":{"coordinates":[127.0539861,37.6815501],"type":"Point"},"id":"A13983816","properties":{"coordinate_status":"provider_xy_crs_unconfirmed","households":1391,"kapt_code":"A13983816","name":"상계은빛1단지","property_aptseq_join":"not_established","source_id":"seoul-openaptinfo"},"type":"Feature"},{"geometry":{"coordinates":[127.0641703,37.626528],"type":"Point"},"id":"A13984003","properties":{"coordinate_status":"provider_xy_crs_unconfirmed","households":910,"kapt_code":"A13984003","name":"월계삼호4차","property_aptseq_join":"not_established","source_id":"seoul-openaptinfo"},"type":"Feature"},{"geometry":{"coordinates":[127.0685797,37.6178054],"type":"Point"},"id":"A13984004","properties":{"coordinate_status":"provider_xy_crs_unconfirmed","households":3003,"kapt_code":"A13984004","name":"그랑빌","property_aptseq_join":"not_established","source_id":"seoul-openaptinfo"},"type":"Feature"},{"geometry":{"coordinates":[127.0657785,37.6239862],"type":"Point"},"id":"A13984005","properties":{"coordinate_status":"provider_xy_crs_unconfirmed","households":3930,"kapt_code":"A13984005","name":"월계시영고층","property_aptseq_join":"not_established","source_id":"seoul-openaptinfo"},"type":"Feature"},{"geometry":{"coordinates":[127.061027,37.6323576],"type":"Point"},"id":"A13984409","properties":{"coordinate_status":"provider_xy_crs_unconfirmed","households":775,"kapt_code":"A13984409","name":"월계사슴2단지","property_aptseq_join":"not_established","source_id":"seoul-openaptinfo"},"type":"Feature"},{"geometry":{"coordinates":[127.0595,37.6319168],"type":"Point"},"id":"A13984411","properties":{"coordinate_status":"provider_xy_crs_unconfirmed","households":884,"kapt_code":"A13984411","name":"월계사슴3단지","property_aptseq_join":"not_established","source_id":"seoul-openaptinfo"},"type":"Feature"},{"geometry":{"coordinates":[127.0602548,37.6184379],"type":"Point"},"id":"A13984603","properties":{"coordinate_status":"provider_xy_crs_unconfirmed","households":296,"kapt_code":"A13984603","name":"월계삼창","property_aptseq_join":"not_established","source_id":"seoul-openaptinfo"},"type":"Feature"},{"geometry":{"coordinates":[127.061025,37.6167404],"type":"Point"},"id":"A13984604","properties":{"coordinate_status":"provider_xy_crs_unconfirmed","households":864,"kapt_code":"A13984604","name":"월계동신","property_aptseq_join":"not_established","source_id":"seoul-openaptinfo"},"type":"Feature"},{"geometry":{"coordinates":[127.0517313,37.6265297],"type":"Point"},"id":"A13984813","properties":{"coordinate_status":"provider_xy_crs_unconfirmed","households":2298,"kapt_code":"A13984813","name":"월계주공1단지","property_aptseq_join":"not_established","source_id":"seoul-openaptinfo"},"type":"Feature"},{"geometry":{"coordinates":[127.0517313,37.6265297],"type":"Point"},"id":"A13984814","properties":{"coordinate_status":"provider_xy_crs_unconfirmed","households":2002,"kapt_code":"A13984814","name":"월계주공2단지","property_aptseq_join":"not_established","source_id":"seoul-openaptinfo"},"type":"Feature"},{"geometry":{"coordinates":[127.0513553,37.6332539],"type":"Point"},"id":"A13985103","properties":{"coordinate_status":"provider_xy_crs_unconfirmed","households":344,"kapt_code":"A13985103","name":"월계대우아파트","property_aptseq_join":"not_established","source_id":"seoul-openaptinfo"},"type":"Feature"},{"geometry":{"coordinates":[127.0502719,37.6318379],"type":"Point"},"id":"A13985105","properties":{"coordinate_status":"provider_xy_crs_unconfirmed","households":458,"kapt_code":"A13985105","name":"월계청백3단지","property_aptseq_join":"not_established","source_id":"seoul-openaptinfo"},"type":"Feature"},{"geometry":{"coordinates":[127.051571,37.6355952],"type":"Point"},"id":"A13985106","properties":{"coordinate_status":"provider_xy_crs_unconfirmed","households":1147,"kapt_code":"A13985106","name":"월계청백1단지","property_aptseq_join":"not_established","source_id":"seoul-openaptinfo"},"type":"Feature"},{"geometry":{"coordinates":[127.0517199,37.6316981],"type":"Point"},"id":"A13985107","properties":{"coordinate_status":"provider_xy_crs_unconfirmed","households":520,"kapt_code":"A13985107","name":"월계청백4단지","property_aptseq_join":"not_established","source_id":"seoul-openaptinfo"},"type":"Feature"},{"geometry":{"coordinates":[127.0459205,37.6295448],"type":"Point"},"id":"A13985201","properties":{"coordinate_status":"provider_xy_crs_unconfirmed","households":199,"kapt_code":"A13985201","name":"월계극동","property_aptseq_join":"not_established","source_id":"seoul-openaptinfo"},"type":"Feature"},{"geometry":{"coordinates":[127.0844122,37.6471623],"type":"Point"},"id":"A13985402","properties":{"coordinate_status":"provider_xy_crs_unconfirmed","households":268,"kapt_code":"A13985402","name":"중계현대그린","property_aptseq_join":"not_established","source_id":"seoul-openaptinfo"},"type":"Feature"},{"geometry":{"coordinates":[127.0824304,37.6455756],"type":"Point"},"id":"A13985406","properties":{"coordinate_status":"provider_xy_crs_unconfirmed","households":453,"kapt_code":"A13985406","name":"중계현대6차","property_aptseq_join":"not_established","source_id":"seoul-openaptinfo"},"type":"Feature"},{"geometry":{"coordinates":[127.0764103,37.6591329],"type":"Point"},"id":"A13985605","properties":{"coordinate_status":"provider_xy_crs_unconfirmed","households":499,"kapt_code":"A13985605","name":"중계중앙하이츠","property_aptseq_join":"not_established","source_id":"seoul-openaptinfo"},"type":"Feature"},{"geometry":{"coordinates":[127.0740064,37.6558928],"type":"Point"},"id":"A13985904","properties":{"coordinate_status":"provider_xy_crs_unconfirmed","households":313,"kapt_code":"A13985904","name":"중계현대2차(4동)","property_aptseq_join":"not_established","source_id":"seoul-openaptinfo"},"type":"Feature"},{"geometry":{"coordinates":[127.0729582,37.6561843],"type":"Point"},"id":"A13985907","properties":{"coordinate_status":"provider_xy_crs_unconfirmed","households":791,"kapt_code":"A13985907","name":"중계염광아파트","property_aptseq_join":"not_established","source_id":"seoul-openaptinfo"},"type":"Feature"},{"geometry":{"coordinates":[127.0756379,37.6566663],"type":"Point"},"id":"A13985908","properties":{"coordinate_status":"provider_xy_crs_unconfirmed","households":1455,"kapt_code":"A13985908","name":"중계주공3단지","property_aptseq_join":"not_established","source_id":"seoul-openaptinfo"},"type":"Feature"},{"geometry":{"coordinates":[127.0779964,37.6579558],"type":"Point"},"id":"A13985909","properties":{"coordinate_status":"provider_xy_crs_unconfirmed","households":1800,"kapt_code":"A13985909","name":"중계주공2단지","property_aptseq_join":"not_established","source_id":"seoul-openaptinfo"},"type":"Feature"},{"geometry":{"coordinates":[127.0733019,37.6481008],"type":"Point"},"id":"A13986004","properties":{"coordinate_status":"provider_xy_crs_unconfirmed","households":330,"kapt_code":"A13986004","name":"중계주공10단지","property_aptseq_join":"not_established","source_id":"seoul-openaptinfo"},"type":"Feature"},{"geometry":{"coordinates":[127.072784,37.6469998],"type":"Point"},"id":"A13986009","properties":{"coordinate_status":"provider_xy_crs_unconfirmed","households":568,"kapt_code":"A13986009","name":"롯데우성","property_aptseq_join":"unique_official_road_address_and_name","property_complex_id":"molit-apt:11350:11350-110","property_release_id":"property-eea48453a819f517","source_id":"seoul-openaptinfo"},"type":"Feature"},{"geometry":{"coordinates":[127.0750637,37.6499123],"type":"Point"},"id":"A13986012","properties":{"coordinate_status":"provider_xy_crs_unconfirmed","households":780,"kapt_code":"A13986012","name":"중계청구3차","property_aptseq_join":"not_established","source_id":"seoul-openaptinfo"},"type":"Feature"},{"geometry":{"coordinates":[127.0750077,37.6484375],"type":"Point"},"id":"A13986013","properties":{"coordinate_status":"provider_xy_crs_unconfirmed","households":948,"kapt_code":"A13986013","name":"중계건영3차","property_aptseq_join":"not_established","source_id":"seoul-openaptinfo"},"type":"Feature"},{"geometry":{"coordinates":[127.0787546,37.6513433],"type":"Point"},"id":"A13986111","properties":{"coordinate_status":"provider_xy_crs_unconfirmed","households":960,"kapt_code":"A13986111","name":"중계라이프신동아청구아파트","property_aptseq_join":"not_established","source_id":"seoul-openaptinfo"},"type":"Feature"},{"geometry":{"coordinates":[127.0730455,37.6524246],"type":"Point"},"id":"A13986201","properties":{"coordinate_status":"provider_xy_crs_unconfirmed","households":213,"kapt_code":"A13986201","name":"중계우성3차","property_aptseq_join":"not_established","source_id":"seoul-openaptinfo"},"type":"Feature"},{"geometry":{"coordinates":[127.0713925,37.6517236],"type":"Point"},"id":"A13986207","properties":{"coordinate_status":"provider_xy_crs_unconfirmed","households":468,"kapt_code":"A13986207","name":"중계양지대림1-2임대","property_aptseq_join":"not_established","source_id":"seoul-openaptinfo"},"type":"Feature"},{"geometry":{"coordinates":[127.0626385,37.638983],"type":"Point"},"id":"A13986302","properties":{"coordinate_status":"provider_xy_crs_unconfirmed","households":1890,"kapt_code":"A13986302","name":"중계경남롯데상아","property_aptseq_join":"not_established","source_id":"seoul-openaptinfo"},"type":"Feature"},{"geometry":{"coordinates":[127.0641156,37.6420264],"type":"Point"},"id":"A13986306","properties":{"coordinate_status":"provider_xy_crs_unconfirmed","households":3481,"kapt_code":"A13986306","name":"중계그린","property_aptseq_join":"not_established","source_id":"seoul-openaptinfo"},"type":"Feature"},{"geometry":{"coordinates":[127.0665685,37.6427243],"type":"Point"},"id":"A13986504","properties":{"coordinate_status":"provider_xy_crs_unconfirmed","households":2433,"kapt_code":"A13986504","name":"중계무지개아파트","property_aptseq_join":"not_established","source_id":"seoul-openaptinfo"},"type":"Feature"},{"geometry":{"coordinates":[127.069028,37.6465111],"type":"Point"},"id":"A13986505","properties":{"coordinate_status":"provider_xy_crs_unconfirmed","households":2619,"kapt_code":"A13986505","name":"중계시영3단지목련","property_aptseq_join":"not_established","source_id":"seoul-openaptinfo"},"type":"Feature"},{"geometry":{"coordinates":[127.0658713,37.6478396],"type":"Point"},"id":"A13986509","properties":{"coordinate_status":"provider_xy_crs_unconfirmed","households":882,"kapt_code":"A13986509","name":"중계주공1단지","property_aptseq_join":"not_established","source_id":"seoul-openaptinfo"},"type":"Feature"},{"geometry":{"coordinates":[127.0700519,37.6501711],"type":"Point"},"id":"A13986606","properties":{"coordinate_status":"provider_xy_crs_unconfirmed","households":402,"kapt_code":"A13986606","name":"중계성원1차","property_aptseq_join":"not_established","source_id":"seoul-openaptinfo"},"type":"Feature"},{"geometry":{"coordinates":[127.0752242,37.6611671],"type":"Point"},"id":"A13986701","properties":{"coordinate_status":"provider_xy_crs_unconfirmed","households":167,"kapt_code":"A13986701","name":"중계성원2차","property_aptseq_join":"not_established","source_id":"seoul-openaptinfo"},"type":"Feature"},{"geometry":{"coordinates":[127.0726659,37.6589806],"type":"Point"},"id":"A13986702","properties":{"coordinate_status":"provider_xy_crs_unconfirmed","households":203,"kapt_code":"A13986702","name":"삼창타워프라자","property_aptseq_join":"not_established","source_id":"seoul-openaptinfo"},"type":"Feature"},{"geometry":{"coordinates":[127.0770809,37.6620828],"type":"Point"},"id":"A13986703","properties":{"coordinate_status":"provider_xy_crs_unconfirmed","households":299,"kapt_code":"A13986703","name":"중계경남아너스빌","property_aptseq_join":"not_established","source_id":"seoul-openaptinfo"},"type":"Feature"},{"geometry":{"coordinates":[127.0709532,37.6394506],"type":"Point"},"id":"A13987205","properties":{"coordinate_status":"provider_xy_crs_unconfirmed","households":700,"kapt_code":"A13987205","name":"하계1차청구아파트","property_aptseq_join":"not_established","source_id":"seoul-openaptinfo"},"type":"Feature"},{"geometry":{"coordinates":[127.0645889,37.6326446],"type":"Point"},"id":"A13987301","properties":{"coordinate_status":"provider_xy_crs_unconfirmed","households":378,"kapt_code":"A13987301","name":"하계학여울청구B","property_aptseq_join":"not_established","source_id":"seoul-openaptinfo"},"type":"Feature"},{"geometry":{"coordinates":[127.065671,37.6332359],"type":"Point"},"id":"A13987302","properties":{"coordinate_status":"provider_xy_crs_unconfirmed","households":640,"kapt_code":"A13987302","name":"하계시영5단지","property_aptseq_join":"not_established","source_id":"seoul-openaptinfo"},"type":"Feature"},{"geometry":{"coordinates":[127.0663518,37.6367077],"type":"Point"},"id":"A13987303","properties":{"coordinate_status":"provider_xy_crs_unconfirmed","households":1320,"kapt_code":"A13987303","name":"하계현대우성","property_aptseq_join":"not_established","source_id":"seoul-openaptinfo"},"type":"Feature"},{"geometry":{"coordinates":[127.0678724,37.6337068],"type":"Point"},"id":"A13987304","properties":{"coordinate_status":"provider_xy_crs_unconfirmed","households":1880,"kapt_code":"A13987304","name":"하계 6단지 장미아파트","property_aptseq_join":"not_established","source_id":"seoul-openaptinfo"},"type":"Feature"},{"geometry":{"coordinates":[127.0616188,37.6357596],"type":"Point"},"id":"A13987305","properties":{"coordinate_status":"provider_xy_crs_unconfirmed","households":1476,"kapt_code":"A13987305","name":"하계학여울청구","property_aptseq_join":"not_established","source_id":"seoul-openaptinfo"},"type":"Feature"},{"geometry":{"coordinates":[127.0648499,37.6355286],"type":"Point"},"id":"A13987306","properties":{"coordinate_status":"provider_xy_crs_unconfirmed","households":1980,"kapt_code":"A13987306","name":"하계극동건영벽산","property_aptseq_join":"not_established","source_id":"seoul-openaptinfo"},"type":"Feature"},{"geometry":{"coordinates":[127.0589298,37.6231556],"type":"Point"},"id":"A13987501","properties":{"coordinate_status":"provider_xy_crs_unconfirmed","households":157,"kapt_code":"A13987501","name":"성북역신도브래뉴","property_aptseq_join":"unique_official_road_address_and_name","property_complex_id":"molit-apt:11350:11350-1662","property_release_id":"property-eea48453a819f517","source_id":"seoul-openaptinfo"},"type":"Feature"},{"geometry":{"coordinates":[127.0586793,37.6290399],"type":"Point"},"id":"A13987502","properties":{"coordinate_status":"provider_xy_crs_unconfirmed","households":223,"kapt_code":"A13987502","name":"월계역신도브래뉴","property_aptseq_join":"unique_official_road_address_and_name","property_complex_id":"molit-apt:11350:11350-1663","property_release_id":"property-eea48453a819f517","source_id":"seoul-openaptinfo"},"type":"Feature"},{"geometry":{"coordinates":[127.0620191,37.6212242],"type":"Point"},"id":"A13987503","properties":{"coordinate_status":"provider_xy_crs_unconfirmed","households":171,"kapt_code":"A13987503","name":"월계2차한일","property_aptseq_join":"not_established","source_id":"seoul-openaptinfo"},"type":"Feature"},{"geometry":{"coordinates":[127.0804264,37.6681544],"type":"Point"},"id":"A13989701","properties":{"coordinate_status":"provider_xy_crs_unconfirmed","households":673,"kapt_code":"A13989701","name":"상계동아불암","property_aptseq_join":"not_established","source_id":"seoul-openaptinfo"},"type":"Feature"},{"geometry":{"coordinates":[127.0786452,37.6662247],"type":"Point"},"id":"A13989702","properties":{"coordinate_status":"provider_xy_crs_unconfirmed","households":434,"kapt_code":"A13989702","name":"상계동아불암임대","property_aptseq_join":"not_established","source_id":"seoul-openaptinfo"},"type":"Feature"},{"geometry":{"coordinates":[127.0454771,37.629816],"type":"Point"},"id":"A13991015","properties":{"coordinate_status":"provider_xy_crs_unconfirmed","households":154,"kapt_code":"A13991015","name":"월계유원","property_aptseq_join":"not_established","source_id":"seoul-openaptinfo"},"type":"Feature"},{"geometry":{"coordinates":[127.0582196,37.631732],"type":"Point"},"id":"A13991016","properties":{"coordinate_status":"provider_xy_crs_unconfirmed","households":205,"kapt_code":"A13991016","name":"월계동원베네스트","property_aptseq_join":"not_established","source_id":"seoul-openaptinfo"},"type":"Feature"},{"geometry":{"coordinates":[127.0443868,37.6304246],"type":"Point"},"id":"A13991017","properties":{"coordinate_status":"provider_xy_crs_unconfirmed","households":225,"kapt_code":"A13991017","name":"월계초안산쌍용","property_aptseq_join":"not_established","source_id":"seoul-openaptinfo"},"type":"Feature"},{"geometry":{"coordinates":[127.0507602,37.6259588],"type":"Point"},"id":"A13991018","properties":{"coordinate_status":"provider_xy_crs_unconfirmed","households":850,"kapt_code":"A13991018","name":"롯데캐슬루나","property_aptseq_join":"unique_official_road_address_and_name","property_complex_id":"molit-apt:11350:11350-1734","property_release_id":"property-eea48453a819f517","source_id":"seoul-openaptinfo"},"type":"Feature"},{"geometry":{"coordinates":[127.0817573,37.6503905],"type":"Point"},"id":"A13993001","properties":{"coordinate_status":"provider_xy_crs_unconfirmed","households":130,"kapt_code":"A13993001","name":"중계현대3차","property_aptseq_join":"not_established","source_id":"seoul-openaptinfo"},"type":"Feature"},{"geometry":{"coordinates":[127.084614411,37.648093536],"type":"Point"},"id":"A13993002","properties":{"coordinate_status":"provider_xy_crs_unconfirmed","households":140,"kapt_code":"A13993002","name":"중계현대2차","property_aptseq_join":"not_established","source_id":"seoul-openaptinfo"},"type":"Feature"},{"geometry":{"coordinates":[127.076932,37.6390508],"type":"Point"},"id":"A13993501","properties":{"coordinate_status":"provider_xy_crs_unconfirmed","households":396,"kapt_code":"A13993501","name":"하계삼익선경","property_aptseq_join":"not_established","source_id":"seoul-openaptinfo"},"type":"Feature"},{"geometry":{"coordinates":[127.0755733,37.6398137],"type":"Point"},"id":"A13993502","properties":{"coordinate_status":"provider_xy_crs_unconfirmed","households":498,"kapt_code":"A13993502","name":"하계한신동성","property_aptseq_join":"not_established","source_id":"seoul-openaptinfo"},"type":"Feature"},{"geometry":{"coordinates":[127.068697,37.6377945],"type":"Point"},"id":"A13993503","properties":{"coordinate_status":"provider_xy_crs_unconfirmed","households":1200,"kapt_code":"A13993503","name":"하계한신","property_aptseq_join":"not_established","source_id":"seoul-openaptinfo"},"type":"Feature"},{"geometry":{"coordinates":[127.0634711,37.6338463],"type":"Point"},"id":"A13993901","properties":{"coordinate_status":"provider_xy_crs_unconfirmed","households":486,"kapt_code":"A13993901","name":"하계학여울청구A","property_aptseq_join":"not_established","source_id":"seoul-openaptinfo"},"type":"Feature"},{"geometry":{"coordinates":[127.066935,37.6520108],"type":"Point"},"id":"A13994302","properties":{"coordinate_status":"provider_xy_crs_unconfirmed","households":492,"kapt_code":"A13994302","name":"상계한양","property_aptseq_join":"not_established","source_id":"seoul-openaptinfo"},"type":"Feature"},{"geometry":{"coordinates":[127.0774494,37.6264863],"type":"Point"},"id":"A13994501","properties":{"coordinate_status":"provider_xy_crs_unconfirmed","households":181,"kapt_code":"A13994501","name":"공릉현대성우","property_aptseq_join":"not_established","source_id":"seoul-openaptinfo"},"type":"Feature"},{"geometry":{"coordinates":[127.0605132,37.6300507],"type":"Point"},"id":"A13995602","properties":{"coordinate_status":"provider_xy_crs_unconfirmed","households":1372,"kapt_code":"A13995602","name":"월계사슴1단지","property_aptseq_join":"not_established","source_id":"seoul-openaptinfo"},"type":"Feature"},{"geometry":{"coordinates":[126.9729911,37.5371896],"type":"Point"},"id":"A14001101","properties":{"coordinate_status":"provider_xy_crs_unconfirmed","households":160,"kapt_code":"A14001101","name":"대우월드마크용산","property_aptseq_join":"unique_official_road_address_and_name","property_complex_id":"molit-apt:11170:11170-2539","property_release_id":"property-eea48453a819f517","source_id":"seoul-openaptinfo"},"type":"Feature"},{"geometry":{"coordinates":[126.9697692,37.5321985],"type":"Point"},"id":"A14001201","properties":{"coordinate_status":"provider_xy_crs_unconfirmed","households":248,"kapt_code":"A14001201","name":"한강로벽산메가트리움","property_aptseq_join":"not_established","source_id":"seoul-openaptinfo"},"type":"Feature"},{"geometry":{"coordinates":[126.9694981,37.5251636],"type":"Point"},"id":"A14001303","properties":{"coordinate_status":"provider_xy_crs_unconfirmed","households":421,"kapt_code":"A14001303","name":"용산시티파크1단지","property_aptseq_join":"unique_official_road_address_and_name","property_complex_id":"molit-apt:11170:11170-2522","property_release_id":"property-eea48453a819f517","source_id":"seoul-openaptinfo"},"type":"Feature"},{"geometry":{"coordinates":[126.9706853,37.5242783],"type":"Point"},"id":"A14002501","properties":{"coordinate_status":"provider_xy_crs_unconfirmed","households":888,"kapt_code":"A14002501","name":"파크타워","property_aptseq_join":"not_established","source_id":"seoul-openaptinfo"},"type":"Feature"},{"geometry":{"coordinates":[126.9692144,37.5216674],"type":"Point"},"id":"A14003001","properties":{"coordinate_status":"provider_xy_crs_unconfirmed","households":243,"kapt_code":"A14003001","name":"동부이촌동우성","property_aptseq_join":"not_established","source_id":"seoul-openaptinfo"},"type":"Feature"},{"geometry":{"coordinates":[126.9782605,37.5171632],"type":"Point"},"id":"A14003002","properties":{"coordinate_status":"provider_xy_crs_unconfirmed","households":250,"kapt_code":"A14003002","name":"이촌왕궁","property_aptseq_join":"not_established","source_id":"seoul-openaptinfo"},"type":"Feature"},{"geometry":{"coordinates":[126.9760338,37.5184763],"type":"Point"},"id":"A14003003","properties":{"coordinate_status":"provider_xy_crs_unconfirmed","households":252,"kapt_code":"A14003003","name":"한강삼익","property_aptseq_join":"not_established","source_id":"seoul-openaptinfo"},"type":"Feature"},{"geometry":{"coordinates":[126.9665209,37.5211983],"type":"Point"},"id":"A14003004","properties":{"coordinate_status":"provider_xy_crs_unconfirmed","households":309,"kapt_code":"A14003004","name":"이촌동부센트레빌","property_aptseq_join":"not_established","source_id":"seoul-openaptinfo"},"type":"Feature"},{"geometry":{"coordinates":[126.9579794,37.5240081],"type":"Point"},"id":"A14003006","properties":{"coordinate_status":"provider_xy_crs_unconfirmed","households":499,"kapt_code":"A14003006","name":"이촌동아그린아파트","property_aptseq_join":"not_established","source_id":"seoul-openaptinfo"},"type":"Feature"},{"geometry":{"coordinates":[126.9711068,37.5199669],"type":"Point"},"id":"A14003007","properties":{"coordinate_status":"provider_xy_crs_unconfirmed","households":656,"kapt_code":"A14003007","name":"LG한강자이","property_aptseq_join":"unique_official_road_address_and_name","property_complex_id":"molit-apt:11170:11170-156","property_release_id":"property-eea48453a819f517","source_id":"seoul-openaptinfo"},"type":"Feature"},{"geometry":{"coordinates":[126.9747156,37.5182077],"type":"Point"},"id":"A14003008","properties":{"coordinate_status":"provider_xy_crs_unconfirmed","households":660,"kapt_code":"A14003008","name":"이촌한강맨션","property_aptseq_join":"not_established","source_id":"seoul-openaptinfo"},"type":"Feature"},{"geometry":{"coordinates":[126.9819539,37.5170003],"type":"Point"},"id":"A14003101","properties":{"coordinate_status":"provider_xy_crs_unconfirmed","households":192,"kapt_code":"A14003101","name":"이촌반도","property_aptseq_join":"not_established","source_id":"seoul-openaptinfo"},"type":"Feature"},{"geometry":{"coordinates":[126.9768136,37.5172456],"type":"Point"},"id":"A14003104","properties":{"coordinate_status":"provider_xy_crs_unconfirmed","households":244,"kapt_code":"A14003104","name":"이촌동삼성리버스위트","property_aptseq_join":"unique_official_road_address_and_name","property_complex_id":"molit-apt:11170:11170-71","property_release_id":"property-eea48453a819f517","source_id":"seoul-openaptinfo"},"type":"Feature"},{"geometry":{"coordinates":[126.9702362,37.5224073],"type":"Point"},"id":"A14003105","properties":{"coordinate_status":"provider_xy_crs_unconfirmed","households":834,"kapt_code":"A14003105","name":"한강대우","property_aptseq_join":"not_established","source_id":"seoul-openaptinfo"},"type":"Feature"},{"geometry":{"coordinates":[126.9795589,37.5195296],"type":"Point"},"id":"A14003106","properties":{"coordinate_status":"provider_xy_crs_unconfirmed","households":1001,"kapt_code":"A14003106","name":"이촌강촌아파트","property_aptseq_join":"not_established","source_id":"seoul-openaptinfo"},"type":"Feature"},{"geometry":{"coordinates":[126.9496998,37.5356703],"type":"Point"},"id":"A14004001","properties":{"coordinate_status":"provider_xy_crs_unconfirmed","households":289,"kapt_code":"A14004001","name":"한강타운","property_aptseq_join":"unique_official_road_address_and_name","property_complex_id":"molit-apt:11170:11170-139","property_release_id":"property-eea48453a819f517","source_id":"seoul-openaptinfo"},"type":"Feature"},{"geometry":{"coordinates":[126.9497669,37.5348358],"type":"Point"},"id":"A14004002","properties":{"coordinate_status":"provider_xy_crs_unconfirmed","households":1102,"kapt_code":"A14004002","name":"리버힐삼성아파트","property_aptseq_join":"unique_official_road_address_and_name","property_complex_id":"molit-apt:11170:11170-138","property_release_id":"property-eea48453a819f517","source_id":"seoul-openaptinfo"},"type":"Feature"},{"geometry":{"coordinates":[126.9467137,37.5351772],"type":"Point"},"id":"A14005001","properties":{"coordinate_status":"provider_xy_crs_unconfirmed","households":170,"kapt_code":"A14005001","name":"청암자이","property_aptseq_join":"not_established","source_id":"seoul-openaptinfo"},"type":"Feature"},{"geometry":{"coordinates":[126.9541123,37.5370379],"type":"Point"},"id":"A14006001","properties":{"coordinate_status":"provider_xy_crs_unconfirmed","households":176,"kapt_code":"A14006001","name":"신창세방리버하이빌","property_aptseq_join":"not_established","source_id":"seoul-openaptinfo"},"type":"Feature"},{"geometry":{"coordinates":[126.9564008,37.5397888],"type":"Point"},"id":"A14007001","properties":{"coordinate_status":"provider_xy_crs_unconfirmed","households":534,"kapt_code":"A14007001","name":"도원삼성제2","property_aptseq_join":"not_established","source_id":"seoul-openaptinfo"},"type":"Feature"},{"geometry":{"coordinates":[126.9554472,37.5380983],"type":"Point"},"id":"A14007002","properties":{"coordinate_status":"provider_xy_crs_unconfirmed","households":1458,"kapt_code":"A14007002","name":"도원삼성래미안","property_aptseq_join":"not_established","source_id":"seoul-openaptinfo"},"type":"Feature"},{"geometry":{"coordinates":[126.9662337,37.5366333],"type":"Point"},"id":"A14009001","properties":{"coordinate_status":"provider_xy_crs_unconfirmed","households":867,"kapt_code":"A14009001","name":"용산e편한세상","property_aptseq_join":"unique_official_road_address_and_name","property_complex_id":"molit-apt:11170:11170-2843","property_release_id":"property-eea48453a819f517","source_id":"seoul-openaptinfo"},"type":"Feature"},{"geometry":{"coordinates":[126.9685337,37.5369449],"type":"Point"},"id":"A14010001","properties":{"coordinate_status":"provider_xy_crs_unconfirmed","households":208,"kapt_code":"A14010001","name":"용산아크로타워","property_aptseq_join":"not_established","source_id":"seoul-openaptinfo"},"type":"Feature"},{"geometry":{"coordinates":[126.9703386,37.5386273],"type":"Point"},"id":"A14010002","properties":{"coordinate_status":"provider_xy_crs_unconfirmed","households":188,"kapt_code":"A14010002","name":"이안용산프리미어","property_aptseq_join":"unique_official_road_address_and_name","property_complex_id":"molit-apt:11170:11170-2496","property_release_id":"property-eea48453a819f517","source_id":"seoul-openaptinfo"},"type":"Feature"},{"geometry":{"coordinates":[126.9691777,37.5360982],"type":"Point"},"id":"A14010003","properties":{"coordinate_status":"provider_xy_crs_unconfirmed","households":280,"kapt_code":"A14010003","name":"용산CJ나인파크","property_aptseq_join":"not_established","source_id":"seoul-openaptinfo"},"type":"Feature"},{"geometry":{"coordinates":[126.9757889,37.55185],"type":"Point"},"id":"A14019001","properties":{"coordinate_status":"provider_xy_crs_unconfirmed","households":226,"kapt_code":"A14019001","name":"후암미주","property_aptseq_join":"unique_official_road_address_and_name","property_complex_id":"molit-apt:11170:11170-4","property_release_id":"property-eea48453a819f517","source_id":"seoul-openaptinfo"},"type":"Feature"},{"geometry":{"coordinates":[127.0079791,37.5345031],"type":"Point"},"id":"A14021001","properties":{"coordinate_status":"provider_xy_crs_unconfirmed","households":371,"kapt_code":"A14021001","name":"한남동리첸시아","property_aptseq_join":"unique_official_road_address_and_name","property_complex_id":"molit-apt:11170:11170-184","property_release_id":"property-eea48453a819f517","source_id":"seoul-openaptinfo"},"type":"Feature"},{"geometry":{"coordinates":[126.9917568,37.5230753],"type":"Point"},"id":"A14024001","properties":{"coordinate_status":"provider_xy_crs_unconfirmed","households":172,"kapt_code":"A14024001","name":"서빙고금호베스트빌","property_aptseq_join":"not_established","source_id":"seoul-openaptinfo"},"type":"Feature"},{"geometry":{"coordinates":[126.9874041,37.5180956],"type":"Point"},"id":"A14024002","properties":{"coordinate_status":"provider_xy_crs_unconfirmed","households":1326,"kapt_code":"A14024002","name":"서빙고신동아","property_aptseq_join":"not_established","source_id":"seoul-openaptinfo"},"type":"Feature"},{"geometry":{"coordinates":[126.967643,37.5383221],"type":"Point"},"id":"A14070301","properties":{"coordinate_status":"provider_xy_crs_unconfirmed","households":260,"kapt_code":"A14070301","name":"리첸시아용산","property_aptseq_join":"not_established","source_id":"seoul-openaptinfo"},"type":"Feature"},{"geometry":{"coordinates":[126.9699352,37.5401796],"type":"Point"},"id":"A14070302","properties":{"coordinate_status":"provider_xy_crs_unconfirmed","households":589,"kapt_code":"A14070302","name":"용산더프라임","property_aptseq_join":"unique_official_road_address_and_name","property_complex_id":"molit-apt:11170:11170-2960","property_release_id":"property-eea48453a819f517","source_id":"seoul-openaptinfo"},"type":"Feature"},{"geometry":{"coordinates":[126.9732233,37.5516976],"type":"Point"},"id":"A14070901","properties":{"coordinate_status":"provider_xy_crs_unconfirmed","households":278,"kapt_code":"A14070901","name":"동부센트레빌아스테리움서울","property_aptseq_join":"not_established","source_id":"seoul-openaptinfo"},"type":"Feature"},{"geometry":{"coordinates":[126.9735558,37.5213784],"type":"Point"},"id":"A14072701","properties":{"coordinate_status":"provider_xy_crs_unconfirmed","households":2036,"kapt_code":"A14072701","name":"한가람아파트","property_aptseq_join":"not_established","source_id":"seoul-openaptinfo"},"type":"Feature"},{"geometry":{"coordinates":[126.9779266,37.5200205],"type":"Point"},"id":"A14072702","properties":{"coordinate_status":"provider_xy_crs_unconfirmed","households":834,"kapt_code":"A14072702","name":"이촌","property_aptseq_join":"not_established","source_id":"seoul-openaptinfo"},"type":"Feature"},{"geometry":{"coordinates":[126.9537952,37.5273113],"type":"Point"},"id":"A14072901","properties":{"coordinate_status":"provider_xy_crs_unconfirmed","households":340,"kapt_code":"A14072901","name":"북한강성원아파트","property_aptseq_join":"unique_official_road_address_and_name","property_complex_id":"molit-apt:11170:11170-47","property_release_id":"property-eea48453a819f517","source_id":"seoul-openaptinfo"},"type":"Feature"},{"geometry":{"coordinates":[126.9575243,37.5403072],"type":"Point"},"id":"A14074101","properties":{"coordinate_status":"provider_xy_crs_unconfirmed","households":307,"kapt_code":"A14074101","name":"효창파크푸르지오","property_aptseq_join":"unique_official_road_address_and_name","property_complex_id":"molit-apt:11170:11170-2821","property_release_id":"property-eea48453a819f517","source_id":"seoul-openaptinfo"},"type":"Feature"},{"geometry":{"coordinates":[126.959849536,37.525620831],"type":"Point"},"id":"A14074501","properties":{"coordinate_status":"provider_xy_crs_unconfirmed","households":144,"kapt_code":"A14074501","name":"한강로우림필유","property_aptseq_join":"not_established","source_id":"seoul-openaptinfo"},"type":"Feature"},{"geometry":{"coordinates":[126.9733121,37.5364563],"type":"Point"},"id":"A14075201","properties":{"coordinate_status":"provider_xy_crs_unconfirmed","households":310,"kapt_code":"A14075201","name":"용산파크자이","property_aptseq_join":"unique_official_road_address_and_name","property_complex_id":"molit-apt:11170:11170-2307","property_release_id":"property-eea48453a819f517","source_id":"seoul-openaptinfo"},"type":"Feature"},{"geometry":{"coordinates":[126.9513,37.5353],"type":"Point"},"id":"A14076401","properties":{"coordinate_status":"provider_xy_crs_unconfirmed","households":363,"kapt_code":"A14076401","name":"산천리버힐제2","property_aptseq_join":"not_established","source_id":"seoul-openaptinfo"},"type":"Feature"},{"geometry":{"coordinates":[127.0038012,37.5287855],"type":"Point"},"id":"A14077901","properties":{"coordinate_status":"provider_xy_crs_unconfirmed","households":283,"kapt_code":"A14077901","name":"한남힐스테이트","property_aptseq_join":"unique_official_road_address_and_name","property_complex_id":"molit-apt:11170:11170-145","property_release_id":"property-eea48453a819f517","source_id":"seoul-openaptinfo"},"type":"Feature"},{"geometry":{"coordinates":[127.0094956,37.5369784],"type":"Point"},"id":"A14077902","properties":{"coordinate_status":"provider_xy_crs_unconfirmed","households":600,"kapt_code":"A14077902","name":"한남더힐","property_aptseq_join":"unique_official_road_address_and_name","property_complex_id":"molit-apt:11170:11170-2839","property_release_id":"property-eea48453a819f517","source_id":"seoul-openaptinfo"},"type":"Feature"},{"geometry":{"coordinates":[127.0008993,37.5243671],"type":"Point"},"id":"A14082302","properties":{"coordinate_status":"provider_xy_crs_unconfirmed","households":242,"kapt_code":"A14082302","name":"보광삼성리버빌","property_aptseq_join":"not_established","source_id":"seoul-openaptinfo"},"type":"Feature"},{"geometry":{"coordinates":[127.0020509,37.5258366],"type":"Point"},"id":"A14082601","properties":{"coordinate_status":"provider_xy_crs_unconfirmed","households":226,"kapt_code":"A14082601","name":"신동아아파트","property_aptseq_join":"not_established","source_id":"seoul-openaptinfo"},"type":"Feature"},{"geometry":{"coordinates":[126.9591984,37.5362695],"type":"Point"},"id":"A14083101","properties":{"coordinate_status":"provider_xy_crs_unconfirmed","households":195,"kapt_code":"A14083101","name":"브라운스톤용산","property_aptseq_join":"not_established","source_id":"seoul-openaptinfo"},"type":"Feature"},{"geometry":{"coordinates":[126.9503821,37.5327172],"type":"Point"},"id":"A14085002","properties":{"coordinate_status":"provider_xy_crs_unconfirmed","households":554,"kapt_code":"A14085002","name":"원효산호","property_aptseq_join":"not_established","source_id":"seoul-openaptinfo"},"type":"Feature"},{"geometry":{"coordinates":[126.9485824,37.5340827],"type":"Point"},"id":"A14085101","properties":{"coordinate_status":"provider_xy_crs_unconfirmed","households":300,"kapt_code":"A14085101","name":"원효로강변삼성스위트","property_aptseq_join":"not_established","source_id":"seoul-openaptinfo"},"type":"Feature"},{"geometry":{"coordinates":[126.9575779,37.5233298],"type":"Point"},"id":"A14085501","properties":{"coordinate_status":"provider_xy_crs_unconfirmed","households":516,"kapt_code":"A14085501","name":"현대한강","property_aptseq_join":"unique_official_road_address_and_name","property_complex_id":"molit-apt:11170:11170-70","property_release_id":"property-eea48453a819f517","source_id":"seoul-openaptinfo"},"type":"Feature"},{"geometry":{"coordinates":[126.9948167,37.5299597],"type":"Point"},"id":"A14086001","properties":{"coordinate_status":"provider_xy_crs_unconfirmed","households":578,"kapt_code":"A14086001","name":"청화아파트","property_aptseq_join":"not_established","source_id":"seoul-openaptinfo"},"type":"Feature"},{"geometry":{"coordinates":[126.9888481,37.5407149],"type":"Point"},"id":"A14086101","properties":{"coordinate_status":"provider_xy_crs_unconfirmed","households":400,"kapt_code":"A14086101","name":"남산대림아파트","property_aptseq_join":"unique_official_road_address_and_name","property_complex_id":"molit-apt:11170:11170-72","property_release_id":"property-eea48453a819f517","source_id":"seoul-openaptinfo"},"type":"Feature"},{"geometry":{"coordinates":[126.9698845,37.5261643],"type":"Point"},"id":"A14088201","properties":{"coordinate_status":"provider_xy_crs_unconfirmed","households":208,"kapt_code":"A14088201","name":"시티파크2단지","property_aptseq_join":"unique_official_road_address_and_name","property_complex_id":"molit-apt:11170:11170-2521","property_release_id":"property-eea48453a819f517","source_id":"seoul-openaptinfo"},"type":"Feature"},{"geometry":{"coordinates":[126.9543702,37.5256238],"type":"Point"},"id":"A14090902","properties":{"coordinate_status":"provider_xy_crs_unconfirmed","households":638,"kapt_code":"A14090902","name":"이촌대림","property_aptseq_join":"not_established","source_id":"seoul-openaptinfo"},"type":"Feature"},{"geometry":{"coordinates":[127.0318985,37.6414469],"type":"Point"},"id":"A14206001","properties":{"coordinate_status":"provider_xy_crs_unconfirmed","households":228,"kapt_code":"A14206001","name":"번동삼성","property_aptseq_join":"not_established","source_id":"seoul-openaptinfo"},"type":"Feature"},{"geometry":{"coordinates":[127.0354275,37.6306127],"type":"Point"},"id":"A14206002","properties":{"coordinate_status":"provider_xy_crs_unconfirmed","households":284,"kapt_code":"A14206002","name":"번동금호어울림","property_aptseq_join":"unique_official_road_address_and_name","property_complex_id":"molit-apt:11305:11305-15","property_release_id":"property-eea48453a819f517","source_id":"seoul-openaptinfo"},"type":"Feature"},{"geometry":{"coordinates":[127.0472779,37.6247516],"type":"Point"},"id":"A14206003","properties":{"coordinate_status":"provider_xy_crs_unconfirmed","households":1430,"kapt_code":"A14206003","name":"번동1단지주공아파트","property_aptseq_join":"not_established","source_id":"seoul-openaptinfo"},"type":"Feature"},{"geometry":{"coordinates":[127.035615,37.6315389],"type":"Point"},"id":"A14206201","properties":{"coordinate_status":"provider_xy_crs_unconfirmed","households":245,"kapt_code":"A14206201","name":"오동공원현대홈타운","property_aptseq_join":"not_established","source_id":"seoul-openaptinfo"},"type":"Feature"},{"geometry":{"coordinates":[127.0390097,37.6310371],"type":"Point"},"id":"A14206202","properties":{"coordinate_status":"provider_xy_crs_unconfirmed","households":900,"kapt_code":"A14206202","name":"번동주공4단지","property_aptseq_join":"not_established","source_id":"seoul-openaptinfo"},"type":"Feature"},{"geometry":{"coordinates":[127.0382004,37.6239797],"type":"Point"},"id":"A14206301","properties":{"coordinate_status":"provider_xy_crs_unconfirmed","households":167,"kapt_code":"A14206301","name":"번동동문아파트","property_aptseq_join":"not_established","source_id":"seoul-openaptinfo"},"type":"Feature"},{"geometry":{"coordinates":[127.0446321,37.6248335],"type":"Point"},"id":"A14206302","properties":{"coordinate_status":"provider_xy_crs_unconfirmed","households":202,"kapt_code":"A14206302","name":"번동한진","property_aptseq_join":"not_established","source_id":"seoul-openaptinfo"},"type":"Feature"},{"geometry":{"coordinates":[127.0388516,37.6273663],"type":"Point"},"id":"A14206303","properties":{"coordinate_status":"provider_xy_crs_unconfirmed","households":225,"kapt_code":"A14206303","name":"번동한솔솔파크","property_aptseq_join":"not_established","source_id":"seoul-openaptinfo"},"type":"Feature"},{"geometry":{"coordinates":[127.0435775,37.6274606],"type":"Point"},"id":"A14206305","properties":{"coordinate_status":"provider_xy_crs_unconfirmed","households":263,"kapt_code":"A14206305","name":"번동기산그린","property_aptseq_join":"not_established","source_id":"seoul-openaptinfo"},"type":"Feature"},{"geometry":{"coordinates":[127.0433512,37.6259454],"type":"Point"},"id":"A14206306","properties":{"coordinate_status":"provider_xy_crs_unconfirmed","households":285,"kapt_code":"A14206306","name":"번동신원","property_aptseq_join":"not_established","source_id":"seoul-openaptinfo"},"type":"Feature"},{"geometry":{"coordinates":[127.0393754,37.6261832],"type":"Point"},"id":"A14206307","properties":{"coordinate_status":"provider_xy_crs_unconfirmed","households":380,"kapt_code":"A14206307","name":"번동솔그린","property_aptseq_join":"unique_official_road_address_and_name","property_complex_id":"molit-apt:11305:11305-21","property_release_id":"property-eea48453a819f517","source_id":"seoul-openaptinfo"},"type":"Feature"},{"geometry":{"coordinates":[127.044693051,37.625696977],"type":"Point"},"id":"A14206310","properties":{"coordinate_status":"provider_xy_crs_unconfirmed","households":1766,"kapt_code":"A14206310","name":"번동주공2단지","property_aptseq_join":"not_established","source_id":"seoul-openaptinfo"},"type":"Feature"},{"geometry":{"coordinates":[127.0181926,37.6447964],"type":"Point"},"id":"A14207201","properties":{"coordinate_status":"provider_xy_crs_unconfirmed","households":180,"kapt_code":"A14207201","name":"래미안수유임대","property_aptseq_join":"not_established","source_id":"seoul-openaptinfo"},"type":"Feature"},{"geometry":{"coordinates":[127.0181926,37.6447964],"type":"Point"},"id":"A14207202","properties":{"coordinate_status":"provider_xy_crs_unconfirmed","households":510,"kapt_code":"A14207202","name":"래미안수유","property_aptseq_join":"not_established","source_id":"seoul-openaptinfo"},"type":"Feature"},{"geometry":{"coordinates":[127.017972,37.6419753],"type":"Point"},"id":"A14207203","properties":{"coordinate_status":"provider_xy_crs_unconfirmed","households":1454,"kapt_code":"A14207203","name":"수유벽산","property_aptseq_join":"not_established","source_id":"seoul-openaptinfo"},"type":"Feature"},{"geometry":{"coordinates":[127.0111527,37.6554406],"type":"Point"},"id":"A14209001","properties":{"coordinate_status":"provider_xy_crs_unconfirmed","households":260,"kapt_code":"A14209001","name":"우이대우","property_aptseq_join":"not_established","source_id":"seoul-openaptinfo"},"type":"Feature"},{"geometry":{"coordinates":[127.0185281,37.6172903],"type":"Point"},"id":"A14210001","properties":{"coordinate_status":"provider_xy_crs_unconfirmed","households":673,"kapt_code":"A14210001","name":"삼각산아이원임대","property_aptseq_join":"not_established","source_id":"seoul-openaptinfo"},"type":"Feature"},{"geometry":{"coordinates":[127.0181315,37.615229],"type":"Point"},"id":"A14210002","properties":{"coordinate_status":"provider_xy_crs_unconfirmed","households":1344,"kapt_code":"A14210002","name":"삼각산아이원","property_aptseq_join":"not_established","source_id":"seoul-openaptinfo"},"type":"Feature"},{"geometry":{"coordinates":[127.0320254,37.6358401],"type":"Point"},"id":"A14270301","properties":{"coordinate_status":"provider_xy_crs_unconfirmed","households":292,"kapt_code":"A14270301","name":"수유역두산위브","property_aptseq_join":"not_established","source_id":"seoul-openaptinfo"},"type":"Feature"},{"geometry":{"coordinates":[127.0365907,37.6148297],"type":"Point"},"id":"A14272303","properties":{"coordinate_status":"provider_xy_crs_unconfirmed","households":384,"kapt_code":"A14272303","name":"한일유앤아이","property_aptseq_join":"not_established","source_id":"seoul-openaptinfo"},"type":"Feature"},{"geometry":{"coordinates":[127.0123459,37.6181847],"type":"Point"},"id":"A14272304","properties":{"coordinate_status":"provider_xy_crs_unconfirmed","households":3830,"kapt_code":"A14272304","name":"SK북한산시티아파트","property_aptseq_join":"not_established","source_id":"seoul-openaptinfo"},"type":"Feature"},{"geometry":{"coordinates":[127.0108365,37.6211567],"type":"Point"},"id":"A14272305","properties":{"coordinate_status":"provider_xy_crs_unconfirmed","households":1585,"kapt_code":"A14272305","name":"벽산라이브파크","property_aptseq_join":"not_established","source_id":"seoul-openaptinfo"},"type":"Feature"},{"geometry":{"coordinates":[127.0357365,37.6151287],"type":"Point"},"id":"A14272306","properties":{"coordinate_status":"provider_xy_crs_unconfirmed","households":860,"kapt_code":"A14272306","name":"미아경남아너스빌","property_aptseq_join":"not_established","source_id":"seoul-openaptinfo"},"type":"Feature"},{"geometry":{"coordinates":[127.0258094,37.6307852],"type":"Point"},"id":"A14272307","properties":{"coordinate_status":"provider_xy_crs_unconfirmed","households":231,"kapt_code":"A14272307","name":"미아현대","property_aptseq_join":"not_established","source_id":"seoul-openaptinfo"},"type":"Feature"},{"geometry":{"coordinates":[127.0204597,37.6175436],"type":"Point"},"id":"A14272308","properties":{"coordinate_status":"provider_xy_crs_unconfirmed","households":1330,"kapt_code":"A14272308","name":"래미안트리베라2차","property_aptseq_join":"not_established","source_id":"seoul-openaptinfo"},"type":"Feature"},{"geometry":{"coordinates":[127.0212663,37.6134883],"type":"Point"},"id":"A14272309","properties":{"coordinate_status":"provider_xy_crs_unconfirmed","households":1247,"kapt_code":"A14272309","name":"래미안트리베라1차","property_aptseq_join":"not_established","source_id":"seoul-openaptinfo"},"type":"Feature"},{"geometry":{"coordinates":[127.0088262,37.6195737],"type":"Point"},"id":"A14272310","properties":{"coordinate_status":"provider_xy_crs_unconfirmed","households":490,"kapt_code":"A14272310","name":"미아벽산임대","property_aptseq_join":"not_established","source_id":"seoul-openaptinfo"},"type":"Feature"},{"geometry":{"coordinates":[127.0127489,37.6199864],"type":"Point"},"id":"A14272311","properties":{"coordinate_status":"provider_xy_crs_unconfirmed","households":1497,"kapt_code":"A14272311","name":"SK북한산시티임대","property_aptseq_join":"not_established","source_id":"seoul-openaptinfo"},"type":"Feature"},{"geometry":{"coordinates":[127.0252696,37.6125334],"type":"Point"},"id":"A14272313","properties":{"coordinate_status":"provider_xy_crs_unconfirmed","households":376,"kapt_code":"A14272313","name":"송천센트레빌","property_aptseq_join":"unique_official_road_address_and_name","property_complex_id":"molit-apt:11305:11305-4158","property_release_id":"property-eea48453a819f517","source_id":"seoul-openaptinfo"},"type":"Feature"},{"geometry":{"coordinates":[127.0171258,37.6175803],"type":"Point"},"id":"A14272314","properties":{"coordinate_status":"provider_xy_crs_unconfirmed","households":1370,"kapt_code":"A14272314","name":"미아뉴타운두산위브트레지움","property_aptseq_join":"not_established","source_id":"seoul-openaptinfo"},"type":"Feature"},{"geometry":{"coordinates":[127.041121876,37.62797742],"type":"Point"},"id":"A14276311","properties":{"coordinate_status":"provider_xy_crs_unconfirmed","households":1560,"kapt_code":"A14276311","name":"번동주공3단지","property_aptseq_join":"not_established","source_id":"seoul-openaptinfo"},"type":"Feature"},{"geometry":{"coordinates":[127.019477,37.6260408],"type":"Point"},"id":"A14277601","properties":{"coordinate_status":"provider_xy_crs_unconfirmed","households":306,"kapt_code":"A14277601","name":"래미안미아1차","property_aptseq_join":"not_established","source_id":"seoul-openaptinfo"},"type":"Feature"},{"geometry":{"coordinates":[127.0121448,37.6419306],"type":"Point"},"id":"A14278101","properties":{"coordinate_status":"provider_xy_crs_unconfirmed","households":574,"kapt_code":"A14278101","name":"수유극동아파트","property_aptseq_join":"not_established","source_id":"seoul-openaptinfo"},"type":"Feature"},{"geometry":{"coordinates":[127.0257283,37.6136824],"type":"Point"},"id":"A14280502","properties":{"coordinate_status":"provider_xy_crs_unconfirmed","households":480,"kapt_code":"A14280502","name":"미아동부센트레빌","property_aptseq_join":"unique_official_road_address_and_name","property_complex_id":"molit-apt:11305:11305-3667","property_release_id":"property-eea48453a819f517","source_id":"seoul-openaptinfo"},"type":"Feature"},{"geometry":{"coordinates":[127.0221097,37.6170268],"type":"Point"},"id":"A14281701","properties":{"coordinate_status":"provider_xy_crs_unconfirmed","households":216,"kapt_code":"A14281701","name":"현대성우","property_aptseq_join":"unique_official_road_address_and_name","property_complex_id":"molit-apt:11305:11305-5","property_release_id":"property-eea48453a819f517","source_id":"seoul-openaptinfo"},"type":"Feature"},{"geometry":{"coordinates":[127.0191154,37.6287523],"type":"Point"},"id":"A14282301","properties":{"coordinate_status":"provider_xy_crs_unconfirmed","households":208,"kapt_code":"A14282301","name":"미아2동경남아너스빌","property_aptseq_join":"not_established","source_id":"seoul-openaptinfo"},"type":"Feature"},{"geometry":{"coordinates":[127.0417145,37.626473],"type":"Point"},"id":"A14286104","properties":{"coordinate_status":"provider_xy_crs_unconfirmed","households":261,"kapt_code":"A14286104","name":"번동한양","property_aptseq_join":"unique_official_road_address_and_name","property_complex_id":"molit-apt:11305:11305-26","property_release_id":"property-eea48453a819f517","source_id":"seoul-openaptinfo"},"type":"Feature"},{"geometry":{"coordinates":[127.0375124,37.62658],"type":"Point"},"id":"A14286108","properties":{"coordinate_status":"provider_xy_crs_unconfirmed","households":430,"kapt_code":"A14286108","name":"해모로","property_aptseq_join":"unique_official_road_address_and_name","property_complex_id":"molit-apt:11305:11305-28","property_release_id":"property-eea48453a819f517","source_id":"seoul-openaptinfo"},"type":"Feature"},{"geometry":{"coordinates":[127.033892838,37.633145753],"type":"Point"},"id":"A14286203","properties":{"coordinate_status":"provider_xy_crs_unconfirmed","households":1123,"kapt_code":"A14286203","name":"번동주공5단지","property_aptseq_join":"not_established","source_id":"seoul-openaptinfo"},"type":"Feature"},{"geometry":{"coordinates":[127.0138641,37.6618442],"type":"Point"},"id":"A14287102","properties":{"coordinate_status":"provider_xy_crs_unconfirmed","households":262,"kapt_code":"A14287102","name":"우이동성원아파트","property_aptseq_join":"not_established","source_id":"seoul-openaptinfo"},"type":"Feature"},{"geometry":{"coordinates":[127.0658562,37.5445122],"type":"Point"},"id":"A14313001","properties":{"coordinate_status":"provider_xy_crs_unconfirmed","households":253,"kapt_code":"A14313001","name":"화양현대","property_aptseq_join":"unique_official_road_address_and_name","property_complex_id":"molit-apt:11215:11215-99","property_release_id":"property-eea48453a819f517","source_id":"seoul-openaptinfo"},"type":"Feature"},{"geometry":{"coordinates":[127.083991,37.5294321],"type":"Point"},"id":"A14319001","properties":{"coordinate_status":"provider_xy_crs_unconfirmed","households":150,"kapt_code":"A14319001","name":"자양경남아너스빌","property_aptseq_join":"not_established","source_id":"seoul-openaptinfo"},"type":"Feature"},{"geometry":{"coordinates":[127.0644764,37.5336956],"type":"Point"},"id":"A14319002","properties":{"coordinate_status":"provider_xy_crs_unconfirmed","households":158,"kapt_code":"A14319002","name":"자양한강극동","property_aptseq_join":"not_established","source_id":"seoul-openaptinfo"},"type":"Feature"},{"geometry":{"coordinates":[127.0824168,37.5281212],"type":"Point"},"id":"A14319003","properties":{"coordinate_status":"provider_xy_crs_unconfirmed","households":182,"kapt_code":"A14319003","name":"자양현대","property_aptseq_join":"not_established","source_id":"seoul-openaptinfo"},"type":"Feature"},{"geometry":{"coordinates":[127.066837,37.5330936],"type":"Point"},"id":"A14319005","properties":{"coordinate_status":"provider_xy_crs_unconfirmed","households":204,"kapt_code":"A14319005","name":"자양한강현대","property_aptseq_join":"not_established","source_id":"seoul-openaptinfo"},"type":"Feature"},{"geometry":{"coordinates":[127.070339,37.534323],"type":"Point"},"id":"A14319006","properties":{"coordinate_status":"provider_xy_crs_unconfirmed","households":235,"kapt_code":"A14319006","name":"자양2차현대","property_aptseq_join":"not_established","source_id":"seoul-openaptinfo"},"type":"Feature"},{"geometry":{"coordinates":[127.0719554,37.533512],"type":"Point"},"id":"A14319007","properties":{"coordinate_status":"provider_xy_crs_unconfirmed","households":257,"kapt_code":"A14319007","name":"자양현대홈타운8차","property_aptseq_join":"not_established","source_id":"seoul-openaptinfo"},"type":"Feature"},{"geometry":{"coordinates":[127.0683929,37.5361407],"type":"Point"},"id":"A14319008","properties":{"coordinate_status":"provider_xy_crs_unconfirmed","households":314,"kapt_code":"A14319008","name":"자양대동","property_aptseq_join":"not_established","source_id":"seoul-openaptinfo"},"type":"Feature"},{"geometry":{"coordinates":[127.0810276,37.528332],"type":"Point"},"id":"A14319009","properties":{"coordinate_status":"provider_xy_crs_unconfirmed","households":322,"kapt_code":"A14319009","name":"자양로얄동아","property_aptseq_join":"not_established","source_id":"seoul-openaptinfo"},"type":"Feature"},{"geometry":{"coordinates":[127.0657325,37.532579],"type":"Point"},"id":"A14319010","properties":{"coordinate_status":"provider_xy_crs_unconfirmed","households":355,"kapt_code":"A14319010","name":"한강우성아파트","property_aptseq_join":"unique_official_road_address_and_name","property_complex_id":"molit-apt:11215:11215-47","property_release_id":"property-eea48453a819f517","source_id":"seoul-openaptinfo"},"type":"Feature"},{"geometry":{"coordinates":[127.0755843,37.534414],"type":"Point"},"id":"A14319011","properties":{"coordinate_status":"provider_xy_crs_unconfirmed","households":656,"kapt_code":"A14319011","name":"자양우성1차","property_aptseq_join":"not_established","source_id":"seoul-openaptinfo"},"type":"Feature"},{"geometry":{"coordinates":[127.072564,37.5378573],"type":"Point"},"id":"A14319012","properties":{"coordinate_status":"provider_xy_crs_unconfirmed","households":1177,"kapt_code":"A14319012","name":"자양더샵스타시티","property_aptseq_join":"not_established","source_id":"seoul-openaptinfo"},"type":"Feature"},{"geometry":{"coordinates":[127.0856424,37.5283974],"type":"Point"},"id":"A14319201","properties":{"coordinate_status":"provider_xy_crs_unconfirmed","households":208,"kapt_code":"A14319201","name":"현대강변","property_aptseq_join":"unique_official_road_address_and_name","property_complex_id":"molit-apt:11215:11215-76","property_release_id":"property-eea48453a819f517","source_id":"seoul-openaptinfo"},"type":"Feature"},{"geometry":{"coordinates":[127.0782918,37.5286059],"type":"Point"},"id":"A14319203","properties":{"coordinate_status":"provider_xy_crs_unconfirmed","households":270,"kapt_code":"A14319203","name":"자양현대5차","property_aptseq_join":"not_established","source_id":"seoul-openaptinfo"},"type":"Feature"},{"geometry":{"coordinates":[127.0834571,37.5285844],"type":"Point"},"id":"A14319204","properties":{"coordinate_status":"provider_xy_crs_unconfirmed","households":439,"kapt_code":"A14319204","name":"자양현대3차","property_aptseq_join":"not_established","source_id":"seoul-openaptinfo"},"type":"Feature"},{"geometry":{"coordinates":[127.0716693,37.5328509],"type":"Point"},"id":"A14319301","properties":{"coordinate_status":"provider_xy_crs_unconfirmed","households":178,"kapt_code":"A14319301","name":"자양현대6차","property_aptseq_join":"not_established","source_id":"seoul-openaptinfo"},"type":"Feature"},{"geometry":{"coordinates":[127.0705581,37.531148],"type":"Point"},"id":"A14319302","properties":{"coordinate_status":"provider_xy_crs_unconfirmed","households":214,"kapt_code":"A14319302","name":"자양우방리버파크","property_aptseq_join":"not_established","source_id":"seoul-openaptinfo"},"type":"Feature"},{"geometry":{"coordinates":[127.0705101,37.5334548],"type":"Point"},"id":"A14319303","properties":{"coordinate_status":"provider_xy_crs_unconfirmed","households":245,"kapt_code":"A14319303","name":"자양현대홈타운10차","property_aptseq_join":"not_established","source_id":"seoul-openaptinfo"},"type":"Feature"},{"geometry":{"coordinates":[127.0679584,37.5318975],"type":"Point"},"id":"A14319305","properties":{"coordinate_status":"provider_xy_crs_unconfirmed","households":204,"kapt_code":"A14319305","name":"광진트라팰리스","property_aptseq_join":"unique_official_road_address_and_name","property_complex_id":"molit-apt:11215:11215-2457","property_release_id":"property-eea48453a819f517","source_id":"seoul-openaptinfo"},"type":"Feature"},{"geometry":{"coordinates":[127.0680706,37.5329945],"type":"Point"},"id":"A14319306","properties":{"coordinate_status":"provider_xy_crs_unconfirmed","households":260,"kapt_code":"A14319306","name":"이튼타워리버3차","property_aptseq_join":"unique_official_road_address_and_name","property_complex_id":"molit-apt:11215:11215-2484","property_release_id":"property-eea48453a819f517","source_id":"seoul-openaptinfo"},"type":"Feature"},{"geometry":{"coordinates":[127.0700492,37.5356629],"type":"Point"},"id":"A14319307","properties":{"coordinate_status":"provider_xy_crs_unconfirmed","households":329,"kapt_code":"A14319307","name":"자양한라","property_aptseq_join":"not_established","source_id":"seoul-openaptinfo"},"type":"Feature"},{"geometry":{"coordinates":[127.074599,37.5363612],"type":"Point"},"id":"A14319311","properties":{"coordinate_status":"provider_xy_crs_unconfirmed","households":625,"kapt_code":"A14319311","name":"자양우성7차","property_aptseq_join":"not_established","source_id":"seoul-openaptinfo"},"type":"Feature"},{"geometry":{"coordinates":[127.0909417,37.5368422],"type":"Point"},"id":"A14320001","properties":{"coordinate_status":"provider_xy_crs_unconfirmed","households":273,"kapt_code":"A14320001","name":"구의현대7단지","property_aptseq_join":"not_established","source_id":"seoul-openaptinfo"},"type":"Feature"},{"geometry":{"coordinates":[127.0928472,37.5360563],"type":"Point"},"id":"A14320002","properties":{"coordinate_status":"provider_xy_crs_unconfirmed","households":220,"kapt_code":"A14320002","name":"구의대림아크로리버","property_aptseq_join":"not_established","source_id":"seoul-openaptinfo"},"type":"Feature"},{"geometry":{"coordinates":[127.0933387,37.5358159],"type":"Point"},"id":"A14320302","properties":{"coordinate_status":"provider_xy_crs_unconfirmed","households":354,"kapt_code":"A14320302","name":"구의강변우성","property_aptseq_join":"unique_official_road_address_and_name","property_complex_id":"molit-apt:11215:11215-24","property_release_id":"property-eea48453a819f517","source_id":"seoul-openaptinfo"},"type":"Feature"},{"geometry":{"coordinates":[127.0974527,37.5372144],"type":"Point"},"id":"A14320304","properties":{"coordinate_status":"provider_xy_crs_unconfirmed","households":1592,"kapt_code":"A14320304","name":"구의현대프라임","property_aptseq_join":"not_established","source_id":"seoul-openaptinfo"},"type":"Feature"},{"geometry":{"coordinates":[127.0969941,37.5430085],"type":"Point"},"id":"A14321001","properties":{"coordinate_status":"provider_xy_crs_unconfirmed","households":159,"kapt_code":"A14321001","name":"광장11현대홈타운","property_aptseq_join":"not_established","source_id":"seoul-openaptinfo"},"type":"Feature"},{"geometry":{"coordinates":[127.086509,37.5688712],"type":"Point"},"id":"A14322001","properties":{"coordinate_status":"provider_xy_crs_unconfirmed","households":182,"kapt_code":"A14322001","name":"중곡SK","property_aptseq_join":"not_established","source_id":"seoul-openaptinfo"},"type":"Feature"},{"geometry":{"coordinates":[127.0995743,37.5431841],"type":"Point"},"id":"A14375301","properties":{"coordinate_status":"provider_xy_crs_unconfirmed","households":453,"kapt_code":"A14375301","name":"광장힐스테이트","property_aptseq_join":"unique_official_road_address_and_name","property_complex_id":"molit-apt:11215:11215-3062","property_release_id":"property-eea48453a819f517","source_id":"seoul-openaptinfo"},"type":"Feature"},{"geometry":{"coordinates":[127.10927513,37.549872011],"type":"Point"},"id":"A14375302","properties":{"coordinate_status":"provider_xy_crs_unconfirmed","households":200,"kapt_code":"A14375302","name":"워커힐푸르지오","property_aptseq_join":"not_established","source_id":"seoul-openaptinfo"},"type":"Feature"},{"geometry":{"coordinates":[127.102807658,37.545078473],"type":"Point"},"id":"A14375303","properties":{"coordinate_status":"provider_xy_crs_unconfirmed","households":119,"kapt_code":"A14375303","name":"현대홈타운12차","property_aptseq_join":"unique_official_road_address_and_name","property_complex_id":"molit-apt:11215:11215-130","property_release_id":"property-eea48453a819f517","source_id":"seoul-openaptinfo"},"type":"Feature"},{"geometry":{"coordinates":[127.084689,37.5281456],"type":"Point"},"id":"A14376501","properties":{"coordinate_status":"provider_xy_crs_unconfirmed","households":185,"kapt_code":"A14376501","name":"한솔리베르","property_aptseq_join":"unique_official_road_address_and_name","property_complex_id":"molit-apt:11215:11215-71","property_release_id":"property-eea48453a819f517","source_id":"seoul-openaptinfo"},"type":"Feature"},{"geometry":{"coordinates":[127.0691221,37.5321145],"type":"Point"},"id":"A14377402","properties":{"coordinate_status":"provider_xy_crs_unconfirmed","households":279,"kapt_code":"A14377402","name":"이튼타워리버5차","property_aptseq_join":"unique_official_road_address_and_name","property_complex_id":"molit-apt:11215:11215-2790","property_release_id":"property-eea48453a819f517","source_id":"seoul-openaptinfo"},"type":"Feature"},{"geometry":{"coordinates":[127.1065657,37.5502689],"type":"Point"},"id":"A14380211","properties":{"coordinate_status":"provider_xy_crs_unconfirmed","households":576,"kapt_code":"A14380211","name":"워커힐아파트","property_aptseq_join":"unique_official_road_address_and_name","property_complex_id":"molit-apt:11215:11215-11","property_release_id":"property-eea48453a819f517","source_id":"seoul-openaptinfo"},"type":"Feature"},{"geometry":{"coordinates":[127.1042868,37.5431884],"type":"Point"},"id":"A14380409","properties":{"coordinate_status":"provider_xy_crs_unconfirmed","households":448,"kapt_code":"A14380409","name":"광장극동1차","property_aptseq_join":"not_established","source_id":"seoul-openaptinfo"},"type":"Feature"},{"geometry":{"coordinates":[127.1041476,37.5433615],"type":"Point"},"id":"A14380414","properties":{"coordinate_status":"provider_xy_crs_unconfirmed","households":896,"kapt_code":"A14380414","name":"극동2차아파트","property_aptseq_join":"not_established","source_id":"seoul-openaptinfo"},"type":"Feature"},{"geometry":{"coordinates":[127.1043531,37.5467753],"type":"Point"},"id":"A14380605","properties":{"coordinate_status":"provider_xy_crs_unconfirmed","households":302,"kapt_code":"A14380605","name":"광장신동아파밀리에","property_aptseq_join":"not_established","source_id":"seoul-openaptinfo"},"type":"Feature"},{"geometry":{"coordinates":[127.108811,37.5471414],"type":"Point"},"id":"A14381407","properties":{"coordinate_status":"provider_xy_crs_unconfirmed","households":380,"kapt_code":"A14381407","name":"광장동 광나루현대","property_aptseq_join":"not_established","source_id":"seoul-openaptinfo"},"type":"Feature"},{"geometry":{"coordinates":[127.0985124,37.5404026],"type":"Point"},"id":"A14381415","properties":{"coordinate_status":"provider_xy_crs_unconfirmed","households":1056,"kapt_code":"A14381415","name":"광장현대3단지아파트","property_aptseq_join":"not_established","source_id":"seoul-openaptinfo"},"type":"Feature"},{"geometry":{"coordinates":[127.0940234,37.5437571],"type":"Point"},"id":"A14381504","properties":{"coordinate_status":"provider_xy_crs_unconfirmed","households":242,"kapt_code":"A14381504","name":"광장동금호베스트빌","property_aptseq_join":"not_established","source_id":"seoul-openaptinfo"},"type":"Feature"},{"geometry":{"coordinates":[127.1020927,37.5426383],"type":"Point"},"id":"A14381506","properties":{"coordinate_status":"provider_xy_crs_unconfirmed","households":360,"kapt_code":"A14381506","name":"광장삼성1,2차","property_aptseq_join":"not_established","source_id":"seoul-openaptinfo"},"type":"Feature"},{"geometry":{"coordinates":[127.0976662,37.542369],"type":"Point"},"id":"A14381508","properties":{"coordinate_status":"provider_xy_crs_unconfirmed","households":437,"kapt_code":"A14381508","name":"광장현대9차","property_aptseq_join":"not_established","source_id":"seoul-openaptinfo"},"type":"Feature"},{"geometry":{"coordinates":[127.1001431,37.5421038],"type":"Point"},"id":"A14381510","properties":{"coordinate_status":"provider_xy_crs_unconfirmed","households":537,"kapt_code":"A14381510","name":"광장현대8단지","property_aptseq_join":"not_established","source_id":"seoul-openaptinfo"},"type":"Feature"},{"geometry":{"coordinates":[127.0998456,37.5396425],"type":"Point"},"id":"A14381512","properties":{"coordinate_status":"provider_xy_crs_unconfirmed","households":581,"kapt_code":"A14381512","name":"광장현대5단지","property_aptseq_join":"not_established","source_id":"seoul-openaptinfo"},"type":"Feature"},{"geometry":{"coordinates":[127.0962915,37.5425784],"type":"Point"},"id":"A14381513","properties":{"coordinate_status":"provider_xy_crs_unconfirmed","households":654,"kapt_code":"A14381513","name":"광장청구","property_aptseq_join":"not_established","source_id":"seoul-openaptinfo"},"type":"Feature"},{"geometry":{"coordinates":[127.1015396,37.5441501],"type":"Point"},"id":"A14381516","properties":{"coordinate_status":"provider_xy_crs_unconfirmed","households":1170,"kapt_code":"A14381516","name":"광장현대파크빌","property_aptseq_join":"not_established","source_id":"seoul-openaptinfo"},"type":"Feature"},{"geometry":{"coordinates":[127.0948021,37.5399785],"type":"Point"},"id":"A14382101","properties":{"coordinate_status":"provider_xy_crs_unconfirmed","households":253,"kapt_code":"A14382101","name":"구의삼성쉐르빌","property_aptseq_join":"not_established","source_id":"seoul-openaptinfo"},"type":"Feature"},{"geometry":{"coordinates":[127.0948893,37.5384356],"type":"Point"},"id":"A14383203","properties":{"coordinate_status":"provider_xy_crs_unconfirmed","households":421,"kapt_code":"A14383203","name":"구의현대6단지","property_aptseq_join":"unique_official_road_address_and_name","property_complex_id":"molit-apt:11215:11215-26","property_release_id":"property-eea48453a819f517","source_id":"seoul-openaptinfo"},"type":"Feature"},{"geometry":{"coordinates":[127.0961406,37.5394441],"type":"Point"},"id":"A14383205","properties":{"coordinate_status":"provider_xy_crs_unconfirmed","households":1606,"kapt_code":"A14383205","name":"구의현대2단지","property_aptseq_join":"unique_official_road_address_and_name","property_complex_id":"molit-apt:11215:11215-25","property_release_id":"property-eea48453a819f517","source_id":"seoul-openaptinfo"},"type":"Feature"},{"geometry":{"coordinates":[127.0726402,37.551275],"type":"Point"},"id":"A14383901","properties":{"coordinate_status":"provider_xy_crs_unconfirmed","households":357,"kapt_code":"A14383901","name":"군자일성파크","property_aptseq_join":"not_established","source_id":"seoul-openaptinfo"},"type":"Feature"},{"geometry":{"coordinates":[127.0735348,37.533336],"type":"Point"},"id":"A14386109","properties":{"coordinate_status":"provider_xy_crs_unconfirmed","households":405,"kapt_code":"A14386109","name":"자양우성2차","property_aptseq_join":"not_established","source_id":"seoul-openaptinfo"},"type":"Feature"},{"geometry":{"coordinates":[127.0720703,37.5359897],"type":"Point"},"id":"A14386110","properties":{"coordinate_status":"provider_xy_crs_unconfirmed","households":464,"kapt_code":"A14386110","name":"자양우성3차","property_aptseq_join":"not_established","source_id":"seoul-openaptinfo"},"type":"Feature"},{"geometry":{"coordinates":[127.0789282,37.5291422],"type":"Point"},"id":"A14386802","properties":{"coordinate_status":"provider_xy_crs_unconfirmed","households":232,"kapt_code":"A14386802","name":"자양경남","property_aptseq_join":"not_established","source_id":"seoul-openaptinfo"},"type":"Feature"},{"geometry":{"coordinates":[127.0910116,37.5314488],"type":"Point"},"id":"A14387605","properties":{"coordinate_status":"provider_xy_crs_unconfirmed","households":444,"kapt_code":"A14387605","name":"자양한양","property_aptseq_join":"not_established","source_id":"seoul-openaptinfo"},"type":"Feature"},{"geometry":{"coordinates":[127.0697787,37.5329831],"type":"Point"},"id":"A14388204","properties":{"coordinate_status":"provider_xy_crs_unconfirmed","households":252,"kapt_code":"A14388204","name":"자양7차현대홈타운","property_aptseq_join":"unique_official_road_address_and_name","property_complex_id":"molit-apt:11215:11215-74","property_release_id":"property-eea48453a819f517","source_id":"seoul-openaptinfo"},"type":"Feature"},{"geometry":{"coordinates":[127.0715987,37.5324954],"type":"Point"},"id":"A14388208","properties":{"coordinate_status":"provider_xy_crs_unconfirmed","households":375,"kapt_code":"A14388208","name":"자양동삼성아파트","property_aptseq_join":"not_established","source_id":"seoul-openaptinfo"},"type":"Feature"},{"geometry":{"coordinates":[126.9231927,37.5309637],"type":"Point"},"id":"A15001001","properties":{"coordinate_status":"provider_xy_crs_unconfirmed","households":153,"kapt_code":"A15001001","name":"여의도초원","property_aptseq_join":"not_established","source_id":"seoul-openaptinfo"},"type":"Feature"},{"geometry":{"coordinates":[126.9311508,37.5270586],"type":"Point"},"id":"A15001003","properties":{"coordinate_status":"provider_xy_crs_unconfirmed","households":192,"kapt_code":"A15001003","name":"서울아파트관리사무소","property_aptseq_join":"not_established","source_id":"seoul-openaptinfo"},"type":"Feature"},{"geometry":{"coordinates":[126.9342433,37.5234281],"type":"Point"},"id":"A15001004","properties":{"coordinate_status":"provider_xy_crs_unconfirmed","households":196,"kapt_code":"A15001004","name":"여의도장미","property_aptseq_join":"not_established","source_id":"seoul-openaptinfo"},"type":"Feature"},{"geometry":{"coordinates":[126.9395985,37.5186433],"type":"Point"},"id":"A15001005","properties":{"coordinate_status":"provider_xy_crs_unconfirmed","households":248,"kapt_code":"A15001005","name":"여의도금호리첸시아","property_aptseq_join":"not_established","source_id":"seoul-openaptinfo"},"type":"Feature"},{"geometry":{"coordinates":[126.9308314,37.5230829],"type":"Point"},"id":"A15001009","properties":{"coordinate_status":"provider_xy_crs_unconfirmed","households":329,"kapt_code":"A15001009","name":"여의도수정","property_aptseq_join":"not_established","source_id":"seoul-openaptinfo"},"type":"Feature"},{"geometry":{"coordinates":[126.9298286,37.5265231],"type":"Point"},"id":"A15001012","properties":{"coordinate_status":"provider_xy_crs_unconfirmed","households":373,"kapt_code":"A15001012","name":"여의도공작","property_aptseq_join":"not_established","source_id":"seoul-openaptinfo"},"type":"Feature"},{"geometry":{"coordinates":[126.9336795,37.5221527],"type":"Point"},"id":"A15001016","properties":{"coordinate_status":"provider_xy_crs_unconfirmed","households":576,"kapt_code":"A15001016","name":"여의도대교","property_aptseq_join":"not_established","source_id":"seoul-openaptinfo"},"type":"Feature"},{"geometry":{"coordinates":[126.9207006,37.520651],"type":"Point"},"id":"A15001019","properties":{"coordinate_status":"provider_xy_crs_unconfirmed","households":744,"kapt_code":"A15001019","name":"여의도광장","property_aptseq_join":"not_established","source_id":"seoul-openaptinfo"},"type":"Feature"},{"geometry":{"coordinates":[126.9318535,37.5245331],"type":"Point"},"id":"A15001020","properties":{"coordinate_status":"provider_xy_crs_unconfirmed","households":866,"kapt_code":"A15001020","name":"여의도삼부","property_aptseq_join":"not_established","source_id":"seoul-openaptinfo"},"type":"Feature"},{"geometry":{"coordinates":[126.912262,37.5143305],"type":"Point"},"id":"A15003001","properties":{"coordinate_status":"provider_xy_crs_unconfirmed","households":271,"kapt_code":"A15003001","name":"영등포두산위브","property_aptseq_join":"not_established","source_id":"seoul-openaptinfo"},"type":"Feature"},{"geometry":{"coordinates":[126.9045485,37.5120598],"type":"Point"},"id":"A15003002","properties":{"coordinate_status":"provider_xy_crs_unconfirmed","households":2462,"kapt_code":"A15003002","name":"영등포푸르지오","property_aptseq_join":"unique_official_road_address_and_name","property_complex_id":"molit-apt:11560:11560-2","property_release_id":"property-eea48453a819f517","source_id":"seoul-openaptinfo"},"type":"Feature"},{"geometry":{"coordinates":[126.9027167,37.5239709],"type":"Point"},"id":"A15003701","properties":{"coordinate_status":"provider_xy_crs_unconfirmed","households":600,"kapt_code":"A15003701","name":"영등포경남아너스빌","property_aptseq_join":"not_established","source_id":"seoul-openaptinfo"},"type":"Feature"},{"geometry":{"coordinates":[126.9050948,37.5294615],"type":"Point"},"id":"A15003801","properties":{"coordinate_status":"provider_xy_crs_unconfirmed","households":520,"kapt_code":"A15003801","name":"영등포삼환","property_aptseq_join":"not_established","source_id":"seoul-openaptinfo"},"type":"Feature"},{"geometry":{"coordinates":[126.9064223,37.5301096],"type":"Point"},"id":"A15003802","properties":{"coordinate_status":"provider_xy_crs_unconfirmed","households":538,"kapt_code":"A15003802","name":"당산푸르지오","property_aptseq_join":"unique_official_road_address_and_name","property_complex_id":"molit-apt:11560:11560-153","property_release_id":"property-eea48453a819f517","source_id":"seoul-openaptinfo"},"type":"Feature"},{"geometry":{"coordinates":[126.9003963,37.519805],"type":"Point"},"id":"A15004101","properties":{"coordinate_status":"provider_xy_crs_unconfirmed","households":167,"kapt_code":"A15004101","name":"당산신동아파밀리에","property_aptseq_join":"not_established","source_id":"seoul-openaptinfo"},"type":"Feature"},{"geometry":{"coordinates":[126.8928072,37.5213197],"type":"Point"},"id":"A15004201","properties":{"coordinate_status":"provider_xy_crs_unconfirmed","households":536,"kapt_code":"A15004201","name":"당산동대우","property_aptseq_join":"not_established","source_id":"seoul-openaptinfo"},"type":"Feature"},{"geometry":{"coordinates":[126.894895,37.5235102],"type":"Point"},"id":"A15004202","properties":{"coordinate_status":"provider_xy_crs_unconfirmed","households":783,"kapt_code":"A15004202","name":"당산2가현대","property_aptseq_join":"not_established","source_id":"seoul-openaptinfo"},"type":"Feature"},{"geometry":{"coordinates":[126.9012562,37.5284502],"type":"Point"},"id":"A15004403","properties":{"coordinate_status":"provider_xy_crs_unconfirmed","households":292,"kapt_code":"A15004403","name":"당산금호어울림","property_aptseq_join":"unique_official_road_address_and_name","property_complex_id":"molit-apt:11560:11560-41","property_release_id":"property-eea48453a819f517","source_id":"seoul-openaptinfo"},"type":"Feature"},{"geometry":{"coordinates":[126.8980001,37.528049],"type":"Point"},"id":"A15004405","properties":{"coordinate_status":"provider_xy_crs_unconfirmed","households":392,"kapt_code":"A15004405","name":"당산2차삼성","property_aptseq_join":"not_established","source_id":"seoul-openaptinfo"},"type":"Feature"},{"geometry":{"coordinates":[126.8964119,37.5310896],"type":"Point"},"id":"A15004406","properties":{"coordinate_status":"provider_xy_crs_unconfirmed","households":509,"kapt_code":"A15004406","name":"당산현대3차","property_aptseq_join":"unique_official_road_address_and_name","property_complex_id":"molit-apt:11560:11560-38","property_release_id":"property-eea48453a819f517","source_id":"seoul-openaptinfo"},"type":"Feature"},{"geometry":{"coordinates":[126.8991652,37.5346101],"type":"Point"},"id":"A15004501","properties":{"coordinate_status":"provider_xy_crs_unconfirmed","households":205,"kapt_code":"A15004501","name":"당산성원아파트","property_aptseq_join":"not_established","source_id":"seoul-openaptinfo"},"type":"Feature"},{"geometry":{"coordinates":[126.9022713,37.5332373],"type":"Point"},"id":"A15004502","properties":{"coordinate_status":"provider_xy_crs_unconfirmed","households":212,"kapt_code":"A15004502","name":"당산디오빌","property_aptseq_join":"unique_official_road_address_and_name","property_complex_id":"molit-apt:11560:11560-165","property_release_id":"property-eea48453a819f517","source_id":"seoul-openaptinfo"},"type":"Feature"},{"geometry":{"coordinates":[126.9006948,37.5310626],"type":"Point"},"id":"A15004503","properties":{"coordinate_status":"provider_xy_crs_unconfirmed","households":258,"kapt_code":"A15004503","name":"당산2차효성타운","property_aptseq_join":"not_established","source_id":"seoul-openaptinfo"},"type":"Feature"},{"geometry":{"coordinates":[126.8984233,37.5333119],"type":"Point"},"id":"A15004505","properties":{"coordinate_status":"provider_xy_crs_unconfirmed","households":410,"kapt_code":"A15004505","name":"당산유원제일2차","property_aptseq_join":"not_established","source_id":"seoul-openaptinfo"},"type":"Feature"},{"geometry":{"coordinates":[126.9020034,37.5307189],"type":"Point"},"id":"A15004506","properties":{"coordinate_status":"provider_xy_crs_unconfirmed","households":480,"kapt_code":"A15004506","name":"당산동1차효성아파트","property_aptseq_join":"not_established","source_id":"seoul-openaptinfo"},"type":"Feature"},{"geometry":{"coordinates":[126.902986,37.5320908],"type":"Point"},"id":"A15004507","properties":{"coordinate_status":"provider_xy_crs_unconfirmed","households":1391,"kapt_code":"A15004507","name":"당산삼성래미안","property_aptseq_join":"not_established","source_id":"seoul-openaptinfo"},"type":"Feature"},{"geometry":{"coordinates":[126.9164533,37.5142647],"type":"Point"},"id":"A15005001","properties":{"coordinate_status":"provider_xy_crs_unconfirmed","households":476,"kapt_code":"A15005001","name":"신길우성4차아파트","property_aptseq_join":"not_established","source_id":"seoul-openaptinfo"},"type":"Feature"},{"geometry":{"coordinates":[126.9083697,37.5056076],"type":"Point"},"id":"A15005002","properties":{"coordinate_status":"provider_xy_crs_unconfirmed","households":216,"kapt_code":"A15005002","name":"레전드힐스","property_aptseq_join":"not_established","source_id":"seoul-openaptinfo"},"type":"Feature"},{"geometry":{"coordinates":[126.9150295,37.5083649],"type":"Point"},"id":"A15005102","properties":{"coordinate_status":"provider_xy_crs_unconfirmed","households":213,"kapt_code":"A15005102","name":"신기목련","property_aptseq_join":"unique_official_road_address_and_name","property_complex_id":"molit-apt:11560:11560-109","property_release_id":"property-eea48453a819f517","source_id":"seoul-openaptinfo"},"type":"Feature"},{"geometry":{"coordinates":[126.9035366,37.5067447],"type":"Point"},"id":"A15005301","properties":{"coordinate_status":"provider_xy_crs_unconfirmed","households":321,"kapt_code":"A15005301","name":"신길우성5차","property_aptseq_join":"not_established","source_id":"seoul-openaptinfo"},"type":"Feature"},{"geometry":{"coordinates":[126.9009904,37.5042671],"type":"Point"},"id":"A15005302","properties":{"coordinate_status":"provider_xy_crs_unconfirmed","households":386,"kapt_code":"A15005302","name":"신길건영","property_aptseq_join":"not_established","source_id":"seoul-openaptinfo"},"type":"Feature"},{"geometry":{"coordinates":[126.9004211,37.5053313],"type":"Point"},"id":"A15005303","properties":{"coordinate_status":"provider_xy_crs_unconfirmed","households":688,"kapt_code":"A15005303","name":"신길1차우성아파트","property_aptseq_join":"not_established","source_id":"seoul-openaptinfo"},"type":"Feature"},{"geometry":{"coordinates":[126.9137002,37.5073222],"type":"Point"},"id":"A15005401","properties":{"coordinate_status":"provider_xy_crs_unconfirmed","households":387,"kapt_code":"A15005401","name":"신길삼성제2","property_aptseq_join":"not_established","source_id":"seoul-openaptinfo"},"type":"Feature"},{"geometry":{"coordinates":[126.9152452,37.5054901],"type":"Point"},"id":"A15005402","properties":{"coordinate_status":"provider_xy_crs_unconfirmed","households":826,"kapt_code":"A15005402","name":"신길삼성래미안","property_aptseq_join":"not_established","source_id":"seoul-openaptinfo"},"type":"Feature"},{"geometry":{"coordinates":[126.9096185,37.5029726],"type":"Point"},"id":"A15005501","properties":{"coordinate_status":"provider_xy_crs_unconfirmed","households":284,"kapt_code":"A15005501","name":"포레나 신길","property_aptseq_join":"unique_official_road_address_and_name","property_complex_id":"molit-apt:11560:11560-1382","property_release_id":"property-eea48453a819f517","source_id":"seoul-openaptinfo"},"type":"Feature"},{"geometry":{"coordinates":[126.9123051,37.4973055],"type":"Point"},"id":"A15005602","properties":{"coordinate_status":"provider_xy_crs_unconfirmed","households":214,"kapt_code":"A15005602","name":"신길우창","property_aptseq_join":"not_established","source_id":"seoul-openaptinfo"},"type":"Feature"},{"geometry":{"coordinates":[126.9112059,37.4963711],"type":"Point"},"id":"A15005603","properties":{"coordinate_status":"provider_xy_crs_unconfirmed","households":384,"kapt_code":"A15005603","name":"신길삼성","property_aptseq_join":"not_established","source_id":"seoul-openaptinfo"},"type":"Feature"},{"geometry":{"coordinates":[126.9193471,37.508155],"type":"Point"},"id":"A15005705","properties":{"coordinate_status":"provider_xy_crs_unconfirmed","households":1174,"kapt_code":"A15005705","name":"신길삼환","property_aptseq_join":"not_established","source_id":"seoul-openaptinfo"},"type":"Feature"},{"geometry":{"coordinates":[126.8995138,37.4873594],"type":"Point"},"id":"A15007002","properties":{"coordinate_status":"provider_xy_crs_unconfirmed","households":233,"kapt_code":"A15007002","name":"신대림한솔솔파크","property_aptseq_join":"not_established","source_id":"seoul-openaptinfo"},"type":"Feature"},{"geometry":{"coordinates":[126.9036771,37.4956182],"type":"Point"},"id":"A15007101","properties":{"coordinate_status":"provider_xy_crs_unconfirmed","households":157,"kapt_code":"A15007101","name":"대림갑을명가","property_aptseq_join":"not_established","source_id":"seoul-openaptinfo"},"type":"Feature"},{"geometry":{"coordinates":[126.902438,37.4865541],"type":"Point"},"id":"A15007201","properties":{"coordinate_status":"provider_xy_crs_unconfirmed","households":314,"kapt_code":"A15007201","name":"신대림자이","property_aptseq_join":"not_established","source_id":"seoul-openaptinfo"},"type":"Feature"},{"geometry":{"coordinates":[126.8915407,37.5126219],"type":"Point"},"id":"A15009201","properties":{"coordinate_status":"provider_xy_crs_unconfirmed","households":390,"kapt_code":"A15009201","name":"문래남성","property_aptseq_join":"not_established","source_id":"seoul-openaptinfo"},"type":"Feature"},{"geometry":{"coordinates":[126.8885771,37.5142061],"type":"Point"},"id":"A15009401","properties":{"coordinate_status":"provider_xy_crs_unconfirmed","households":212,"kapt_code":"A15009401","name":"리버뷰신안인스빌","property_aptseq_join":"not_established","source_id":"seoul-openaptinfo"},"type":"Feature"},{"geometry":{"coordinates":[126.889503,37.5137751],"type":"Point"},"id":"A15009402","properties":{"coordinate_status":"provider_xy_crs_unconfirmed","households":382,"kapt_code":"A15009402","name":"문래삼환","property_aptseq_join":"not_established","source_id":"seoul-openaptinfo"},"type":"Feature"},{"geometry":{"coordinates":[126.8844422,37.5161019],"type":"Point"},"id":"A15009502","properties":{"coordinate_status":"provider_xy_crs_unconfirmed","households":166,"kapt_code":"A15009502","name":"문래현대3차","property_aptseq_join":"not_established","source_id":"seoul-openaptinfo"},"type":"Feature"},{"geometry":{"coordinates":[126.8880592,37.5170201],"type":"Point"},"id":"A15009503","properties":{"coordinate_status":"provider_xy_crs_unconfirmed","households":200,"kapt_code":"A15009503","name":"문래대림","property_aptseq_join":"unique_official_road_address_and_name","property_complex_id":"molit-apt:11560:11560-65","property_release_id":"property-eea48453a819f517","source_id":"seoul-openaptinfo"},"type":"Feature"},{"geometry":{"coordinates":[126.8831609,37.5176163],"type":"Point"},"id":"A15009504","properties":{"coordinate_status":"provider_xy_crs_unconfirmed","households":282,"kapt_code":"A15009504","name":"문래현대5차아파트","property_aptseq_join":"unique_official_road_address_and_name","property_complex_id":"molit-apt:11560:11560-68","property_release_id":"property-eea48453a819f517","source_id":"seoul-openaptinfo"},"type":"Feature"},{"geometry":{"coordinates":[126.8858207,37.5168776],"type":"Point"},"id":"A15009505","properties":{"coordinate_status":"provider_xy_crs_unconfirmed","households":383,"kapt_code":"A15009505","name":"문래두산위브","property_aptseq_join":"unique_official_road_address_and_name","property_complex_id":"molit-apt:11560:11560-64","property_release_id":"property-eea48453a819f517","source_id":"seoul-openaptinfo"},"type":"Feature"},{"geometry":{"coordinates":[126.8864037,37.5198906],"type":"Point"},"id":"A15009601","properties":{"coordinate_status":"provider_xy_crs_unconfirmed","households":170,"kapt_code":"A15009601","name":"문래미원아파트","property_aptseq_join":"unique_official_road_address_and_name","property_complex_id":"molit-apt:11560:11560-70","property_release_id":"property-eea48453a819f517","source_id":"seoul-openaptinfo"},"type":"Feature"},{"geometry":{"coordinates":[126.8840481,37.5193166],"type":"Point"},"id":"A15009602","properties":{"coordinate_status":"provider_xy_crs_unconfirmed","households":186,"kapt_code":"A15009602","name":"문래한신","property_aptseq_join":"not_established","source_id":"seoul-openaptinfo"},"type":"Feature"},{"geometry":{"coordinates":[126.8827818,37.5186203],"type":"Point"},"id":"A15009603","properties":{"coordinate_status":"provider_xy_crs_unconfirmed","households":218,"kapt_code":"A15009603","name":"문래대원","property_aptseq_join":"not_established","source_id":"seoul-openaptinfo"},"type":"Feature"},{"geometry":{"coordinates":[126.8828222,37.5195252],"type":"Point"},"id":"A15009604","properties":{"coordinate_status":"provider_xy_crs_unconfirmed","households":264,"kapt_code":"A15009604","name":"문래현대1차","property_aptseq_join":"not_established","source_id":"seoul-openaptinfo"},"type":"Feature"},{"geometry":{"coordinates":[126.8838267,37.5184364],"type":"Point"},"id":"A15009605","properties":{"coordinate_status":"provider_xy_crs_unconfirmed","households":270,"kapt_code":"A15009605","name":"문래현대6차아파트","property_aptseq_join":"not_established","source_id":"seoul-openaptinfo"},"type":"Feature"},{"geometry":{"coordinates":[126.8852409,37.519134],"type":"Point"},"id":"A15009606","properties":{"coordinate_status":"provider_xy_crs_unconfirmed","households":304,"kapt_code":"A15009606","name":"문래베어스타운","property_aptseq_join":"unique_official_road_address_and_name","property_complex_id":"molit-apt:11560:11560-72","property_release_id":"property-eea48453a819f517","source_id":"seoul-openaptinfo"},"type":"Feature"},{"geometry":{"coordinates":[126.882871,37.520444],"type":"Point"},"id":"A15009607","properties":{"coordinate_status":"provider_xy_crs_unconfirmed","households":390,"kapt_code":"A15009607","name":"문래현대2차","property_aptseq_join":"not_established","source_id":"seoul-openaptinfo"},"type":"Feature"},{"geometry":{"coordinates":[126.8835422,37.5237845],"type":"Point"},"id":"A15010201","properties":{"coordinate_status":"provider_xy_crs_unconfirmed","households":176,"kapt_code":"A15010201","name":"양평상록수","property_aptseq_join":"not_established","source_id":"seoul-openaptinfo"},"type":"Feature"},{"geometry":{"coordinates":[126.882579,37.5244017],"type":"Point"},"id":"A15010202","properties":{"coordinate_status":"provider_xy_crs_unconfirmed","households":388,"kapt_code":"A15010202","name":"양평삼성래미안","property_aptseq_join":"not_established","source_id":"seoul-openaptinfo"},"type":"Feature"},{"geometry":{"coordinates":[126.883568,37.5221895],"type":"Point"},"id":"A15010203","properties":{"coordinate_status":"provider_xy_crs_unconfirmed","households":417,"kapt_code":"A15010203","name":"양평벽산","property_aptseq_join":"not_established","source_id":"seoul-openaptinfo"},"type":"Feature"},{"geometry":{"coordinates":[126.8880477,37.5265939],"type":"Point"},"id":"A15010301","properties":{"coordinate_status":"provider_xy_crs_unconfirmed","households":170,"kapt_code":"A15010301","name":"양평우림루미아트","property_aptseq_join":"not_established","source_id":"seoul-openaptinfo"},"type":"Feature"},{"geometry":{"coordinates":[126.8885519,37.5272237],"type":"Point"},"id":"A15010302","properties":{"coordinate_status":"provider_xy_crs_unconfirmed","households":179,"kapt_code":"A15010302","name":"양평경남1차","property_aptseq_join":"not_established","source_id":"seoul-openaptinfo"},"type":"Feature"},{"geometry":{"coordinates":[126.8853638,37.5262329],"type":"Point"},"id":"A15010303","properties":{"coordinate_status":"provider_xy_crs_unconfirmed","households":179,"kapt_code":"A15010303","name":"양평동삼천리아파트","property_aptseq_join":"not_established","source_id":"seoul-openaptinfo"},"type":"Feature"},{"geometry":{"coordinates":[126.8927894,37.528336],"type":"Point"},"id":"A15010304","properties":{"coordinate_status":"provider_xy_crs_unconfirmed","households":213,"kapt_code":"A15010304","name":"양평삼호","property_aptseq_join":"not_established","source_id":"seoul-openaptinfo"},"type":"Feature"},{"geometry":{"coordinates":[126.8955806,37.5320347],"type":"Point"},"id":"A15010305","properties":{"coordinate_status":"provider_xy_crs_unconfirmed","households":312,"kapt_code":"A15010305","name":"양평현대2차","property_aptseq_join":"not_established","source_id":"seoul-openaptinfo"},"type":"Feature"},{"geometry":{"coordinates":[126.8919132,37.5316287],"type":"Point"},"id":"A15010306","properties":{"coordinate_status":"provider_xy_crs_unconfirmed","households":532,"kapt_code":"A15010306","name":"양평거성파스텔","property_aptseq_join":"not_established","source_id":"seoul-openaptinfo"},"type":"Feature"},{"geometry":{"coordinates":[126.8935179,37.5318555],"type":"Point"},"id":"A15010307","properties":{"coordinate_status":"provider_xy_crs_unconfirmed","households":770,"kapt_code":"A15010307","name":"양평동6차현대아파트","property_aptseq_join":"not_established","source_id":"seoul-openaptinfo"},"type":"Feature"},{"geometry":{"coordinates":[126.8909429,37.5379791],"type":"Point"},"id":"A15010501","properties":{"coordinate_status":"provider_xy_crs_unconfirmed","households":184,"kapt_code":"A15010501","name":"양평동보아파트","property_aptseq_join":"not_established","source_id":"seoul-openaptinfo"},"type":"Feature"},{"geometry":{"coordinates":[126.8921087,37.5401252],"type":"Point"},"id":"A15010502","properties":{"coordinate_status":"provider_xy_crs_unconfirmed","households":1215,"kapt_code":"A15010502","name":"양평한신","property_aptseq_join":"unique_official_road_address_and_name","property_complex_id":"molit-apt:11560:11560-98","property_release_id":"property-eea48453a819f517","source_id":"seoul-openaptinfo"},"type":"Feature"},{"geometry":{"coordinates":[126.8878627,37.5444139],"type":"Point"},"id":"A15010601","properties":{"coordinate_status":"provider_xy_crs_unconfirmed","households":219,"kapt_code":"A15010601","name":"양평한솔","property_aptseq_join":"not_established","source_id":"seoul-openaptinfo"},"type":"Feature"},{"geometry":{"coordinates":[126.8898114,37.5422865],"type":"Point"},"id":"A15010602","properties":{"coordinate_status":"provider_xy_crs_unconfirmed","households":263,"kapt_code":"A15010602","name":"양평동양","property_aptseq_join":"not_established","source_id":"seoul-openaptinfo"},"type":"Feature"},{"geometry":{"coordinates":[126.8936328,37.5276902],"type":"Point"},"id":"A15072001","properties":{"coordinate_status":"provider_xy_crs_unconfirmed","households":284,"kapt_code":"A15072001","name":"당산쌍용예가클래식","property_aptseq_join":"not_established","source_id":"seoul-openaptinfo"},"type":"Feature"},{"geometry":{"coordinates":[126.9015338,37.5242149],"type":"Point"},"id":"A15072002","properties":{"coordinate_status":"provider_xy_crs_unconfirmed","households":195,"kapt_code":"A15072002","name":"당산SHVILLE","property_aptseq_join":"not_established","source_id":"seoul-openaptinfo"},"type":"Feature"},{"geometry":{"coordinates":[126.9013023,37.5273128],"type":"Point"},"id":"A15072201","properties":{"coordinate_status":"provider_xy_crs_unconfirmed","households":299,"kapt_code":"A15072201","name":"당산반도유보라","property_aptseq_join":"not_established","source_id":"seoul-openaptinfo"},"type":"Feature"},{"geometry":{"coordinates":[126.932358,37.5176189],"type":"Point"},"id":"A15076301","properties":{"coordinate_status":"provider_xy_crs_unconfirmed","households":282,"kapt_code":"A15076301","name":"여의도대우트럼프월드","property_aptseq_join":"not_established","source_id":"seoul-openaptinfo"},"type":"Feature"},{"geometry":{"coordinates":[126.925912,37.5182033],"type":"Point"},"id":"A15076302","properties":{"coordinate_status":"provider_xy_crs_unconfirmed","households":580,"kapt_code":"A15076302","name":"여의도자이","property_aptseq_join":"unique_official_road_address_and_name","property_complex_id":"molit-apt:11560:11560-1369","property_release_id":"property-eea48453a819f517","source_id":"seoul-openaptinfo"},"type":"Feature"},{"geometry":{"coordinates":[126.897141377,37.507753509],"type":"Point"},"id":"A15076701","properties":{"coordinate_status":"provider_xy_crs_unconfirmed","households":142,"kapt_code":"A15076701","name":"도림한라","property_aptseq_join":"not_established","source_id":"seoul-openaptinfo"},"type":"Feature"},{"geometry":{"coordinates":[126.9001766,37.5103949],"type":"Point"},"id":"A15076702","properties":{"coordinate_status":"provider_xy_crs_unconfirmed","households":836,"kapt_code":"A15076702","name":"영등포아트자이","property_aptseq_join":"unique_official_road_address_and_name","property_complex_id":"molit-apt:11560:11560-1665","property_release_id":"property-eea48453a819f517","source_id":"seoul-openaptinfo"},"type":"Feature"},{"geometry":{"coordinates":[126.897049075,37.519107615],"type":"Point"},"id":"A15076801","properties":{"coordinate_status":"provider_xy_crs_unconfirmed","households":134,"kapt_code":"A15076801","name":"금호어울림","property_aptseq_join":"not_established","source_id":"seoul-openaptinfo"},"type":"Feature"},{"geometry":{"coordinates":[126.8963598,37.5206537],"type":"Point"},"id":"A15080002","properties":{"coordinate_status":"provider_xy_crs_unconfirmed","households":461,"kapt_code":"A15080002","name":"당산진로","property_aptseq_join":"not_established","source_id":"seoul-openaptinfo"},"type":"Feature"},{"geometry":{"coordinates":[126.8997511,37.5254625],"type":"Point"},"id":"A15080204","properties":{"coordinate_status":"provider_xy_crs_unconfirmed","households":338,"kapt_code":"A15080204","name":"당산한양","property_aptseq_join":"unique_official_road_address_and_name","property_complex_id":"molit-apt:11560:11560-34","property_release_id":"property-eea48453a819f517","source_id":"seoul-openaptinfo"},"type":"Feature"},{"geometry":{"coordinates":[126.900447,37.5244575],"type":"Point"},"id":"A15080205","properties":{"coordinate_status":"provider_xy_crs_unconfirmed","households":468,"kapt_code":"A15080205","name":"당산동부센트레빌","property_aptseq_join":"not_established","source_id":"seoul-openaptinfo"},"type":"Feature"},{"geometry":{"coordinates":[126.8953498,37.5279629],"type":"Point"},"id":"A15080402","properties":{"coordinate_status":"provider_xy_crs_unconfirmed","households":176,"kapt_code":"A15080402","name":"당산삼익","property_aptseq_join":"not_established","source_id":"seoul-openaptinfo"},"type":"Feature"},{"geometry":{"coordinates":[126.9023584,37.5280856],"type":"Point"},"id":"A15080501","properties":{"coordinate_status":"provider_xy_crs_unconfirmed","households":265,"kapt_code":"A15080501","name":"한강아파트","property_aptseq_join":"unique_official_road_address_and_name","property_complex_id":"molit-apt:11560:11560-37","property_release_id":"property-eea48453a819f517","source_id":"seoul-openaptinfo"},"type":"Feature"},{"geometry":{"coordinates":[126.900834,37.5296467],"type":"Point"},"id":"A15080507","properties":{"coordinate_status":"provider_xy_crs_unconfirmed","households":976,"kapt_code":"A15080507","name":"당산현대5차","property_aptseq_join":"unique_official_road_address_and_name","property_complex_id":"molit-apt:11560:11560-40","property_release_id":"property-eea48453a819f517","source_id":"seoul-openaptinfo"},"type":"Feature"},{"geometry":{"coordinates":[126.9059115,37.5343799],"type":"Point"},"id":"A15081001","properties":{"coordinate_status":"provider_xy_crs_unconfirmed","households":348,"kapt_code":"A15081001","name":"래미안당산1차아파트","property_aptseq_join":"unique_official_road_address_and_name","property_complex_id":"molit-apt:11560:11560-49","property_release_id":"property-eea48453a819f517","source_id":"seoul-openaptinfo"},"type":"Feature"},{"geometry":{"coordinates":[126.9085041,37.5293549],"type":"Point"},"id":"A15081002","properties":{"coordinate_status":"provider_xy_crs_unconfirmed","households":801,"kapt_code":"A15081002","name":"당산강변래미안3차","property_aptseq_join":"not_established","source_id":"seoul-openaptinfo"},"type":"Feature"},{"geometry":{"coordinates":[126.8949211,37.5069364],"type":"Point"},"id":"A15081105","properties":{"coordinate_status":"provider_xy_crs_unconfirmed","households":481,"kapt_code":"A15081105","name":"대림코오롱","property_aptseq_join":"not_established","source_id":"seoul-openaptinfo"},"type":"Feature"},{"geometry":{"coordinates":[126.8956193,37.5055203],"type":"Point"},"id":"A15081107","properties":{"coordinate_status":"provider_xy_crs_unconfirmed","households":1162,"kapt_code":"A15081107","name":"대림현대3차","property_aptseq_join":"not_established","source_id":"seoul-openaptinfo"},"type":"Feature"},{"geometry":{"coordinates":[126.8965839,37.5037835],"type":"Point"},"id":"A15081201","properties":{"coordinate_status":"provider_xy_crs_unconfirmed","households":220,"kapt_code":"A15081201","name":"대림성원","property_aptseq_join":"not_established","source_id":"seoul-openaptinfo"},"type":"Feature"},{"geometry":{"coordinates":[126.9009261,37.4964591],"type":"Point"},"id":"A15081503","properties":{"coordinate_status":"provider_xy_crs_unconfirmed","households":435,"kapt_code":"A15081503","name":"대림우성","property_aptseq_join":"not_established","source_id":"seoul-openaptinfo"},"type":"Feature"},{"geometry":{"coordinates":[126.8941884,37.5025492],"type":"Point"},"id":"A15081602","properties":{"coordinate_status":"provider_xy_crs_unconfirmed","households":280,"kapt_code":"A15081602","name":"대림현대2차","property_aptseq_join":"not_established","source_id":"seoul-openaptinfo"},"type":"Feature"},{"geometry":{"coordinates":[126.8954185,37.5023194],"type":"Point"},"id":"A15081604","properties":{"coordinate_status":"provider_xy_crs_unconfirmed","households":476,"kapt_code":"A15081604","name":"대림3동현대아파트","property_aptseq_join":"not_established","source_id":"seoul-openaptinfo"},"type":"Feature"},{"geometry":{"coordinates":[126.8946389,37.4968598],"type":"Point"},"id":"A15081606","properties":{"coordinate_status":"provider_xy_crs_unconfirmed","households":591,"kapt_code":"A15081606","name":"대림신동아","property_aptseq_join":"not_established","source_id":"seoul-openaptinfo"},"type":"Feature"},{"geometry":{"coordinates":[126.9043881,37.4947769],"type":"Point"},"id":"A15081802","properties":{"coordinate_status":"provider_xy_crs_unconfirmed","households":234,"kapt_code":"A15081802","name":"대림동2차한신아파트","property_aptseq_join":"not_established","source_id":"seoul-openaptinfo"},"type":"Feature"},{"geometry":{"coordinates":[127.1088843,37.549662],"type":"Point"},"id":"A15083201","properties":{"coordinate_status":"provider_xy_crs_unconfirmed","households":200,"kapt_code":"A15083201","name":"도림청구","property_aptseq_join":"unique_official_road_address_and_name","property_complex_id":"molit-apt:11560:11560-53","property_release_id":"property-eea48453a819f517","source_id":"seoul-openaptinfo"},"type":"Feature"},{"geometry":{"coordinates":[126.8987346,37.5091679],"type":"Point"},"id":"A15083202","properties":{"coordinate_status":"provider_xy_crs_unconfirmed","households":346,"kapt_code":"A15083202","name":"도림동아에코빌","property_aptseq_join":"not_established","source_id":"seoul-openaptinfo"},"type":"Feature"},{"geometry":{"coordinates":[126.896786,37.5160389],"type":"Point"},"id":"A15083404","properties":{"coordinate_status":"provider_xy_crs_unconfirmed","households":1302,"kapt_code":"A15083404","name":"문래자이아파트","property_aptseq_join":"unique_official_road_address_and_name","property_complex_id":"molit-apt:11560:11560-60","property_release_id":"property-eea48453a819f517","source_id":"seoul-openaptinfo"},"type":"Feature"},{"geometry":{"coordinates":[126.8927664,37.5163791],"type":"Point"},"id":"A15083601","properties":{"coordinate_status":"provider_xy_crs_unconfirmed","households":270,"kapt_code":"A15083601","name":"문래국화","property_aptseq_join":"not_established","source_id":"seoul-openaptinfo"},"type":"Feature"},{"geometry":{"coordinates":[126.8930031,37.5175814],"type":"Point"},"id":"A15083602","properties":{"coordinate_status":"provider_xy_crs_unconfirmed","households":367,"kapt_code":"A15083602","name":"문래공원한신","property_aptseq_join":"unique_official_road_address_and_name","property_complex_id":"molit-apt:11560:11560-62","property_release_id":"property-eea48453a819f517","source_id":"seoul-openaptinfo"},"type":"Feature"},{"geometry":{"coordinates":[126.8908636,37.5183627],"type":"Point"},"id":"A15083603","properties":{"coordinate_status":"provider_xy_crs_unconfirmed","households":776,"kapt_code":"A15083603","name":"문래힐스테이트","property_aptseq_join":"unique_official_road_address_and_name","property_complex_id":"molit-apt:11560:11560-137","property_release_id":"property-eea48453a819f517","source_id":"seoul-openaptinfo"},"type":"Feature"},{"geometry":{"coordinates":[126.9238594,37.5143228],"type":"Point"},"id":"A15083701","properties":{"coordinate_status":"provider_xy_crs_unconfirmed","households":160,"kapt_code":"A15083701","name":"신길삼두","property_aptseq_join":"not_established","source_id":"seoul-openaptinfo"},"type":"Feature"},{"geometry":{"coordinates":[126.9183651,37.5158124],"type":"Point"},"id":"A15083703","properties":{"coordinate_status":"provider_xy_crs_unconfirmed","households":368,"kapt_code":"A15083703","name":"신길경남","property_aptseq_join":"not_established","source_id":"seoul-openaptinfo"},"type":"Feature"},{"geometry":{"coordinates":[126.9188187,37.5047193],"type":"Point"},"id":"A15085404","properties":{"coordinate_status":"provider_xy_crs_unconfirmed","households":420,"kapt_code":"A15085404","name":"신길한성","property_aptseq_join":"not_established","source_id":"seoul-openaptinfo"},"type":"Feature"},{"geometry":{"coordinates":[126.9144293,37.4972694],"type":"Point"},"id":"A15086001","properties":{"coordinate_status":"provider_xy_crs_unconfirmed","households":164,"kapt_code":"A15086001","name":"보라매두산위브","property_aptseq_join":"unique_official_road_address_and_name","property_complex_id":"molit-apt:11560:11560-1232","property_release_id":"property-eea48453a819f517","source_id":"seoul-openaptinfo"},"type":"Feature"},{"geometry":{"coordinates":[126.9087501,37.4972821],"type":"Point"},"id":"A15086004","properties":{"coordinate_status":"provider_xy_crs_unconfirmed","households":477,"kapt_code":"A15086004","name":"신길우성3차아파트","property_aptseq_join":"not_established","source_id":"seoul-openaptinfo"},"type":"Feature"},{"geometry":{"coordinates":[126.9094978,37.4945833],"type":"Point"},"id":"A15086006","properties":{"coordinate_status":"provider_xy_crs_unconfirmed","households":669,"kapt_code":"A15086006","name":"보라매경남아너스빌","property_aptseq_join":"unique_official_road_address_and_name","property_complex_id":"molit-apt:11560:11560-1233","property_release_id":"property-eea48453a819f517","source_id":"seoul-openaptinfo"},"type":"Feature"},{"geometry":{"coordinates":[126.9125548,37.4982638],"type":"Point"},"id":"A15086007","properties":{"coordinate_status":"provider_xy_crs_unconfirmed","households":725,"kapt_code":"A15086007","name":"신길우성2차","property_aptseq_join":"not_established","source_id":"seoul-openaptinfo"},"type":"Feature"},{"geometry":{"coordinates":[126.8878466,37.5216885],"type":"Point"},"id":"A15086201","properties":{"coordinate_status":"provider_xy_crs_unconfirmed","households":165,"kapt_code":"A15086201","name":"양평서통한신","property_aptseq_join":"not_established","source_id":"seoul-openaptinfo"},"type":"Feature"},{"geometry":{"coordinates":[126.8865433,37.5221616],"type":"Point"},"id":"A15086202","properties":{"coordinate_status":"provider_xy_crs_unconfirmed","households":495,"kapt_code":"A15086202","name":"양평신동아아파트","property_aptseq_join":"not_established","source_id":"seoul-openaptinfo"},"type":"Feature"},{"geometry":{"coordinates":[126.8962196,37.5357495],"type":"Point"},"id":"A15086601","properties":{"coordinate_status":"provider_xy_crs_unconfirmed","households":198,"kapt_code":"A15086601","name":"양평경남2차아너스빌","property_aptseq_join":"not_established","source_id":"seoul-openaptinfo"},"type":"Feature"},{"geometry":{"coordinates":[126.8934401,37.5343115],"type":"Point"},"id":"A15086603","properties":{"coordinate_status":"provider_xy_crs_unconfirmed","households":372,"kapt_code":"A15086603","name":"양평성원","property_aptseq_join":"not_established","source_id":"seoul-openaptinfo"},"type":"Feature"},{"geometry":{"coordinates":[126.89376,37.5368785],"type":"Point"},"id":"A15086702","properties":{"coordinate_status":"provider_xy_crs_unconfirmed","households":216,"kapt_code":"A15086702","name":"삼호한숲","property_aptseq_join":"unique_official_road_address_and_name","property_complex_id":"molit-apt:11560:11560-94","property_release_id":"property-eea48453a819f517","source_id":"seoul-openaptinfo"},"type":"Feature"},{"geometry":{"coordinates":[126.932655,37.52594],"type":"Point"},"id":"A15088208","properties":{"coordinate_status":"provider_xy_crs_unconfirmed","households":312,"kapt_code":"A15088208","name":"여의도목화","property_aptseq_join":"not_established","source_id":"seoul-openaptinfo"},"type":"Feature"},{"geometry":{"coordinates":[126.9263879,37.5202486],"type":"Point"},"id":"A15088614","properties":{"coordinate_status":"provider_xy_crs_unconfirmed","households":406,"kapt_code":"A15088614","name":"롯데캐슬엠파이어","property_aptseq_join":"unique_official_road_address_and_name","property_complex_id":"molit-apt:11560:11560-168","property_release_id":"property-eea48453a819f517","source_id":"seoul-openaptinfo"},"type":"Feature"},{"geometry":{"coordinates":[126.9239858,37.5204822],"type":"Point"},"id":"A15088717","properties":{"coordinate_status":"provider_xy_crs_unconfirmed","households":577,"kapt_code":"A15088717","name":"여의도미성","property_aptseq_join":"not_established","source_id":"seoul-openaptinfo"},"type":"Feature"},{"geometry":{"coordinates":[126.9355476,37.5221449],"type":"Point"},"id":"A15088802","properties":{"coordinate_status":"provider_xy_crs_unconfirmed","households":160,"kapt_code":"A15088802","name":"여의도화랑","property_aptseq_join":"not_established","source_id":"seoul-openaptinfo"},"type":"Feature"},{"geometry":{"coordinates":[126.9317611,37.5202096],"type":"Point"},"id":"A15088915","properties":{"coordinate_status":"provider_xy_crs_unconfirmed","households":445,"kapt_code":"A15088915","name":"롯데캐슬아이비","property_aptseq_join":"unique_official_road_address_and_name","property_complex_id":"molit-apt:11560:11560-1247","property_release_id":"property-eea48453a819f517","source_id":"seoul-openaptinfo"},"type":"Feature"},{"geometry":{"coordinates":[126.9325081,37.521488],"type":"Point"},"id":"A15088918","properties":{"coordinate_status":"provider_xy_crs_unconfirmed","households":588,"kapt_code":"A15088918","name":"여의도한양","property_aptseq_join":"not_established","source_id":"seoul-openaptinfo"},"type":"Feature"},{"geometry":{"coordinates":[126.927057,37.5174234],"type":"Point"},"id":"A15089307","properties":{"coordinate_status":"provider_xy_crs_unconfirmed","households":218,"kapt_code":"A15089307","name":"여의대우트럼프월드2차","property_aptseq_join":"not_established","source_id":"seoul-openaptinfo"},"type":"Feature"},{"geometry":{"coordinates":[126.9343703,37.5198261],"type":"Point"},"id":"A15089411","properties":{"coordinate_status":"provider_xy_crs_unconfirmed","households":360,"kapt_code":"A15089411","name":"여의도삼익","property_aptseq_join":"not_established","source_id":"seoul-openaptinfo"},"type":"Feature"},{"geometry":{"coordinates":[126.9385984,37.5205064],"type":"Point"},"id":"A15089421","properties":{"coordinate_status":"provider_xy_crs_unconfirmed","households":1584,"kapt_code":"A15089421","name":"여의도시범아파트","property_aptseq_join":"not_established","source_id":"seoul-openaptinfo"},"type":"Feature"},{"geometry":{"coordinates":[126.9352172,37.5187571],"type":"Point"},"id":"A15089510","properties":{"coordinate_status":"provider_xy_crs_unconfirmed","households":360,"kapt_code":"A15089510","name":"여의도은하","property_aptseq_join":"not_established","source_id":"seoul-openaptinfo"},"type":"Feature"},{"geometry":{"coordinates":[126.9329842,37.5185166],"type":"Point"},"id":"A15089513","properties":{"coordinate_status":"provider_xy_crs_unconfirmed","households":376,"kapt_code":"A15089513","name":"여의도진주","property_aptseq_join":"not_established","source_id":"seoul-openaptinfo"},"type":"Feature"},{"geometry":{"coordinates":[126.9081879,37.4930349],"type":"Point"},"id":"A15095001","properties":{"coordinate_status":"provider_xy_crs_unconfirmed","households":217,"kapt_code":"A15095001","name":"대림동현대","property_aptseq_join":"not_established","source_id":"seoul-openaptinfo"},"type":"Feature"},{"geometry":{"coordinates":[126.9027247,37.4950646],"type":"Point"},"id":"A15095002","properties":{"coordinate_status":"provider_xy_crs_unconfirmed","households":185,"kapt_code":"A15095002","name":"신대림신동아파밀리에","property_aptseq_join":"unique_official_road_address_and_name","property_complex_id":"molit-apt:11560:11560-1606","property_release_id":"property-eea48453a819f517","source_id":"seoul-openaptinfo"},"type":"Feature"},{"geometry":{"coordinates":[126.9165908,37.506462],"type":"Point"},"id":"A15096001","properties":{"coordinate_status":"provider_xy_crs_unconfirmed","households":198,"kapt_code":"A15096001","name":"신길자이","property_aptseq_join":"unique_official_road_address_and_name","property_complex_id":"molit-apt:11560:11560-1445","property_release_id":"property-eea48453a819f517","source_id":"seoul-openaptinfo"},"type":"Feature"},{"geometry":{"coordinates":[126.9292661,37.480463],"type":"Point"},"id":"A15101101","properties":{"coordinate_status":"provider_xy_crs_unconfirmed","households":688,"kapt_code":"A15101101","name":"신림동부","property_aptseq_join":"not_established","source_id":"seoul-openaptinfo"},"type":"Feature"},{"geometry":{"coordinates":[126.9219256,37.4891251],"type":"Point"},"id":"A15101501","properties":{"coordinate_status":"provider_xy_crs_unconfirmed","households":157,"kapt_code":"A15101501","name":"보라매파크뷰","property_aptseq_join":"not_established","source_id":"seoul-openaptinfo"},"type":"Feature"},{"geometry":{"coordinates":[126.9199177,37.4613553],"type":"Point"},"id":"A15101503","properties":{"coordinate_status":"provider_xy_crs_unconfirmed","households":349,"kapt_code":"A15101503","name":"신림2차푸르지오","property_aptseq_join":"unique_official_road_address_and_name","property_complex_id":"molit-apt:11620:11620-4349","property_release_id":"property-eea48453a819f517","source_id":"seoul-openaptinfo"},"type":"Feature"},{"geometry":{"coordinates":[126.9212183,37.4616692],"type":"Point"},"id":"A15101504","properties":{"coordinate_status":"provider_xy_crs_unconfirmed","households":2810,"kapt_code":"A15101504","name":"관악산휴먼시아","property_aptseq_join":"not_established","source_id":"seoul-openaptinfo"},"type":"Feature"},{"geometry":{"coordinates":[126.9311914,37.4639058],"type":"Point"},"id":"A15101505","properties":{"coordinate_status":"provider_xy_crs_unconfirmed","households":177,"kapt_code":"A15101505","name":"신림벽산블루밍","property_aptseq_join":"not_established","source_id":"seoul-openaptinfo"},"type":"Feature"},{"geometry":{"coordinates":[126.9261337,37.462525],"type":"Point"},"id":"A15101506","properties":{"coordinate_status":"provider_xy_crs_unconfirmed","households":1482,"kapt_code":"A15101506","name":"삼성산주공3단지","property_aptseq_join":"not_established","source_id":"seoul-openaptinfo"},"type":"Feature"},{"geometry":{"coordinates":[126.9275015,37.4658557],"type":"Point"},"id":"A15101507","properties":{"coordinate_status":"provider_xy_crs_unconfirmed","households":960,"kapt_code":"A15101507","name":"신림주공1단지","property_aptseq_join":"not_established","source_id":"seoul-openaptinfo"},"type":"Feature"},{"geometry":{"coordinates":[126.9323775,37.4749367],"type":"Point"},"id":"A15101508","properties":{"coordinate_status":"provider_xy_crs_unconfirmed","households":1634,"kapt_code":"A15101508","name":"신림현대","property_aptseq_join":"unique_official_road_address_and_name","property_complex_id":"molit-apt:11620:11620-58","property_release_id":"property-eea48453a819f517","source_id":"seoul-openaptinfo"},"type":"Feature"},{"geometry":{"coordinates":[126.91976,37.462554],"type":"Point"},"id":"A15101509","properties":{"coordinate_status":"provider_xy_crs_unconfirmed","households":150,"kapt_code":"A15101509","name":"신림SH빌(임대)","property_aptseq_join":"not_established","source_id":"seoul-openaptinfo"},"type":"Feature"},{"geometry":{"coordinates":[126.918575,37.4605825],"type":"Point"},"id":"A15101702","properties":{"coordinate_status":"provider_xy_crs_unconfirmed","households":512,"kapt_code":"A15101702","name":"관악산휴먼시아3단지","property_aptseq_join":"not_established","source_id":"seoul-openaptinfo"},"type":"Feature"},{"geometry":{"coordinates":[126.9109406,37.4838324],"type":"Point"},"id":"A15101802","properties":{"coordinate_status":"provider_xy_crs_unconfirmed","households":304,"kapt_code":"A15101802","name":"신림신도브래뉴","property_aptseq_join":"not_established","source_id":"seoul-openaptinfo"},"type":"Feature"},{"geometry":{"coordinates":[126.9376896,37.4651363],"type":"Point"},"id":"A15101901","properties":{"coordinate_status":"provider_xy_crs_unconfirmed","households":227,"kapt_code":"A15101901","name":"신림금호타운1차","property_aptseq_join":"not_established","source_id":"seoul-openaptinfo"},"type":"Feature"},{"geometry":{"coordinates":[126.9416614,37.467082],"type":"Point"},"id":"A15101903","properties":{"coordinate_status":"provider_xy_crs_unconfirmed","households":783,"kapt_code":"A15101903","name":"건영3차아파트","property_aptseq_join":"not_established","source_id":"seoul-openaptinfo"},"type":"Feature"},{"geometry":{"coordinates":[126.9163206,37.4732059],"type":"Point"},"id":"A15102202","properties":{"coordinate_status":"provider_xy_crs_unconfirmed","households":213,"kapt_code":"A15102202","name":"신림동부센트레빌","property_aptseq_join":"unique_official_road_address_and_name","property_complex_id":"molit-apt:11620:11620-4307","property_release_id":"property-eea48453a819f517","source_id":"seoul-openaptinfo"},"type":"Feature"},{"geometry":{"coordinates":[126.9117664,37.472164],"type":"Point"},"id":"A15102203","properties":{"coordinate_status":"provider_xy_crs_unconfirmed","households":373,"kapt_code":"A15102203","name":"신림쌍용","property_aptseq_join":"not_established","source_id":"seoul-openaptinfo"},"type":"Feature"},{"geometry":{"coordinates":[126.9331042,37.4803869],"type":"Point"},"id":"A15102902","properties":{"coordinate_status":"provider_xy_crs_unconfirmed","households":236,"kapt_code":"A15102902","name":"신림건영4차","property_aptseq_join":"not_established","source_id":"seoul-openaptinfo"},"type":"Feature"},{"geometry":{"coordinates":[126.9625656,37.4680743],"type":"Point"},"id":"A15105002","properties":{"coordinate_status":"provider_xy_crs_unconfirmed","households":216,"kapt_code":"A15105002","name":"봉천인헌아파트","property_aptseq_join":"not_established","source_id":"seoul-openaptinfo"},"type":"Feature"},{"geometry":{"coordinates":[126.9277936,37.4941134],"type":"Point"},"id":"A15105004","properties":{"coordinate_status":"provider_xy_crs_unconfirmed","households":710,"kapt_code":"A15105004","name":"보라매삼성","property_aptseq_join":"unique_official_road_address_and_name","property_complex_id":"molit-apt:11620:11620-14","property_release_id":"property-eea48453a819f517","source_id":"seoul-openaptinfo"},"type":"Feature"},{"geometry":{"coordinates":[126.9519775,37.4762414],"type":"Point"},"id":"A15105005","properties":{"coordinate_status":"provider_xy_crs_unconfirmed","households":254,"kapt_code":"A15105005","name":"서울대입구삼성아파트","property_aptseq_join":"unique_official_road_address_and_name","property_complex_id":"molit-apt:11620:11620-17","property_release_id":"property-eea48453a819f517","source_id":"seoul-openaptinfo"},"type":"Feature"},{"geometry":{"coordinates":[126.9635627,37.4806862],"type":"Point"},"id":"A15105006","properties":{"coordinate_status":"provider_xy_crs_unconfirmed","households":297,"kapt_code":"A15105006","name":"낙성대현대홈타운","property_aptseq_join":"unique_official_road_address_and_name","property_complex_id":"molit-apt:11620:11620-8","property_release_id":"property-eea48453a819f517","source_id":"seoul-openaptinfo"},"type":"Feature"},{"geometry":{"coordinates":[126.962149931,37.482228824],"type":"Point"},"id":"A15105008","properties":{"coordinate_status":"provider_xy_crs_unconfirmed","households":363,"kapt_code":"A15105008","name":"관악파크푸르지오","property_aptseq_join":"unique_official_road_address_and_name","property_complex_id":"molit-apt:11620:11620-5194","property_release_id":"property-eea48453a819f517","source_id":"seoul-openaptinfo"},"type":"Feature"},{"geometry":{"coordinates":[126.9603002,37.4896116],"type":"Point"},"id":"A15105301","properties":{"coordinate_status":"provider_xy_crs_unconfirmed","households":392,"kapt_code":"A15105301","name":"관악푸르지오제2단지","property_aptseq_join":"not_established","source_id":"seoul-openaptinfo"},"type":"Feature"},{"geometry":{"coordinates":[126.9608583,37.4873089],"type":"Point"},"id":"A15105302","properties":{"coordinate_status":"provider_xy_crs_unconfirmed","households":2104,"kapt_code":"A15105302","name":"관악푸르지오아파트","property_aptseq_join":"unique_official_road_address_and_name","property_complex_id":"molit-apt:11620:11620-102","property_release_id":"property-eea48453a819f517","source_id":"seoul-openaptinfo"},"type":"Feature"},{"geometry":{"coordinates":[126.9583526,37.4920393],"type":"Point"},"id":"A15105303","properties":{"coordinate_status":"provider_xy_crs_unconfirmed","households":2134,"kapt_code":"A15105303","name":"관악현대","property_aptseq_join":"not_established","source_id":"seoul-openaptinfo"},"type":"Feature"},{"geometry":{"coordinates":[126.9516251,37.4898158],"type":"Point"},"id":"A15105503","properties":{"coordinate_status":"provider_xy_crs_unconfirmed","households":1843,"kapt_code":"A15105503","name":"관악드림타운제2","property_aptseq_join":"not_established","source_id":"seoul-openaptinfo"},"type":"Feature"},{"geometry":{"coordinates":[126.9611905,37.4845336],"type":"Point"},"id":"A15105602","properties":{"coordinate_status":"provider_xy_crs_unconfirmed","households":717,"kapt_code":"A15105602","name":"봉천우성제2","property_aptseq_join":"not_established","source_id":"seoul-openaptinfo"},"type":"Feature"},{"geometry":{"coordinates":[126.9592709,37.4853872],"type":"Point"},"id":"A15105603","properties":{"coordinate_status":"provider_xy_crs_unconfirmed","households":1597,"kapt_code":"A15105603","name":"관악우성아파트","property_aptseq_join":"not_established","source_id":"seoul-openaptinfo"},"type":"Feature"},{"geometry":{"coordinates":[126.9496234,37.4850226],"type":"Point"},"id":"A15106001","properties":{"coordinate_status":"provider_xy_crs_unconfirmed","households":277,"kapt_code":"A15106001","name":"봉천신봉","property_aptseq_join":"not_established","source_id":"seoul-openaptinfo"},"type":"Feature"},{"geometry":{"coordinates":[126.9647078,37.4714734],"type":"Point"},"id":"A15106101","properties":{"coordinate_status":"provider_xy_crs_unconfirmed","households":180,"kapt_code":"A15106101","name":"봉천은천1단지","property_aptseq_join":"not_established","source_id":"seoul-openaptinfo"},"type":"Feature"},{"geometry":{"coordinates":[126.964559,37.4699879],"type":"Point"},"id":"A15106103","properties":{"coordinate_status":"provider_xy_crs_unconfirmed","households":384,"kapt_code":"A15106103","name":"봉천은천2단지","property_aptseq_join":"not_established","source_id":"seoul-openaptinfo"},"type":"Feature"},{"geometry":{"coordinates":[126.9431459,37.4848788],"type":"Point"},"id":"A15106901","properties":{"coordinate_status":"provider_xy_crs_unconfirmed","households":2001,"kapt_code":"A15106901","name":"봉천두산1,2단지","property_aptseq_join":"not_established","source_id":"seoul-openaptinfo"},"type":"Feature"},{"geometry":{"coordinates":[126.9735651,37.471705],"type":"Point"},"id":"A15108001","properties":{"coordinate_status":"provider_xy_crs_unconfirmed","households":170,"kapt_code":"A15108001","name":"남현동한일유앤아이","property_aptseq_join":"not_established","source_id":"seoul-openaptinfo"},"type":"Feature"},{"geometry":{"coordinates":[126.9754499,37.4726423],"type":"Point"},"id":"A15108003","properties":{"coordinate_status":"provider_xy_crs_unconfirmed","households":174,"kapt_code":"A15108003","name":"남현우림루미아트","property_aptseq_join":"not_established","source_id":"seoul-openaptinfo"},"type":"Feature"},{"geometry":{"coordinates":[126.956341,37.4895721],"type":"Point"},"id":"A15176202","properties":{"coordinate_status":"provider_xy_crs_unconfirmed","households":1261,"kapt_code":"A15176202","name":"성현동아","property_aptseq_join":"not_established","source_id":"seoul-openaptinfo"},"type":"Feature"},{"geometry":{"coordinates":[126.9518898,37.4770751],"type":"Point"},"id":"A15176602","properties":{"coordinate_status":"provider_xy_crs_unconfirmed","households":184,"kapt_code":"A15176602","name":"봉천건영6차아파트","property_aptseq_join":"not_established","source_id":"seoul-openaptinfo"},"type":"Feature"},{"geometry":{"coordinates":[126.9280602,37.4612442],"type":"Point"},"id":"A15176701","properties":{"coordinate_status":"provider_xy_crs_unconfirmed","households":630,"kapt_code":"A15176701","name":"관악국제산장","property_aptseq_join":"not_established","source_id":"seoul-openaptinfo"},"type":"Feature"},{"geometry":{"coordinates":[126.913185,37.4771101],"type":"Point"},"id":"A15177101","properties":{"coordinate_status":"provider_xy_crs_unconfirmed","households":171,"kapt_code":"A15177101","name":"라이프아파트","property_aptseq_join":"unique_official_road_address_and_name","property_complex_id":"molit-apt:11620:11620-50","property_release_id":"property-eea48453a819f517","source_id":"seoul-openaptinfo"},"type":"Feature"},{"geometry":{"coordinates":[126.9454566,37.4884554],"type":"Point"},"id":"A15178201","properties":{"coordinate_status":"provider_xy_crs_unconfirmed","households":2105,"kapt_code":"A15178201","name":"관악벽산블루밍","property_aptseq_join":"not_established","source_id":"seoul-openaptinfo"},"type":"Feature"},{"geometry":{"coordinates":[126.9444368,37.4884282],"type":"Point"},"id":"A15178202","properties":{"coordinate_status":"provider_xy_crs_unconfirmed","households":281,"kapt_code":"A15178202","name":"봉천벽산블루밍3차","property_aptseq_join":"not_established","source_id":"seoul-openaptinfo"},"type":"Feature"},{"geometry":{"coordinates":[126.9459464,37.4853533],"type":"Point"},"id":"A15178203","properties":{"coordinate_status":"provider_xy_crs_unconfirmed","households":560,"kapt_code":"A15178203","name":"봉천두산3단지","property_aptseq_join":"not_established","source_id":"seoul-openaptinfo"},"type":"Feature"},{"geometry":{"coordinates":[126.945049,37.4895169],"type":"Point"},"id":"A15178204","properties":{"coordinate_status":"provider_xy_crs_unconfirmed","households":799,"kapt_code":"A15178204","name":"관악벽산블루밍임대","property_aptseq_join":"not_established","source_id":"seoul-openaptinfo"},"type":"Feature"},{"geometry":{"coordinates":[126.9267088,37.464009],"type":"Point"},"id":"A15179403","properties":{"coordinate_status":"provider_xy_crs_unconfirmed","households":818,"kapt_code":"A15179403","name":"신림주공2단지","property_aptseq_join":"not_established","source_id":"seoul-openaptinfo"},"type":"Feature"},{"geometry":{"coordinates":[126.9190257,37.4698044],"type":"Point"},"id":"A15179701","properties":{"coordinate_status":"provider_xy_crs_unconfirmed","households":465,"kapt_code":"A15179701","name":"임광관악파크","property_aptseq_join":"not_established","source_id":"seoul-openaptinfo"},"type":"Feature"},{"geometry":{"coordinates":[126.9460383,37.49251],"type":"Point"},"id":"A15180701","properties":{"coordinate_status":"provider_xy_crs_unconfirmed","households":203,"kapt_code":"A15180701","name":"봉천벽산타운2차","property_aptseq_join":"not_established","source_id":"seoul-openaptinfo"},"type":"Feature"},{"geometry":{"coordinates":[126.9506808,37.4898239],"type":"Point"},"id":"A15180705","properties":{"coordinate_status":"provider_xy_crs_unconfirmed","households":3544,"kapt_code":"A15180705","name":"관악드림타운","property_aptseq_join":"not_established","source_id":"seoul-openaptinfo"},"type":"Feature"},{"geometry":{"coordinates":[126.965591,37.4726586],"type":"Point"},"id":"A15181602","properties":{"coordinate_status":"provider_xy_crs_unconfirmed","households":251,"kapt_code":"A15181602","name":"낙성대현대","property_aptseq_join":"not_established","source_id":"seoul-openaptinfo"},"type":"Feature"},{"geometry":{"coordinates":[126.9250951,37.4911516],"type":"Point"},"id":"A15183001","properties":{"coordinate_status":"provider_xy_crs_unconfirmed","households":387,"kapt_code":"A15183001","name":"해태보라매타워","property_aptseq_join":"not_established","source_id":"seoul-openaptinfo"},"type":"Feature"},{"geometry":{"coordinates":[126.9455509,37.4787044],"type":"Point"},"id":"A15184101","properties":{"coordinate_status":"provider_xy_crs_unconfirmed","households":374,"kapt_code":"A15184101","name":"서울대입구아이원 (1560-61)","property_aptseq_join":"unique_official_road_address_and_name","property_complex_id":"molit-apt:11620:11620-4341","property_release_id":"property-eea48453a819f517","source_id":"seoul-openaptinfo"},"type":"Feature"},{"geometry":{"coordinates":[126.9372705,37.4837087],"type":"Point"},"id":"A15185201","properties":{"coordinate_status":"provider_xy_crs_unconfirmed","households":156,"kapt_code":"A15185201","name":"신림현대성우","property_aptseq_join":"not_established","source_id":"seoul-openaptinfo"},"type":"Feature"},{"geometry":{"coordinates":[126.9123312,37.4763359],"type":"Point"},"id":"A15185704","properties":{"coordinate_status":"provider_xy_crs_unconfirmed","households":492,"kapt_code":"A15185704","name":"신림건영1차","property_aptseq_join":"not_established","source_id":"seoul-openaptinfo"},"type":"Feature"},{"geometry":{"coordinates":[126.9372307,37.4637542],"type":"Point"},"id":"A15186002","properties":{"coordinate_status":"provider_xy_crs_unconfirmed","households":336,"kapt_code":"A15186002","name":"대학동현대(구신림9동)","property_aptseq_join":"not_established","source_id":"seoul-openaptinfo"},"type":"Feature"},{"geometry":{"coordinates":[126.9188034,37.4889489],"type":"Point"},"id":"A15187101","properties":{"coordinate_status":"provider_xy_crs_unconfirmed","households":201,"kapt_code":"A15187101","name":"신림우방","property_aptseq_join":"not_established","source_id":"seoul-openaptinfo"},"type":"Feature"},{"geometry":{"coordinates":[126.9168875,37.4707892],"type":"Point"},"id":"A15188101","properties":{"coordinate_status":"provider_xy_crs_unconfirmed","households":338,"kapt_code":"A15188101","name":"신림건영2차","property_aptseq_join":"not_established","source_id":"seoul-openaptinfo"},"type":"Feature"},{"geometry":{"coordinates":[126.9141266,37.4734101],"type":"Point"},"id":"A15188801","properties":{"coordinate_status":"provider_xy_crs_unconfirmed","households":197,"kapt_code":"A15188801","name":"신림초원","property_aptseq_join":"not_established","source_id":"seoul-openaptinfo"},"type":"Feature"},{"geometry":{"coordinates":[126.9034424,37.4824017],"type":"Point"},"id":"A15190301","properties":{"coordinate_status":"provider_xy_crs_unconfirmed","households":280,"kapt_code":"A15190301","name":"신림미성","property_aptseq_join":"not_established","source_id":"seoul-openaptinfo"},"type":"Feature"},{"geometry":{"coordinates":[126.9104854,37.4791307],"type":"Point"},"id":"A15190705","properties":{"coordinate_status":"provider_xy_crs_unconfirmed","households":1456,"kapt_code":"A15190705","name":"신림푸르지오","property_aptseq_join":"unique_official_road_address_and_name","property_complex_id":"molit-apt:11620:11620-183","property_release_id":"property-eea48453a819f517","source_id":"seoul-openaptinfo"},"type":"Feature"},{"geometry":{"coordinates":[126.951485,37.4871792],"type":"Point"},"id":"A15192201","properties":{"coordinate_status":"provider_xy_crs_unconfirmed","households":487,"kapt_code":"A15192201","name":"관악동부센트레빌","property_aptseq_join":"unique_official_road_address_and_name","property_complex_id":"molit-apt:11620:11620-144","property_release_id":"property-eea48453a819f517","source_id":"seoul-openaptinfo"},"type":"Feature"},{"geometry":{"coordinates":[126.9561802,37.487826],"type":"Point"},"id":"A15192202","properties":{"coordinate_status":"provider_xy_crs_unconfirmed","households":836,"kapt_code":"A15192202","name":"봉천동아제2","property_aptseq_join":"not_established","source_id":"seoul-openaptinfo"},"type":"Feature"},{"geometry":{"coordinates":[126.8817971,37.4966164],"type":"Point"},"id":"A15205001","properties":{"coordinate_status":"provider_xy_crs_unconfirmed","households":216,"kapt_code":"A15205001","name":"우리유앤미","property_aptseq_join":"unique_official_road_address_and_name","property_complex_id":"molit-apt:11530:11530-175","property_release_id":"property-eea48453a819f517","source_id":"seoul-openaptinfo"},"type":"Feature"},{"geometry":{"coordinates":[126.8889122,37.4885905],"type":"Point"},"id":"A15205002","properties":{"coordinate_status":"provider_xy_crs_unconfirmed","households":442,"kapt_code":"A15205002","name":"구로두산제2","property_aptseq_join":"not_established","source_id":"seoul-openaptinfo"},"type":"Feature"},{"geometry":{"coordinates":[126.8722377,37.4947097],"type":"Point"},"id":"A15205103","properties":{"coordinate_status":"provider_xy_crs_unconfirmed","households":296,"kapt_code":"A15205103","name":"구로우성(1동)","property_aptseq_join":"not_established","source_id":"seoul-openaptinfo"},"type":"Feature"},{"geometry":{"coordinates":[126.8756078,37.4863381],"type":"Point"},"id":"A15205104","properties":{"coordinate_status":"provider_xy_crs_unconfirmed","households":454,"kapt_code":"A15205104","name":"구로한일유엔아이","property_aptseq_join":"not_established","source_id":"seoul-openaptinfo"},"type":"Feature"},{"geometry":{"coordinates":[126.8769093,37.4902883],"type":"Point"},"id":"A15205108","properties":{"coordinate_status":"provider_xy_crs_unconfirmed","households":829,"kapt_code":"A15205108","name":"구일우성아파트","property_aptseq_join":"unique_official_road_address_and_name","property_complex_id":"molit-apt:11530:11530-1","property_release_id":"property-eea48453a819f517","source_id":"seoul-openaptinfo"},"type":"Feature"},{"geometry":{"coordinates":[126.8967361,37.4797919],"type":"Point"},"id":"A15205301","properties":{"coordinate_status":"provider_xy_crs_unconfirmed","households":240,"kapt_code":"A15205301","name":"구로신성미소지움","property_aptseq_join":"not_established","source_id":"seoul-openaptinfo"},"type":"Feature"},{"geometry":{"coordinates":[126.8913409,37.4889722],"type":"Point"},"id":"A15205303","properties":{"coordinate_status":"provider_xy_crs_unconfirmed","households":498,"kapt_code":"A15205303","name":"구로한신휴플러스","property_aptseq_join":"not_established","source_id":"seoul-openaptinfo"},"type":"Feature"},{"geometry":{"coordinates":[126.8902975,37.4860899],"type":"Point"},"id":"A15205305","properties":{"coordinate_status":"provider_xy_crs_unconfirmed","households":660,"kapt_code":"A15205305","name":"구로두산위브","property_aptseq_join":"unique_official_road_address_and_name","property_complex_id":"molit-apt:11530:11530-3249","property_release_id":"property-eea48453a819f517","source_id":"seoul-openaptinfo"},"type":"Feature"},{"geometry":{"coordinates":[126.8886871,37.4893718],"type":"Point"},"id":"A15205405","properties":{"coordinate_status":"provider_xy_crs_unconfirmed","households":1285,"kapt_code":"A15205405","name":"구로두산","property_aptseq_join":"not_established","source_id":"seoul-openaptinfo"},"type":"Feature"},{"geometry":{"coordinates":[126.8896095,37.5055429],"type":"Point"},"id":"A15205508","properties":{"coordinate_status":"provider_xy_crs_unconfirmed","households":299,"kapt_code":"A15205508","name":"신구로자이","property_aptseq_join":"unique_official_road_address_and_name","property_complex_id":"molit-apt:11530:11530-3269","property_release_id":"property-eea48453a819f517","source_id":"seoul-openaptinfo"},"type":"Feature"},{"geometry":{"coordinates":[126.8844706,37.50345],"type":"Point"},"id":"A15205511","properties":{"coordinate_status":"provider_xy_crs_unconfirmed","households":718,"kapt_code":"A15205511","name":"신도림롯데","property_aptseq_join":"unique_official_road_address_and_name","property_complex_id":"molit-apt:11530:11530-11","property_release_id":"property-eea48453a819f517","source_id":"seoul-openaptinfo"},"type":"Feature"},{"geometry":{"coordinates":[126.8886475,37.5060878],"type":"Point"},"id":"A15205513","properties":{"coordinate_status":"provider_xy_crs_unconfirmed","households":1252,"kapt_code":"A15205513","name":"신도림태영타운","property_aptseq_join":"unique_official_road_address_and_name","property_complex_id":"molit-apt:11530:11530-17","property_release_id":"property-eea48453a819f517","source_id":"seoul-openaptinfo"},"type":"Feature"},{"geometry":{"coordinates":[126.8574842,37.4980376],"type":"Point"},"id":"A15208003","properties":{"coordinate_status":"provider_xy_crs_unconfirmed","households":600,"kapt_code":"A15208003","name":"고척삼환로즈빌","property_aptseq_join":"not_established","source_id":"seoul-openaptinfo"},"type":"Feature"},{"geometry":{"coordinates":[126.8640402,37.5043049],"type":"Point"},"id":"A15208005","properties":{"coordinate_status":"provider_xy_crs_unconfirmed","households":175,"kapt_code":"A15208005","name":"고척마젤란","property_aptseq_join":"not_established","source_id":"seoul-openaptinfo"},"type":"Feature"},{"geometry":{"coordinates":[126.8595883,37.5046604],"type":"Point"},"id":"A15208006","properties":{"coordinate_status":"provider_xy_crs_unconfirmed","households":339,"kapt_code":"A15208006","name":"고척벽산베스트블루밍","property_aptseq_join":"not_established","source_id":"seoul-openaptinfo"},"type":"Feature"},{"geometry":{"coordinates":[126.8628607,37.5029166],"type":"Point"},"id":"A15208007","properties":{"coordinate_status":"provider_xy_crs_unconfirmed","households":180,"kapt_code":"A15208007","name":"고척월드메르디앙","property_aptseq_join":"unique_official_road_address_and_name","property_complex_id":"molit-apt:11530:11530-3459","property_release_id":"property-eea48453a819f517","source_id":"seoul-openaptinfo"},"type":"Feature"},{"geometry":{"coordinates":[126.8566086,37.504745],"type":"Point"},"id":"A15208201","properties":{"coordinate_status":"provider_xy_crs_unconfirmed","households":165,"kapt_code":"A15208201","name":"고척양우","property_aptseq_join":"not_established","source_id":"seoul-openaptinfo"},"type":"Feature"},{"geometry":{"coordinates":[126.8529887,37.5087458],"type":"Point"},"id":"A15208202","properties":{"coordinate_status":"provider_xy_crs_unconfirmed","households":245,"kapt_code":"A15208202","name":"고척삼익1단지","property_aptseq_join":"not_established","source_id":"seoul-openaptinfo"},"type":"Feature"},{"geometry":{"coordinates":[126.8510935,37.5080441],"type":"Point"},"id":"A15208204","properties":{"coordinate_status":"provider_xy_crs_unconfirmed","households":390,"kapt_code":"A15208204","name":"고척한일유앤아이","property_aptseq_join":"not_established","source_id":"seoul-openaptinfo"},"type":"Feature"},{"geometry":{"coordinates":[126.8624239,37.4952761],"type":"Point"},"id":"A15209002","properties":{"coordinate_status":"provider_xy_crs_unconfirmed","households":1983,"kapt_code":"A15209002","name":"개봉한마을","property_aptseq_join":"not_established","source_id":"seoul-openaptinfo"},"type":"Feature"},{"geometry":{"coordinates":[126.8597726,37.4954923],"type":"Point"},"id":"A15209003","properties":{"coordinate_status":"provider_xy_crs_unconfirmed","households":156,"kapt_code":"A15209003","name":"청실아파트","property_aptseq_join":"unique_official_road_address_and_name","property_complex_id":"molit-apt:11530:11530-88","property_release_id":"property-eea48453a819f517","source_id":"seoul-openaptinfo"},"type":"Feature"},{"geometry":{"coordinates":[126.8597407,37.4898358],"type":"Point"},"id":"A15209004","properties":{"coordinate_status":"provider_xy_crs_unconfirmed","households":684,"kapt_code":"A15209004","name":"개봉동아이파크","property_aptseq_join":"not_established","source_id":"seoul-openaptinfo"},"type":"Feature"},{"geometry":{"coordinates":[126.850515563,37.498988326],"type":"Point"},"id":"A15209006","properties":{"coordinate_status":"provider_xy_crs_unconfirmed","households":100,"kapt_code":"A15209006","name":"개봉고운아파트","property_aptseq_join":"not_established","source_id":"seoul-openaptinfo"},"type":"Feature"},{"geometry":{"coordinates":[126.848559062,37.499214262],"type":"Point"},"id":"A15209007","properties":{"coordinate_status":"provider_xy_crs_unconfirmed","households":978,"kapt_code":"A15209007","name":"개봉 푸르지오","property_aptseq_join":"not_established","source_id":"seoul-openaptinfo"},"type":"Feature"},{"geometry":{"coordinates":[126.8613898,37.4936411],"type":"Point"},"id":"A15209201","properties":{"coordinate_status":"provider_xy_crs_unconfirmed","households":188,"kapt_code":"A15209201","name":"개봉상우","property_aptseq_join":"not_established","source_id":"seoul-openaptinfo"},"type":"Feature"},{"geometry":{"coordinates":[126.8572709,37.4943419],"type":"Point"},"id":"A15209202","properties":{"coordinate_status":"provider_xy_crs_unconfirmed","households":369,"kapt_code":"A15209202","name":"개봉삼호아파트","property_aptseq_join":"not_established","source_id":"seoul-openaptinfo"},"type":"Feature"},{"geometry":{"coordinates":[126.8526549,37.4950228],"type":"Point"},"id":"A15209203","properties":{"coordinate_status":"provider_xy_crs_unconfirmed","households":561,"kapt_code":"A15209203","name":"개봉두산","property_aptseq_join":"not_established","source_id":"seoul-openaptinfo"},"type":"Feature"},{"geometry":{"coordinates":[126.8579825,37.4966514],"type":"Point"},"id":"A15209205","properties":{"coordinate_status":"provider_xy_crs_unconfirmed","households":783,"kapt_code":"A15209205","name":"삼환아파트","property_aptseq_join":"unique_official_road_address_and_name","property_complex_id":"molit-apt:11530:11530-80","property_release_id":"property-eea48453a819f517","source_id":"seoul-openaptinfo"},"type":"Feature"},{"geometry":{"coordinates":[126.8613353,37.4918455],"type":"Point"},"id":"A15209206","properties":{"coordinate_status":"provider_xy_crs_unconfirmed","households":964,"kapt_code":"A15209206","name":"개봉현대홈타운2단지","property_aptseq_join":"not_established","source_id":"seoul-openaptinfo"},"type":"Feature"},{"geometry":{"coordinates":[126.858502,37.4920888],"type":"Point"},"id":"A15209207","properties":{"coordinate_status":"provider_xy_crs_unconfirmed","households":2412,"kapt_code":"A15209207","name":"개봉동현대아파트","property_aptseq_join":"not_established","source_id":"seoul-openaptinfo"},"type":"Feature"},{"geometry":{"coordinates":[126.8497887,37.4823243],"type":"Point"},"id":"A15209303","properties":{"coordinate_status":"provider_xy_crs_unconfirmed","households":208,"kapt_code":"A15209303","name":"개봉대상아파트","property_aptseq_join":"not_established","source_id":"seoul-openaptinfo"},"type":"Feature"},{"geometry":{"coordinates":[126.8492712,37.4828153],"type":"Point"},"id":"A15209304","properties":{"coordinate_status":"provider_xy_crs_unconfirmed","households":212,"kapt_code":"A15209304","name":"영화 아이닉스","property_aptseq_join":"unique_official_road_address_and_name","property_complex_id":"molit-apt:11530:11530-3141","property_release_id":"property-eea48453a819f517","source_id":"seoul-openaptinfo"},"type":"Feature"},{"geometry":{"coordinates":[126.8514274,37.4851033],"type":"Point"},"id":"A15209305","properties":{"coordinate_status":"provider_xy_crs_unconfirmed","households":1371,"kapt_code":"A15209305","name":"개봉한진","property_aptseq_join":"not_established","source_id":"seoul-openaptinfo"},"type":"Feature"},{"geometry":{"coordinates":[126.8376654,37.4773553],"type":"Point"},"id":"A15210001","properties":{"coordinate_status":"provider_xy_crs_unconfirmed","households":571,"kapt_code":"A15210001","name":"천왕연지타운1단지","property_aptseq_join":"unique_official_road_address_and_name","property_complex_id":"molit-apt:11530:11530-3757","property_release_id":"property-eea48453a819f517","source_id":"seoul-openaptinfo"},"type":"Feature"},{"geometry":{"coordinates":[126.8394712,37.4936836],"type":"Point"},"id":"A15210101","properties":{"coordinate_status":"provider_xy_crs_unconfirmed","households":152,"kapt_code":"A15210101","name":"오류동선","property_aptseq_join":"not_established","source_id":"seoul-openaptinfo"},"type":"Feature"},{"geometry":{"coordinates":[126.8391422,37.4984546],"type":"Point"},"id":"A15210102","properties":{"coordinate_status":"provider_xy_crs_unconfirmed","households":182,"kapt_code":"A15210102","name":"오류금호어울림","property_aptseq_join":"not_established","source_id":"seoul-openaptinfo"},"type":"Feature"},{"geometry":{"coordinates":[126.8487072,37.4971316],"type":"Point"},"id":"A15210103","properties":{"coordinate_status":"provider_xy_crs_unconfirmed","households":205,"kapt_code":"A15210103","name":"동부2차아파트","property_aptseq_join":"not_established","source_id":"seoul-openaptinfo"},"type":"Feature"},{"geometry":{"coordinates":[126.8470682,37.4966587],"type":"Point"},"id":"A15210104","properties":{"coordinate_status":"provider_xy_crs_unconfirmed","households":218,"kapt_code":"A15210104","name":"오류라인","property_aptseq_join":"not_established","source_id":"seoul-openaptinfo"},"type":"Feature"},{"geometry":{"coordinates":[126.8478369,37.4971219],"type":"Point"},"id":"A15210105","properties":{"coordinate_status":"provider_xy_crs_unconfirmed","households":252,"kapt_code":"A15210105","name":"오류동부덕고개","property_aptseq_join":"not_established","source_id":"seoul-openaptinfo"},"type":"Feature"},{"geometry":{"coordinates":[126.8410059,37.4983793],"type":"Point"},"id":"A15210106","properties":{"coordinate_status":"provider_xy_crs_unconfirmed","households":299,"kapt_code":"A15210106","name":"오류한신플러스타운","property_aptseq_join":"not_established","source_id":"seoul-openaptinfo"},"type":"Feature"},{"geometry":{"coordinates":[126.8397859,37.4991205],"type":"Point"},"id":"A15210107","properties":{"coordinate_status":"provider_xy_crs_unconfirmed","households":932,"kapt_code":"A15210107","name":"오류동부골든","property_aptseq_join":"not_established","source_id":"seoul-openaptinfo"},"type":"Feature"},{"geometry":{"coordinates":[126.8476508,37.4928901],"type":"Point"},"id":"A15210206","properties":{"coordinate_status":"provider_xy_crs_unconfirmed","households":247,"kapt_code":"A15210206","name":"오류금강","property_aptseq_join":"not_established","source_id":"seoul-openaptinfo"},"type":"Feature"},{"geometry":{"coordinates":[126.8398933,37.4907209],"type":"Point"},"id":"A15210207","properties":{"coordinate_status":"provider_xy_crs_unconfirmed","households":296,"kapt_code":"A15210207","name":"경남아너스빌","property_aptseq_join":"unique_official_road_address_and_name","property_complex_id":"molit-apt:11530:11530-152","property_release_id":"property-eea48453a819f517","source_id":"seoul-openaptinfo"},"type":"Feature"},{"geometry":{"coordinates":[126.8415352,37.491628],"type":"Point"},"id":"A15210209","properties":{"coordinate_status":"provider_xy_crs_unconfirmed","households":378,"kapt_code":"A15210209","name":"오류푸르지오","property_aptseq_join":"not_established","source_id":"seoul-openaptinfo"},"type":"Feature"},{"geometry":{"coordinates":[126.8399091,37.4927408],"type":"Point"},"id":"A15210210","properties":{"coordinate_status":"provider_xy_crs_unconfirmed","households":423,"kapt_code":"A15210210","name":"오류삼천리","property_aptseq_join":"not_established","source_id":"seoul-openaptinfo"},"type":"Feature"},{"geometry":{"coordinates":[126.8323205,37.4882645],"type":"Point"},"id":"A15210211","properties":{"coordinate_status":"provider_xy_crs_unconfirmed","households":620,"kapt_code":"A15210211","name":"오류금강수목원","property_aptseq_join":"not_established","source_id":"seoul-openaptinfo"},"type":"Feature"},{"geometry":{"coordinates":[126.8387213,37.4915505],"type":"Point"},"id":"A15210212","properties":{"coordinate_status":"provider_xy_crs_unconfirmed","households":627,"kapt_code":"A15210212","name":"오류동 영풍마드레빌","property_aptseq_join":"not_established","source_id":"seoul-openaptinfo"},"type":"Feature"},{"geometry":{"coordinates":[126.84226104,37.479582264],"type":"Point"},"id":"A15213001","properties":{"coordinate_status":"provider_xy_crs_unconfirmed","households":522,"kapt_code":"A15213001","name":"천왕이펜하우스5단지","property_aptseq_join":"unique_official_road_address_and_name","property_complex_id":"molit-apt:11530:11530-3485","property_release_id":"property-eea48453a819f517","source_id":"seoul-openaptinfo"},"type":"Feature"},{"geometry":{"coordinates":[126.841051,37.4783405],"type":"Point"},"id":"A15213002","properties":{"coordinate_status":"provider_xy_crs_unconfirmed","households":678,"kapt_code":"A15213002","name":"천왕이펜하우스6단지","property_aptseq_join":"unique_official_road_address_and_name","property_complex_id":"molit-apt:11530:11530-3469","property_release_id":"property-eea48453a819f517","source_id":"seoul-openaptinfo"},"type":"Feature"},{"geometry":{"coordinates":[126.8384921,37.4848726],"type":"Point"},"id":"A15213003","properties":{"coordinate_status":"provider_xy_crs_unconfirmed","households":526,"kapt_code":"A15213003","name":"천왕이펜하우스2단지","property_aptseq_join":"unique_official_road_address_and_name","property_complex_id":"molit-apt:11530:11530-3470","property_release_id":"property-eea48453a819f517","source_id":"seoul-openaptinfo"},"type":"Feature"},{"geometry":{"coordinates":[126.83906005,37.479903286],"type":"Point"},"id":"A15213004","properties":{"coordinate_status":"provider_xy_crs_unconfirmed","households":478,"kapt_code":"A15213004","name":"천왕이펜하우스4단지","property_aptseq_join":"unique_official_road_address_and_name","property_complex_id":"molit-apt:11530:11530-3489","property_release_id":"property-eea48453a819f517","source_id":"seoul-openaptinfo"},"type":"Feature"},{"geometry":{"coordinates":[126.838916341,37.482251607],"type":"Point"},"id":"A15213005","properties":{"coordinate_status":"provider_xy_crs_unconfirmed","households":1044,"kapt_code":"A15213005","name":"천왕이펜하우스3단지","property_aptseq_join":"unique_official_road_address_and_name","property_complex_id":"molit-apt:11530:11530-3515","property_release_id":"property-eea48453a819f517","source_id":"seoul-openaptinfo"},"type":"Feature"},{"geometry":{"coordinates":[126.8393033,37.4827687],"type":"Point"},"id":"A15213006","properties":{"coordinate_status":"provider_xy_crs_unconfirmed","households":314,"kapt_code":"A15213006","name":"천왕이펜하우스1단지","property_aptseq_join":"unique_official_road_address_and_name","property_complex_id":"molit-apt:11530:11530-3514","property_release_id":"property-eea48453a819f517","source_id":"seoul-openaptinfo"},"type":"Feature"},{"geometry":{"coordinates":[126.8447896,37.4829188],"type":"Point"},"id":"A15213007","properties":{"coordinate_status":"provider_xy_crs_unconfirmed","households":1018,"kapt_code":"A15213007","name":"천왕연지타운2단지","property_aptseq_join":"unique_official_road_address_and_name","property_complex_id":"molit-apt:11530:11530-3775","property_release_id":"property-eea48453a819f517","source_id":"seoul-openaptinfo"},"type":"Feature"},{"geometry":{"coordinates":[126.8198155,37.4842505],"type":"Point"},"id":"A15271601","properties":{"coordinate_status":"provider_xy_crs_unconfirmed","households":245,"kapt_code":"A15271601","name":"서울수목원현대홈타운스위트","property_aptseq_join":"not_established","source_id":"seoul-openaptinfo"},"type":"Feature"},{"geometry":{"coordinates":[126.8406749,37.5011622],"type":"Point"},"id":"A15275101","properties":{"coordinate_status":"provider_xy_crs_unconfirmed","households":209,"kapt_code":"A15275101","name":"개봉건영","property_aptseq_join":"not_established","source_id":"seoul-openaptinfo"},"type":"Feature"},{"geometry":{"coordinates":[126.8889308,37.5086043],"type":"Point"},"id":"A15277302","properties":{"coordinate_status":"provider_xy_crs_unconfirmed","households":524,"kapt_code":"A15277302","name":"신도림디큐브시티","property_aptseq_join":"not_established","source_id":"seoul-openaptinfo"},"type":"Feature"},{"geometry":{"coordinates":[126.8397859,37.4991205],"type":"Point"},"id":"A15278301","properties":{"coordinate_status":"provider_xy_crs_unconfirmed","households":304,"kapt_code":"A15278301","name":"오류동부골든SH임대","property_aptseq_join":"not_established","source_id":"seoul-openaptinfo"},"type":"Feature"},{"geometry":{"coordinates":[126.820976,37.4971229],"type":"Point"},"id":"A15279101","properties":{"coordinate_status":"provider_xy_crs_unconfirmed","households":999,"kapt_code":"A15279101","name":"온수힐스테이트","property_aptseq_join":"unique_official_road_address_and_name","property_complex_id":"molit-apt:11530:11530-3391","property_release_id":"property-eea48453a819f517","source_id":"seoul-openaptinfo"},"type":"Feature"},{"geometry":{"coordinates":[126.86003199,37.506235837],"type":"Point"},"id":"A15279401","properties":{"coordinate_status":"provider_xy_crs_unconfirmed","households":118,"kapt_code":"A15279401","name":"고척청솔우성","property_aptseq_join":"not_established","source_id":"seoul-openaptinfo"},"type":"Feature"},{"geometry":{"coordinates":[126.8620712,37.5060999],"type":"Point"},"id":"A15279402","properties":{"coordinate_status":"provider_xy_crs_unconfirmed","households":421,"kapt_code":"A15279402","name":"고척LIG리가아파트","property_aptseq_join":"not_established","source_id":"seoul-openaptinfo"},"type":"Feature"},{"geometry":{"coordinates":[126.857232,37.5071864],"type":"Point"},"id":"A15279403","properties":{"coordinate_status":"provider_xy_crs_unconfirmed","households":662,"kapt_code":"A15279403","name":"고척파크푸르지오","property_aptseq_join":"unique_official_road_address_and_name","property_complex_id":"molit-apt:11530:11530-3373","property_release_id":"property-eea48453a819f517","source_id":"seoul-openaptinfo"},"type":"Feature"},{"geometry":{"coordinates":[126.8554746,37.5030323],"type":"Point"},"id":"A15279404","properties":{"coordinate_status":"provider_xy_crs_unconfirmed","households":987,"kapt_code":"A15279404","name":"고척대우","property_aptseq_join":"not_established","source_id":"seoul-openaptinfo"},"type":"Feature"},{"geometry":{"coordinates":[126.8437766,37.5001509],"type":"Point"},"id":"A15280303","properties":{"coordinate_status":"provider_xy_crs_unconfirmed","households":245,"kapt_code":"A15280303","name":"개봉거성푸르뫼2차아피트","property_aptseq_join":"not_established","source_id":"seoul-openaptinfo"},"type":"Feature"},{"geometry":{"coordinates":[126.8434989,37.5009472],"type":"Point"},"id":"A15280304","properties":{"coordinate_status":"provider_xy_crs_unconfirmed","households":249,"kapt_code":"A15280304","name":"개봉거성푸르뫼1차","property_aptseq_join":"not_established","source_id":"seoul-openaptinfo"},"type":"Feature"},{"geometry":{"coordinates":[126.8579501,37.4966551],"type":"Point"},"id":"A15280602","properties":{"coordinate_status":"provider_xy_crs_unconfirmed","households":173,"kapt_code":"A15280602","name":"신개봉삼환","property_aptseq_join":"unique_official_road_address_and_name","property_complex_id":"molit-apt:11530:11530-82","property_release_id":"property-eea48453a819f517","source_id":"seoul-openaptinfo"},"type":"Feature"},{"geometry":{"coordinates":[126.8600001,37.4961973],"type":"Point"},"id":"A15282105","properties":{"coordinate_status":"provider_xy_crs_unconfirmed","households":372,"kapt_code":"A15282105","name":"개봉영화","property_aptseq_join":"not_established","source_id":"seoul-openaptinfo"},"type":"Feature"},{"geometry":{"coordinates":[126.861314,37.5015238],"type":"Point"},"id":"A15282403","properties":{"coordinate_status":"provider_xy_crs_unconfirmed","households":290,"kapt_code":"A15282403","name":"고척한효","property_aptseq_join":"not_established","source_id":"seoul-openaptinfo"},"type":"Feature"},{"geometry":{"coordinates":[126.8669946,37.5044786],"type":"Point"},"id":"A15282405","properties":{"coordinate_status":"provider_xy_crs_unconfirmed","households":342,"kapt_code":"A15282405","name":"산업인","property_aptseq_join":"unique_official_road_address_and_name","property_complex_id":"molit-apt:11530:11530-53","property_release_id":"property-eea48453a819f517","source_id":"seoul-openaptinfo"},"type":"Feature"},{"geometry":{"coordinates":[126.8627819,37.4988578],"type":"Point"},"id":"A15282608","properties":{"coordinate_status":"provider_xy_crs_unconfirmed","households":440,"kapt_code":"A15282608","name":"고척우성현대","property_aptseq_join":"not_established","source_id":"seoul-openaptinfo"},"type":"Feature"},{"geometry":{"coordinates":[126.8600913,37.5017893],"type":"Point"},"id":"A15282810","properties":{"coordinate_status":"provider_xy_crs_unconfirmed","households":715,"kapt_code":"A15282810","name":"고척서울가든","property_aptseq_join":"not_established","source_id":"seoul-openaptinfo"},"type":"Feature"},{"geometry":{"coordinates":[126.8567573,37.5043308],"type":"Point"},"id":"A15283603","properties":{"coordinate_status":"provider_xy_crs_unconfirmed","households":273,"kapt_code":"A15283603","name":"고척경남2차","property_aptseq_join":"not_established","source_id":"seoul-openaptinfo"},"type":"Feature"},{"geometry":{"coordinates":[126.8627712,37.5052906],"type":"Point"},"id":"A15283701","properties":{"coordinate_status":"provider_xy_crs_unconfirmed","households":163,"kapt_code":"A15283701","name":"고척경남1차","property_aptseq_join":"not_established","source_id":"seoul-openaptinfo"},"type":"Feature"},{"geometry":{"coordinates":[126.8659412,37.5033206],"type":"Point"},"id":"A15283702","properties":{"coordinate_status":"provider_xy_crs_unconfirmed","households":204,"kapt_code":"A15283702","name":"고척우성꿈동산","property_aptseq_join":"not_established","source_id":"seoul-openaptinfo"},"type":"Feature"},{"geometry":{"coordinates":[126.8528717,37.5074792],"type":"Point"},"id":"A15283704","properties":{"coordinate_status":"provider_xy_crs_unconfirmed","households":298,"kapt_code":"A15283704","name":"삼익아파트2단지","property_aptseq_join":"not_established","source_id":"seoul-openaptinfo"},"type":"Feature"},{"geometry":{"coordinates":[126.8656221,37.5006992],"type":"Point"},"id":"A15283706","properties":{"coordinate_status":"provider_xy_crs_unconfirmed","households":355,"kapt_code":"A15283706","name":"고척동아한신","property_aptseq_join":"not_established","source_id":"seoul-openaptinfo"},"type":"Feature"},{"geometry":{"coordinates":[126.8622842,37.5044346],"type":"Point"},"id":"A15283707","properties":{"coordinate_status":"provider_xy_crs_unconfirmed","households":391,"kapt_code":"A15283707","name":"고척동센츄리","property_aptseq_join":"not_established","source_id":"seoul-openaptinfo"},"type":"Feature"},{"geometry":{"coordinates":[126.8638405,37.5015386],"type":"Point"},"id":"A15283709","properties":{"coordinate_status":"provider_xy_crs_unconfirmed","households":448,"kapt_code":"A15283709","name":"고척청구아파트","property_aptseq_join":"not_established","source_id":"seoul-openaptinfo"},"type":"Feature"},{"geometry":{"coordinates":[126.8647287,37.4956202],"type":"Point"},"id":"A15283711","properties":{"coordinate_status":"provider_xy_crs_unconfirmed","households":886,"kapt_code":"A15283711","name":"고척벽산블루밍","property_aptseq_join":"not_established","source_id":"seoul-openaptinfo"},"type":"Feature"},{"geometry":{"coordinates":[126.8912982,37.5009591],"type":"Point"},"id":"A15283801","properties":{"coordinate_status":"provider_xy_crs_unconfirmed","households":155,"kapt_code":"A15283801","name":"신도림쌍용플래티넘노블","property_aptseq_join":"not_established","source_id":"seoul-openaptinfo"},"type":"Feature"},{"geometry":{"coordinates":[126.8919875,37.5000583],"type":"Point"},"id":"A15283803","properties":{"coordinate_status":"provider_xy_crs_unconfirmed","households":166,"kapt_code":"A15283803","name":"구로금호어울림","property_aptseq_join":"not_established","source_id":"seoul-openaptinfo"},"type":"Feature"},{"geometry":{"coordinates":[126.8918736,37.5026206],"type":"Point"},"id":"A15283806","properties":{"coordinate_status":"provider_xy_crs_unconfirmed","households":285,"kapt_code":"A15283806","name":"구로다솜금호","property_aptseq_join":"not_established","source_id":"seoul-openaptinfo"},"type":"Feature"},{"geometry":{"coordinates":[126.8921268,37.5035585],"type":"Point"},"id":"A15283807","properties":{"coordinate_status":"provider_xy_crs_unconfirmed","households":299,"kapt_code":"A15283807","name":"LG신도림자이","property_aptseq_join":"not_established","source_id":"seoul-openaptinfo"},"type":"Feature"},{"geometry":{"coordinates":[126.8890278,37.5039735],"type":"Point"},"id":"A15283809","properties":{"coordinate_status":"provider_xy_crs_unconfirmed","households":344,"kapt_code":"A15283809","name":"구로우성","property_aptseq_join":"not_established","source_id":"seoul-openaptinfo"},"type":"Feature"},{"geometry":{"coordinates":[126.8930516,37.4961263],"type":"Point"},"id":"A15283902","properties":{"coordinate_status":"provider_xy_crs_unconfirmed","households":397,"kapt_code":"A15283902","name":"신구로현대","property_aptseq_join":"not_established","source_id":"seoul-openaptinfo"},"type":"Feature"},{"geometry":{"coordinates":[126.891625,37.4960263],"type":"Point"},"id":"A15284101","properties":{"coordinate_status":"provider_xy_crs_unconfirmed","households":166,"kapt_code":"A15284101","name":"구로2차순영웰라이빌","property_aptseq_join":"not_established","source_id":"seoul-openaptinfo"},"type":"Feature"},{"geometry":{"coordinates":[126.891368,37.4969204],"type":"Point"},"id":"A15284204","properties":{"coordinate_status":"provider_xy_crs_unconfirmed","households":206,"kapt_code":"A15284204","name":"구로성호주상복합","property_aptseq_join":"not_established","source_id":"seoul-openaptinfo"},"type":"Feature"},{"geometry":{"coordinates":[126.8909539,37.4994441],"type":"Point"},"id":"A15284302","properties":{"coordinate_status":"provider_xy_crs_unconfirmed","households":160,"kapt_code":"A15284302","name":"구로대성스카이렉스","property_aptseq_join":"not_established","source_id":"seoul-openaptinfo"},"type":"Feature"},{"geometry":{"coordinates":[126.8900268,37.4999584],"type":"Point"},"id":"A15284305","properties":{"coordinate_status":"provider_xy_crs_unconfirmed","households":272,"kapt_code":"A15284305","name":"구로새솔금호","property_aptseq_join":"not_established","source_id":"seoul-openaptinfo"},"type":"Feature"},{"geometry":{"coordinates":[126.8940158,37.4920766],"type":"Point"},"id":"A15284603","properties":{"coordinate_status":"provider_xy_crs_unconfirmed","households":427,"kapt_code":"A15284603","name":"구로럭키","property_aptseq_join":"not_established","source_id":"seoul-openaptinfo"},"type":"Feature"},{"geometry":{"coordinates":[126.8919379,37.4875908],"type":"Point"},"id":"A15284906","properties":{"coordinate_status":"provider_xy_crs_unconfirmed","households":1244,"kapt_code":"A15284906","name":"구로삼성래미안","property_aptseq_join":"not_established","source_id":"seoul-openaptinfo"},"type":"Feature"},{"geometry":{"coordinates":[126.8894082,37.4909119],"type":"Point"},"id":"A15285004","properties":{"coordinate_status":"provider_xy_crs_unconfirmed","households":493,"kapt_code":"A15285004","name":"구로극동","property_aptseq_join":"not_established","source_id":"seoul-openaptinfo"},"type":"Feature"},{"geometry":{"coordinates":[126.8852794,37.4952976],"type":"Point"},"id":"A15285503","properties":{"coordinate_status":"provider_xy_crs_unconfirmed","households":340,"kapt_code":"A15285503","name":"구로보광","property_aptseq_join":"not_established","source_id":"seoul-openaptinfo"},"type":"Feature"},{"geometry":{"coordinates":[126.8805548,37.4988595],"type":"Point"},"id":"A15285804","properties":{"coordinate_status":"provider_xy_crs_unconfirmed","households":597,"kapt_code":"A15285804","name":"구로중앙하이츠아파트","property_aptseq_join":"not_established","source_id":"seoul-openaptinfo"},"type":"Feature"},{"geometry":{"coordinates":[126.886015,37.5049671],"type":"Point"},"id":"A15286210","properties":{"coordinate_status":"provider_xy_crs_unconfirmed","households":450,"kapt_code":"A15286210","name":"신도림현대","property_aptseq_join":"unique_official_road_address_and_name","property_complex_id":"molit-apt:11530:11530-18","property_release_id":"property-eea48453a819f517","source_id":"seoul-openaptinfo"},"type":"Feature"},{"geometry":{"coordinates":[126.875877,37.5055458],"type":"Point"},"id":"A15286602","properties":{"coordinate_status":"provider_xy_crs_unconfirmed","households":189,"kapt_code":"A15286602","name":"구로월드","property_aptseq_join":"not_established","source_id":"seoul-openaptinfo"},"type":"Feature"},{"geometry":{"coordinates":[126.8743148,37.4976775],"type":"Point"},"id":"A15286801","properties":{"coordinate_status":"provider_xy_crs_unconfirmed","households":256,"kapt_code":"A15286801","name":"구로우방","property_aptseq_join":"not_established","source_id":"seoul-openaptinfo"},"type":"Feature"},{"geometry":{"coordinates":[126.8750782,37.4960424],"type":"Point"},"id":"A15286802","properties":{"coordinate_status":"provider_xy_crs_unconfirmed","households":290,"kapt_code":"A15286802","name":"구로현대상선","property_aptseq_join":"not_established","source_id":"seoul-openaptinfo"},"type":"Feature"},{"geometry":{"coordinates":[126.8737607,37.4963839],"type":"Point"},"id":"A15286805","properties":{"coordinate_status":"provider_xy_crs_unconfirmed","households":488,"kapt_code":"A15286805","name":"구로한신1차","property_aptseq_join":"not_established","source_id":"seoul-openaptinfo"},"type":"Feature"},{"geometry":{"coordinates":[126.8762765,37.4968215],"type":"Point"},"id":"A15286806","properties":{"coordinate_status":"provider_xy_crs_unconfirmed","households":579,"kapt_code":"A15286806","name":"중앙구로하이츠","property_aptseq_join":"not_established","source_id":"seoul-openaptinfo"},"type":"Feature"},{"geometry":{"coordinates":[126.8771082,37.4929871],"type":"Point"},"id":"A15286807","properties":{"coordinate_status":"provider_xy_crs_unconfirmed","households":735,"kapt_code":"A15286807","name":"구로현대연예인","property_aptseq_join":"not_established","source_id":"seoul-openaptinfo"},"type":"Feature"},{"geometry":{"coordinates":[126.8755006,37.4935926],"type":"Point"},"id":"A15286809","properties":{"coordinate_status":"provider_xy_crs_unconfirmed","households":2126,"kapt_code":"A15286809","name":"구로주공","property_aptseq_join":"not_established","source_id":"seoul-openaptinfo"},"type":"Feature"},{"geometry":{"coordinates":[126.8940421,37.4899094],"type":"Point"},"id":"A15288002","properties":{"coordinate_status":"provider_xy_crs_unconfirmed","households":497,"kapt_code":"A15288002","name":"구로이화우성","property_aptseq_join":"not_established","source_id":"seoul-openaptinfo"},"type":"Feature"},{"geometry":{"coordinates":[126.8959791,37.488491],"type":"Point"},"id":"A15288004","properties":{"coordinate_status":"provider_xy_crs_unconfirmed","households":591,"kapt_code":"A15288004","name":"구로현대","property_aptseq_join":"unique_official_road_address_and_name","property_complex_id":"molit-apt:11530:11530-138","property_release_id":"property-eea48453a819f517","source_id":"seoul-openaptinfo"},"type":"Feature"},{"geometry":{"coordinates":[126.8305225,37.4942451],"type":"Point"},"id":"A15288301","properties":{"coordinate_status":"provider_xy_crs_unconfirmed","households":762,"kapt_code":"A15288301","name":"궁동우신빌라","property_aptseq_join":"not_established","source_id":"seoul-openaptinfo"},"type":"Feature"},{"geometry":{"coordinates":[126.8765698,37.5072861],"type":"Point"},"id":"A15288611","properties":{"coordinate_status":"provider_xy_crs_unconfirmed","households":824,"kapt_code":"A15288611","name":"신도림미성","property_aptseq_join":"not_established","source_id":"seoul-openaptinfo"},"type":"Feature"},{"geometry":{"coordinates":[126.8837922,37.5127235],"type":"Point"},"id":"A15288801","properties":{"coordinate_status":"provider_xy_crs_unconfirmed","households":154,"kapt_code":"A15288801","name":"신도림우성5차","property_aptseq_join":"not_established","source_id":"seoul-openaptinfo"},"type":"Feature"},{"geometry":{"coordinates":[126.8783359,37.5070754],"type":"Point"},"id":"A15288802","properties":{"coordinate_status":"provider_xy_crs_unconfirmed","households":204,"kapt_code":"A15288802","name":"신도림대림3차","property_aptseq_join":"not_established","source_id":"seoul-openaptinfo"},"type":"Feature"},{"geometry":{"coordinates":[126.884309,37.511992],"type":"Point"},"id":"A15288803","properties":{"coordinate_status":"provider_xy_crs_unconfirmed","households":260,"kapt_code":"A15288803","name":"신도림현대","property_aptseq_join":"not_established","source_id":"seoul-openaptinfo"},"type":"Feature"},{"geometry":{"coordinates":[126.8843198,37.5130829],"type":"Point"},"id":"A15288804","properties":{"coordinate_status":"provider_xy_crs_unconfirmed","households":284,"kapt_code":"A15288804","name":"신도림우성3차","property_aptseq_join":"not_established","source_id":"seoul-openaptinfo"},"type":"Feature"},{"geometry":{"coordinates":[126.8811909,37.5067071],"type":"Point"},"id":"A15288805","properties":{"coordinate_status":"provider_xy_crs_unconfirmed","households":362,"kapt_code":"A15288805","name":"신도림대림5차e-편한세상","property_aptseq_join":"not_established","source_id":"seoul-openaptinfo"},"type":"Feature"},{"geometry":{"coordinates":[126.8859402,37.5114702],"type":"Point"},"id":"A15288806","properties":{"coordinate_status":"provider_xy_crs_unconfirmed","households":408,"kapt_code":"A15288806","name":"신도림우성1,2차","property_aptseq_join":"not_established","source_id":"seoul-openaptinfo"},"type":"Feature"},{"geometry":{"coordinates":[126.882657,37.5083184],"type":"Point"},"id":"A15288807","properties":{"coordinate_status":"provider_xy_crs_unconfirmed","households":411,"kapt_code":"A15288807","name":"신도림대림7차e-편한세상","property_aptseq_join":"not_established","source_id":"seoul-openaptinfo"},"type":"Feature"},{"geometry":{"coordinates":[126.8865014,37.5070085],"type":"Point"},"id":"A15288808","properties":{"coordinate_status":"provider_xy_crs_unconfirmed","households":304,"kapt_code":"A15288808","name":"SK VIEW","property_aptseq_join":"unique_official_road_address_and_name","property_complex_id":"molit-apt:11530:11530-3174","property_release_id":"property-eea48453a819f517","source_id":"seoul-openaptinfo"},"type":"Feature"},{"geometry":{"coordinates":[126.8860242,37.5083651],"type":"Point"},"id":"A15288809","properties":{"coordinate_status":"provider_xy_crs_unconfirmed","households":655,"kapt_code":"A15288809","name":"신도림동아2차","property_aptseq_join":"not_established","source_id":"seoul-openaptinfo"},"type":"Feature"},{"geometry":{"coordinates":[126.8842082,37.5095601],"type":"Point"},"id":"A15288810","properties":{"coordinate_status":"provider_xy_crs_unconfirmed","households":813,"kapt_code":"A15288810","name":"신도림동아3차","property_aptseq_join":"not_established","source_id":"seoul-openaptinfo"},"type":"Feature"},{"geometry":{"coordinates":[126.8868711,37.5108658],"type":"Point"},"id":"A15288812","properties":{"coordinate_status":"provider_xy_crs_unconfirmed","households":853,"kapt_code":"A15288812","name":"신도림4차e-편한세상","property_aptseq_join":"not_established","source_id":"seoul-openaptinfo"},"type":"Feature"},{"geometry":{"coordinates":[126.8829702,37.5110653],"type":"Point"},"id":"A15288813","properties":{"coordinate_status":"provider_xy_crs_unconfirmed","households":1095,"kapt_code":"A15288813","name":"신도림동아1차","property_aptseq_join":"not_established","source_id":"seoul-openaptinfo"},"type":"Feature"},{"geometry":{"coordinates":[126.880595,37.5058413],"type":"Point"},"id":"A15288814","properties":{"coordinate_status":"provider_xy_crs_unconfirmed","households":2298,"kapt_code":"A15288814","name":"신도림대림1,2차","property_aptseq_join":"not_established","source_id":"seoul-openaptinfo"},"type":"Feature"},{"geometry":{"coordinates":[126.831053,37.4923368],"type":"Point"},"id":"A15289508","properties":{"coordinate_status":"provider_xy_crs_unconfirmed","households":339,"kapt_code":"A15289508","name":"서울가든빌라","property_aptseq_join":"not_established","source_id":"seoul-openaptinfo"},"type":"Feature"},{"geometry":{"coordinates":[126.8887269,37.4647875],"type":"Point"},"id":"A15301105","properties":{"coordinate_status":"provider_xy_crs_unconfirmed","households":554,"kapt_code":"A15301105","name":"독산동중앙하이츠빌아파트","property_aptseq_join":"unique_official_road_address_and_name","property_complex_id":"molit-apt:11545:11545-108","property_release_id":"property-eea48453a819f517","source_id":"seoul-openaptinfo"},"type":"Feature"},{"geometry":{"coordinates":[126.9196921,37.4511267],"type":"Point"},"id":"A15303002","properties":{"coordinate_status":"provider_xy_crs_unconfirmed","households":1772,"kapt_code":"A15303002","name":"관악산벽산타운1단지","property_aptseq_join":"not_established","source_id":"seoul-openaptinfo"},"type":"Feature"},{"geometry":{"coordinates":[126.8976618,37.4545977],"type":"Point"},"id":"A15303003","properties":{"coordinate_status":"provider_xy_crs_unconfirmed","households":173,"kapt_code":"A15303003","name":"시흥목련","property_aptseq_join":"unique_official_road_address_and_name","property_complex_id":"molit-apt:11545:11545-37","property_release_id":"property-eea48453a819f517","source_id":"seoul-openaptinfo"},"type":"Feature"},{"geometry":{"coordinates":[126.897555,37.457587],"type":"Point"},"id":"A15303102","properties":{"coordinate_status":"provider_xy_crs_unconfirmed","households":229,"kapt_code":"A15303102","name":"시흥베르빌","property_aptseq_join":"unique_official_road_address_and_name","property_complex_id":"molit-apt:11545:11545-112","property_release_id":"property-eea48453a819f517","source_id":"seoul-openaptinfo"},"type":"Feature"},{"geometry":{"coordinates":[126.8979308,37.4509225],"type":"Point"},"id":"A15303103","properties":{"coordinate_status":"provider_xy_crs_unconfirmed","households":233,"kapt_code":"A15303103","name":"시흥성지","property_aptseq_join":"not_established","source_id":"seoul-openaptinfo"},"type":"Feature"},{"geometry":{"coordinates":[126.9196921,37.4511267],"type":"Point"},"id":"A15303202","properties":{"coordinate_status":"provider_xy_crs_unconfirmed","households":564,"kapt_code":"A15303202","name":"관악벽산2단지","property_aptseq_join":"not_established","source_id":"seoul-openaptinfo"},"type":"Feature"},{"geometry":{"coordinates":[126.9141297,37.4490446],"type":"Point"},"id":"A15303203","properties":{"coordinate_status":"provider_xy_crs_unconfirmed","households":671,"kapt_code":"A15303203","name":"관악우방","property_aptseq_join":"not_established","source_id":"seoul-openaptinfo"},"type":"Feature"},{"geometry":{"coordinates":[126.916643,37.4494632],"type":"Point"},"id":"A15303204","properties":{"coordinate_status":"provider_xy_crs_unconfirmed","households":1288,"kapt_code":"A15303204","name":"벽산6","property_aptseq_join":"not_established","source_id":"seoul-openaptinfo"},"type":"Feature"},{"geometry":{"coordinates":[126.9187672,37.4482739],"type":"Point"},"id":"A15303205","properties":{"coordinate_status":"provider_xy_crs_unconfirmed","households":2810,"kapt_code":"A15303205","name":"관악벽산타운5단지","property_aptseq_join":"not_established","source_id":"seoul-openaptinfo"},"type":"Feature"},{"geometry":{"coordinates":[126.9080935,37.4630828],"type":"Point"},"id":"A15303401","properties":{"coordinate_status":"provider_xy_crs_unconfirmed","households":185,"kapt_code":"A15303401","name":"시흥금강","property_aptseq_join":"not_established","source_id":"seoul-openaptinfo"},"type":"Feature"},{"geometry":{"coordinates":[126.9106575,37.4479487],"type":"Point"},"id":"A15303502","properties":{"coordinate_status":"provider_xy_crs_unconfirmed","households":206,"kapt_code":"A15303502","name":"관악산신도브래뉴","property_aptseq_join":"unique_official_road_address_and_name","property_complex_id":"molit-apt:11545:11545-1440","property_release_id":"property-eea48453a819f517","source_id":"seoul-openaptinfo"},"type":"Feature"},{"geometry":{"coordinates":[126.9012055,37.4478428],"type":"Point"},"id":"A15370103","properties":{"coordinate_status":"provider_xy_crs_unconfirmed","households":1764,"kapt_code":"A15370103","name":"남서울힐스테이트","property_aptseq_join":"unique_official_road_address_and_name","property_complex_id":"molit-apt:11545:11545-1642","property_release_id":"property-eea48453a819f517","source_id":"seoul-openaptinfo"},"type":"Feature"},{"geometry":{"coordinates":[126.8994054,37.4754599],"type":"Point"},"id":"A15370301","properties":{"coordinate_status":"provider_xy_crs_unconfirmed","households":246,"kapt_code":"A15370301","name":"독산동한양수자인아파트","property_aptseq_join":"unique_official_road_address_and_name","property_complex_id":"molit-apt:11545:11545-1560","property_release_id":"property-eea48453a819f517","source_id":"seoul-openaptinfo"},"type":"Feature"},{"geometry":{"coordinates":[126.8865685,37.4601188],"type":"Point"},"id":"A15375809","properties":{"coordinate_status":"provider_xy_crs_unconfirmed","households":840,"kapt_code":"A15375809","name":"독산주공14단지","property_aptseq_join":"unique_official_road_address_and_name","property_complex_id":"molit-apt:11545:11545-17","property_release_id":"property-eea48453a819f517","source_id":"seoul-openaptinfo"},"type":"Feature"},{"geometry":{"coordinates":[126.8930588,37.4610157],"type":"Point"},"id":"A15375810","properties":{"coordinate_status":"provider_xy_crs_unconfirmed","households":187,"kapt_code":"A15375810","name":"금천이랜드해가든","property_aptseq_join":"not_established","source_id":"seoul-openaptinfo"},"type":"Feature"},{"geometry":{"coordinates":[126.9071306,37.4597256],"type":"Point"},"id":"A15378501","properties":{"coordinate_status":"provider_xy_crs_unconfirmed","households":202,"kapt_code":"A15378501","name":"시흥월드메르디앙","property_aptseq_join":"not_established","source_id":"seoul-openaptinfo"},"type":"Feature"},{"geometry":{"coordinates":[126.8929933,37.4729051],"type":"Point"},"id":"A15380101","properties":{"coordinate_status":"provider_xy_crs_unconfirmed","households":210,"kapt_code":"A15380101","name":"가산삼익아파트","property_aptseq_join":"not_established","source_id":"seoul-openaptinfo"},"type":"Feature"},{"geometry":{"coordinates":[126.892642,37.4746215],"type":"Point"},"id":"A15380403","properties":{"coordinate_status":"provider_xy_crs_unconfirmed","households":1495,"kapt_code":"A15380403","name":"가산두산위브","property_aptseq_join":"not_established","source_id":"seoul-openaptinfo"},"type":"Feature"},{"geometry":{"coordinates":[126.8950063,37.4674692],"type":"Point"},"id":"A15381303","properties":{"coordinate_status":"provider_xy_crs_unconfirmed","households":214,"kapt_code":"A15381303","name":"독산현대","property_aptseq_join":"unique_official_road_address_and_name","property_complex_id":"molit-apt:11545:11545-8","property_release_id":"property-eea48453a819f517","source_id":"seoul-openaptinfo"},"type":"Feature"},{"geometry":{"coordinates":[126.8927936,37.4671531],"type":"Point"},"id":"A15381402","properties":{"coordinate_status":"provider_xy_crs_unconfirmed","households":154,"kapt_code":"A15381402","name":"독산계룡","property_aptseq_join":"not_established","source_id":"seoul-openaptinfo"},"type":"Feature"},{"geometry":{"coordinates":[126.8903796,37.4622731],"type":"Point"},"id":"A15381706","properties":{"coordinate_status":"provider_xy_crs_unconfirmed","households":996,"kapt_code":"A15381706","name":"금천현대","property_aptseq_join":"unique_official_road_address_and_name","property_complex_id":"molit-apt:11545:11545-23","property_release_id":"property-eea48453a819f517","source_id":"seoul-openaptinfo"},"type":"Feature"},{"geometry":{"coordinates":[126.8999857,37.477408],"type":"Point"},"id":"A15382301","properties":{"coordinate_status":"provider_xy_crs_unconfirmed","households":341,"kapt_code":"A15382301","name":"독산신도브래뉴","property_aptseq_join":"not_established","source_id":"seoul-openaptinfo"},"type":"Feature"},{"geometry":{"coordinates":[126.8893489,37.4555624],"type":"Point"},"id":"A15383307","properties":{"coordinate_status":"provider_xy_crs_unconfirmed","households":1000,"kapt_code":"A15383307","name":"독산한신","property_aptseq_join":"not_established","source_id":"seoul-openaptinfo"},"type":"Feature"},{"geometry":{"coordinates":[126.8868631,37.4578532],"type":"Point"},"id":"A15383308","properties":{"coordinate_status":"provider_xy_crs_unconfirmed","households":1226,"kapt_code":"A15383308","name":"독산주공13단지","property_aptseq_join":"not_established","source_id":"seoul-openaptinfo"},"type":"Feature"},{"geometry":{"coordinates":[126.8922168,37.4700234],"type":"Point"},"id":"A15383601","properties":{"coordinate_status":"provider_xy_crs_unconfirmed","households":154,"kapt_code":"A15383601","name":"독산진도2차","property_aptseq_join":"not_established","source_id":"seoul-openaptinfo"},"type":"Feature"},{"geometry":{"coordinates":[126.8932959,37.4683505],"type":"Point"},"id":"A15383604","properties":{"coordinate_status":"provider_xy_crs_unconfirmed","households":245,"kapt_code":"A15383604","name":"독산진도3차","property_aptseq_join":"not_established","source_id":"seoul-openaptinfo"},"type":"Feature"},{"geometry":{"coordinates":[126.9094589,37.4632836],"type":"Point"},"id":"A15383702","properties":{"coordinate_status":"provider_xy_crs_unconfirmed","households":786,"kapt_code":"A15383702","name":"시흥삼익","property_aptseq_join":"not_established","source_id":"seoul-openaptinfo"},"type":"Feature"},{"geometry":{"coordinates":[126.8982269,37.455971],"type":"Point"},"id":"A15383905","properties":{"coordinate_status":"provider_xy_crs_unconfirmed","households":640,"kapt_code":"A15383905","name":"남서울 무지개","property_aptseq_join":"not_established","source_id":"seoul-openaptinfo"},"type":"Feature"},{"geometry":{"coordinates":[126.9106809,37.4540267],"type":"Point"},"id":"A15384101","properties":{"coordinate_status":"provider_xy_crs_unconfirmed","households":197,"kapt_code":"A15384101","name":"현대공무원","property_aptseq_join":"not_established","source_id":"seoul-openaptinfo"},"type":"Feature"},{"geometry":{"coordinates":[126.9176126,37.4534029],"type":"Point"},"id":"A15384501","properties":{"coordinate_status":"provider_xy_crs_unconfirmed","households":270,"kapt_code":"A15384501","name":"벽산타운3단지","property_aptseq_join":"not_established","source_id":"seoul-openaptinfo"},"type":"Feature"},{"geometry":{"coordinates":[126.9107055,37.449377],"type":"Point"},"id":"A15384603","properties":{"coordinate_status":"provider_xy_crs_unconfirmed","households":619,"kapt_code":"A15384603","name":"남서울건영2차","property_aptseq_join":"not_established","source_id":"seoul-openaptinfo"},"type":"Feature"},{"geometry":{"coordinates":[126.9020409,37.4395084],"type":"Point"},"id":"A15386303","properties":{"coordinate_status":"provider_xy_crs_unconfirmed","households":330,"kapt_code":"A15386303","name":"시흥현대빌라","property_aptseq_join":"not_established","source_id":"seoul-openaptinfo"},"type":"Feature"},{"geometry":{"coordinates":[126.8986129,37.452828],"type":"Point"},"id":"A15386404","properties":{"coordinate_status":"provider_xy_crs_unconfirmed","households":260,"kapt_code":"A15386404","name":"남서울건영아파트","property_aptseq_join":"unique_official_road_address_and_name","property_complex_id":"molit-apt:11545:11545-33","property_release_id":"property-eea48453a819f517","source_id":"seoul-openaptinfo"},"type":"Feature"},{"geometry":{"coordinates":[126.8989408,37.4482097],"type":"Point"},"id":"A15386506","properties":{"coordinate_status":"provider_xy_crs_unconfirmed","households":986,"kapt_code":"A15386506","name":"남서울럭키아파트","property_aptseq_join":"not_established","source_id":"seoul-openaptinfo"},"type":"Feature"},{"geometry":{"coordinates":[126.9241097,37.4913255],"type":"Point"},"id":"A15601002","properties":{"coordinate_status":"provider_xy_crs_unconfirmed","households":225,"kapt_code":"A15601002","name":"보라매아카데미타워아파트","property_aptseq_join":"unique_official_road_address_and_name","property_complex_id":"molit-apt:11590:11590-70","property_release_id":"property-eea48453a819f517","source_id":"seoul-openaptinfo"},"type":"Feature"},{"geometry":{"coordinates":[126.9285594,37.4954331],"type":"Point"},"id":"A15601003","properties":{"coordinate_status":"provider_xy_crs_unconfirmed","households":386,"kapt_code":"A15601003","name":"보라매e편한세상","property_aptseq_join":"unique_official_road_address_and_name","property_complex_id":"molit-apt:11590:11590-3743","property_release_id":"property-eea48453a819f517","source_id":"seoul-openaptinfo"},"type":"Feature"},{"geometry":{"coordinates":[126.9136562,37.4960303],"type":"Point"},"id":"A15601102","properties":{"coordinate_status":"provider_xy_crs_unconfirmed","households":295,"kapt_code":"A15601102","name":"신대방경남교수","property_aptseq_join":"not_established","source_id":"seoul-openaptinfo"},"type":"Feature"},{"geometry":{"coordinates":[126.9085431,37.489496],"type":"Point"},"id":"A15601103","properties":{"coordinate_status":"provider_xy_crs_unconfirmed","households":427,"kapt_code":"A15601103","name":"신대방경남아너스빌","property_aptseq_join":"not_established","source_id":"seoul-openaptinfo"},"type":"Feature"},{"geometry":{"coordinates":[126.9135893,37.4943002],"type":"Point"},"id":"A15601104","properties":{"coordinate_status":"provider_xy_crs_unconfirmed","households":734,"kapt_code":"A15601104","name":"보라매롯데낙천대","property_aptseq_join":"not_established","source_id":"seoul-openaptinfo"},"type":"Feature"},{"geometry":{"coordinates":[126.912997,37.4936403],"type":"Point"},"id":"A15601105","properties":{"coordinate_status":"provider_xy_crs_unconfirmed","households":880,"kapt_code":"A15601105","name":"신대방현대","property_aptseq_join":"not_established","source_id":"seoul-openaptinfo"},"type":"Feature"},{"geometry":{"coordinates":[126.9240174,37.4965836],"type":"Point"},"id":"A15601201","properties":{"coordinate_status":"provider_xy_crs_unconfirmed","households":171,"kapt_code":"A15601201","name":"신대방신동아","property_aptseq_join":"not_established","source_id":"seoul-openaptinfo"},"type":"Feature"},{"geometry":{"coordinates":[126.9149472,37.4956195],"type":"Point"},"id":"A15601202","properties":{"coordinate_status":"provider_xy_crs_unconfirmed","households":272,"kapt_code":"A15601202","name":"신대방한성","property_aptseq_join":"not_established","source_id":"seoul-openaptinfo"},"type":"Feature"},{"geometry":{"coordinates":[126.9256082,37.5116136],"type":"Point"},"id":"A15602001","properties":{"coordinate_status":"provider_xy_crs_unconfirmed","households":163,"kapt_code":"A15602001","name":"대방경남아너스빌","property_aptseq_join":"not_established","source_id":"seoul-openaptinfo"},"type":"Feature"},{"geometry":{"coordinates":[126.9231264,37.4985351],"type":"Point"},"id":"A15602002","properties":{"coordinate_status":"provider_xy_crs_unconfirmed","households":200,"kapt_code":"A15602002","name":"보라매코오롱하늘채","property_aptseq_join":"unique_official_road_address_and_name","property_complex_id":"molit-apt:11590:11590-3281","property_release_id":"property-eea48453a819f517","source_id":"seoul-openaptinfo"},"type":"Feature"},{"geometry":{"coordinates":[126.9292275,37.5119652],"type":"Point"},"id":"A15602007","properties":{"coordinate_status":"provider_xy_crs_unconfirmed","households":609,"kapt_code":"A15602007","name":"대방1차e편한세상","property_aptseq_join":"unique_official_road_address_and_name","property_complex_id":"molit-apt:11590:11590-94","property_release_id":"property-eea48453a819f517","source_id":"seoul-openaptinfo"},"type":"Feature"},{"geometry":{"coordinates":[126.9444312,37.5029264],"type":"Point"},"id":"A15603001","properties":{"coordinate_status":"provider_xy_crs_unconfirmed","households":162,"kapt_code":"A15603001","name":"상도동원베네스트","property_aptseq_join":"not_established","source_id":"seoul-openaptinfo"},"type":"Feature"},{"geometry":{"coordinates":[126.9437593,37.5059773],"type":"Point"},"id":"A15603002","properties":{"coordinate_status":"provider_xy_crs_unconfirmed","households":415,"kapt_code":"A15603002","name":"브라운스톤상도","property_aptseq_join":"not_established","source_id":"seoul-openaptinfo"},"type":"Feature"},{"geometry":{"coordinates":[126.9497857,37.5071696],"type":"Point"},"id":"A15603003","properties":{"coordinate_status":"provider_xy_crs_unconfirmed","households":552,"kapt_code":"A15603003","name":"상도건영제2 관리사무소","property_aptseq_join":"not_established","source_id":"seoul-openaptinfo"},"type":"Feature"},{"geometry":{"coordinates":[126.9543846,37.5021303],"type":"Point"},"id":"A15603004","properties":{"coordinate_status":"provider_xy_crs_unconfirmed","households":953,"kapt_code":"A15603004","name":"상도sh-ville","property_aptseq_join":"not_established","source_id":"seoul-openaptinfo"},"type":"Feature"},{"geometry":{"coordinates":[126.9547179,37.4992699],"type":"Point"},"id":"A15603006","properties":{"coordinate_status":"provider_xy_crs_unconfirmed","households":1656,"kapt_code":"A15603006","name":"래미안상도3차","property_aptseq_join":"unique_official_road_address_and_name","property_complex_id":"molit-apt:11590:11590-127","property_release_id":"property-eea48453a819f517","source_id":"seoul-openaptinfo"},"type":"Feature"},{"geometry":{"coordinates":[126.9330742,37.5053283],"type":"Point"},"id":"A15603007","properties":{"coordinate_status":"provider_xy_crs_unconfirmed","households":164,"kapt_code":"A15603007","name":"상도래미안1차제2","property_aptseq_join":"not_established","source_id":"seoul-openaptinfo"},"type":"Feature"},{"geometry":{"coordinates":[126.9482556,37.4947757],"type":"Point"},"id":"A15603008","properties":{"coordinate_status":"provider_xy_crs_unconfirmed","households":882,"kapt_code":"A15603008","name":"힐스테이트상도프레스티지","property_aptseq_join":"unique_official_road_address_and_name","property_complex_id":"molit-apt:11590:11590-4078","property_release_id":"property-eea48453a819f517","source_id":"seoul-openaptinfo"},"type":"Feature"},{"geometry":{"coordinates":[126.943490758,37.502851077],"type":"Point"},"id":"A15603009","properties":{"coordinate_status":"provider_xy_crs_unconfirmed","households":138,"kapt_code":"A15603009","name":"상도더샵2차","property_aptseq_join":"unique_official_road_address_and_name","property_complex_id":"molit-apt:11590:11590-4206","property_release_id":"property-eea48453a819f517","source_id":"seoul-openaptinfo"},"type":"Feature"},{"geometry":{"coordinates":[126.9427071,37.5007619],"type":"Point"},"id":"A15603203","properties":{"coordinate_status":"provider_xy_crs_unconfirmed","households":400,"kapt_code":"A15603203","name":"아이파크상도동","property_aptseq_join":"not_established","source_id":"seoul-openaptinfo"},"type":"Feature"},{"geometry":{"coordinates":[126.933382,37.5046037],"type":"Point"},"id":"A15603204","properties":{"coordinate_status":"provider_xy_crs_unconfirmed","households":517,"kapt_code":"A15603204","name":"상도래미안1차","property_aptseq_join":"not_established","source_id":"seoul-openaptinfo"},"type":"Feature"},{"geometry":{"coordinates":[126.9497843,37.5071675],"type":"Point"},"id":"A15603205","properties":{"coordinate_status":"provider_xy_crs_unconfirmed","households":824,"kapt_code":"A15603205","name":"상도건영","property_aptseq_join":"not_established","source_id":"seoul-openaptinfo"},"type":"Feature"},{"geometry":{"coordinates":[126.9420377,37.5023958],"type":"Point"},"id":"A15603206","properties":{"coordinate_status":"provider_xy_crs_unconfirmed","households":1122,"kapt_code":"A15603206","name":"상도더샵","property_aptseq_join":"not_established","source_id":"seoul-openaptinfo"},"type":"Feature"},{"geometry":{"coordinates":[126.9422939,37.4952643],"type":"Point"},"id":"A15603401","properties":{"coordinate_status":"provider_xy_crs_unconfirmed","households":197,"kapt_code":"A15603401","name":"경향렉스빌아파트","property_aptseq_join":"unique_official_road_address_and_name","property_complex_id":"molit-apt:11590:11590-23","property_release_id":"property-eea48453a819f517","source_id":"seoul-openaptinfo"},"type":"Feature"},{"geometry":{"coordinates":[126.9511199,37.5018787],"type":"Point"},"id":"A15603502","properties":{"coordinate_status":"provider_xy_crs_unconfirmed","households":431,"kapt_code":"A15603502","name":"래미안상도2차","property_aptseq_join":"not_established","source_id":"seoul-openaptinfo"},"type":"Feature"},{"geometry":{"coordinates":[126.9451391,37.5109978],"type":"Point"},"id":"A15605001","properties":{"coordinate_status":"provider_xy_crs_unconfirmed","households":175,"kapt_code":"A15605001","name":"노량진삼익","property_aptseq_join":"not_established","source_id":"seoul-openaptinfo"},"type":"Feature"},{"geometry":{"coordinates":[126.9478165,37.5096343],"type":"Point"},"id":"A15605002","properties":{"coordinate_status":"provider_xy_crs_unconfirmed","households":901,"kapt_code":"A15605002","name":"노량진우성","property_aptseq_join":"not_established","source_id":"seoul-openaptinfo"},"type":"Feature"},{"geometry":{"coordinates":[126.9436275,37.5100516],"type":"Point"},"id":"A15605003","properties":{"coordinate_status":"provider_xy_crs_unconfirmed","households":299,"kapt_code":"A15605003","name":"노량진쌍용예가","property_aptseq_join":"not_established","source_id":"seoul-openaptinfo"},"type":"Feature"},{"geometry":{"coordinates":[126.9493928,37.5091245],"type":"Point"},"id":"A15605102","properties":{"coordinate_status":"provider_xy_crs_unconfirmed","households":247,"kapt_code":"A15605102","name":"본동한신휴플러스","property_aptseq_join":"not_established","source_id":"seoul-openaptinfo"},"type":"Feature"},{"geometry":{"coordinates":[126.9439718,37.5075289],"type":"Point"},"id":"A15605103","properties":{"coordinate_status":"provider_xy_crs_unconfirmed","households":1696,"kapt_code":"A15605103","name":"신동아리버파크","property_aptseq_join":"not_established","source_id":"seoul-openaptinfo"},"type":"Feature"},{"geometry":{"coordinates":[126.9545986,37.5098847],"type":"Point"},"id":"A15606001","properties":{"coordinate_status":"provider_xy_crs_unconfirmed","households":272,"kapt_code":"A15606001","name":"경동윈츠리버","property_aptseq_join":"unique_official_road_address_and_name","property_complex_id":"molit-apt:11590:11590-96","property_release_id":"property-eea48453a819f517","source_id":"seoul-openaptinfo"},"type":"Feature"},{"geometry":{"coordinates":[126.9509904,37.5150871],"type":"Point"},"id":"A15606002","properties":{"coordinate_status":"provider_xy_crs_unconfirmed","households":306,"kapt_code":"A15606002","name":"유원강변","property_aptseq_join":"unique_official_road_address_and_name","property_complex_id":"molit-apt:11590:11590-30","property_release_id":"property-eea48453a819f517","source_id":"seoul-openaptinfo"},"type":"Feature"},{"geometry":{"coordinates":[126.9495123,37.5099892],"type":"Point"},"id":"A15606003","properties":{"coordinate_status":"provider_xy_crs_unconfirmed","households":477,"kapt_code":"A15606003","name":"본동삼성래미안아파트","property_aptseq_join":"not_established","source_id":"seoul-openaptinfo"},"type":"Feature"},{"geometry":{"coordinates":[126.9518199,37.5096842],"type":"Point"},"id":"A15606004","properties":{"coordinate_status":"provider_xy_crs_unconfirmed","households":765,"kapt_code":"A15606004","name":"본동신동아","property_aptseq_join":"not_established","source_id":"seoul-openaptinfo"},"type":"Feature"},{"geometry":{"coordinates":[126.9529795,37.5121972],"type":"Point"},"id":"A15606005","properties":{"coordinate_status":"provider_xy_crs_unconfirmed","households":161,"kapt_code":"A15606005","name":"한강쌍용","property_aptseq_join":"unique_official_road_address_and_name","property_complex_id":"molit-apt:11590:11590-31","property_release_id":"property-eea48453a819f517","source_id":"seoul-openaptinfo"},"type":"Feature"},{"geometry":{"coordinates":[126.9514157,37.5136882],"type":"Point"},"id":"A15606007","properties":{"coordinate_status":"provider_xy_crs_unconfirmed","households":523,"kapt_code":"A15606007","name":"래미안트윈파크","property_aptseq_join":"unique_official_road_address_and_name","property_complex_id":"molit-apt:11590:11590-3831","property_release_id":"property-eea48453a819f517","source_id":"seoul-openaptinfo"},"type":"Feature"},{"geometry":{"coordinates":[126.9585765,37.5004204],"type":"Point"},"id":"A15607001","properties":{"coordinate_status":"provider_xy_crs_unconfirmed","households":423,"kapt_code":"A15607001","name":"흑석동양","property_aptseq_join":"unique_official_road_address_and_name","property_complex_id":"molit-apt:11590:11590-106","property_release_id":"property-eea48453a819f517","source_id":"seoul-openaptinfo"},"type":"Feature"},{"geometry":{"coordinates":[126.9810779,37.4976599],"type":"Point"},"id":"A15608001","properties":{"coordinate_status":"provider_xy_crs_unconfirmed","households":178,"kapt_code":"A15608001","name":"이수교스위첸","property_aptseq_join":"not_established","source_id":"seoul-openaptinfo"},"type":"Feature"},{"geometry":{"coordinates":[126.9784252,37.4940729],"type":"Point"},"id":"A15608002","properties":{"coordinate_status":"provider_xy_crs_unconfirmed","households":276,"kapt_code":"A15608002","name":"동작금강KCC","property_aptseq_join":"not_established","source_id":"seoul-openaptinfo"},"type":"Feature"},{"geometry":{"coordinates":[126.9801633,37.4942151],"type":"Point"},"id":"A15608003","properties":{"coordinate_status":"provider_xy_crs_unconfirmed","households":680,"kapt_code":"A15608003","name":"이수힐스테이트","property_aptseq_join":"unique_official_road_address_and_name","property_complex_id":"molit-apt:11590:11590-4023","property_release_id":"property-eea48453a819f517","source_id":"seoul-openaptinfo"},"type":"Feature"},{"geometry":{"coordinates":[126.9752458,37.493362],"type":"Point"},"id":"A15609001","properties":{"coordinate_status":"provider_xy_crs_unconfirmed","households":151,"kapt_code":"A15609001","name":"사당유니드","property_aptseq_join":"not_established","source_id":"seoul-openaptinfo"},"type":"Feature"},{"geometry":{"coordinates":[126.9653347,37.4860661],"type":"Point"},"id":"A15609002","properties":{"coordinate_status":"provider_xy_crs_unconfirmed","households":211,"kapt_code":"A15609002","name":"사당삼호그린","property_aptseq_join":"not_established","source_id":"seoul-openaptinfo"},"type":"Feature"},{"geometry":{"coordinates":[126.9702595,37.4790915],"type":"Point"},"id":"A15609003","properties":{"coordinate_status":"provider_xy_crs_unconfirmed","households":480,"kapt_code":"A15609003","name":"사당휴먼시아","property_aptseq_join":"unique_official_road_address_and_name","property_complex_id":"molit-apt:11590:11590-3579","property_release_id":"property-eea48453a819f517","source_id":"seoul-openaptinfo"},"type":"Feature"},{"geometry":{"coordinates":[126.972064,37.4877838],"type":"Point"},"id":"A15609005","properties":{"coordinate_status":"provider_xy_crs_unconfirmed","households":1152,"kapt_code":"A15609005","name":"사당 대림아파트","property_aptseq_join":"not_established","source_id":"seoul-openaptinfo"},"type":"Feature"},{"geometry":{"coordinates":[126.9769147,37.4910995],"type":"Point"},"id":"A15609006","properties":{"coordinate_status":"provider_xy_crs_unconfirmed","households":333,"kapt_code":"A15609006","name":"신동아5","property_aptseq_join":"unique_official_road_address_and_name","property_complex_id":"molit-apt:11590:11590-88","property_release_id":"property-eea48453a819f517","source_id":"seoul-openaptinfo"},"type":"Feature"},{"geometry":{"coordinates":[126.9739891,37.489462],"type":"Point"},"id":"A15609007","properties":{"coordinate_status":"provider_xy_crs_unconfirmed","households":452,"kapt_code":"A15609007","name":"이수역리가","property_aptseq_join":"unique_official_road_address_and_name","property_complex_id":"molit-apt:11590:11590-4095","property_release_id":"property-eea48453a819f517","source_id":"seoul-openaptinfo"},"type":"Feature"},{"geometry":{"coordinates":[126.967821945862,37.4873890406026],"type":"Point"},"id":"A15609008","properties":{"coordinate_status":"provider_xy_crs_unconfirmed","households":120,"kapt_code":"A15609008","name":"사당대아2차","property_aptseq_join":"not_established","source_id":"seoul-openaptinfo"},"type":"Feature"},{"geometry":{"coordinates":[126.9714969,37.4901983],"type":"Point"},"id":"A15609301","properties":{"coordinate_status":"provider_xy_crs_unconfirmed","households":223,"kapt_code":"A15609301","name":"사당롯데캐슬","property_aptseq_join":"not_established","source_id":"seoul-openaptinfo"},"type":"Feature"},{"geometry":{"coordinates":[126.9678137,37.4882464],"type":"Point"},"id":"A15609303","properties":{"coordinate_status":"provider_xy_crs_unconfirmed","households":340,"kapt_code":"A15609303","name":"사당경남아너스빌","property_aptseq_join":"not_established","source_id":"seoul-openaptinfo"},"type":"Feature"},{"geometry":{"coordinates":[126.9724822,37.4907263],"type":"Point"},"id":"A15609305","properties":{"coordinate_status":"provider_xy_crs_unconfirmed","households":444,"kapt_code":"A15609305","name":"사당롯데캐슬샤인","property_aptseq_join":"not_established","source_id":"seoul-openaptinfo"},"type":"Feature"},{"geometry":{"coordinates":[126.9711461,37.4888821],"type":"Point"},"id":"A15609306","properties":{"coordinate_status":"provider_xy_crs_unconfirmed","households":896,"kapt_code":"A15609306","name":"사당동작삼성래미안아파트","property_aptseq_join":"not_established","source_id":"seoul-openaptinfo"},"type":"Feature"},{"geometry":{"coordinates":[126.9691308,37.4772227],"type":"Point"},"id":"A15609401","properties":{"coordinate_status":"provider_xy_crs_unconfirmed","households":183,"kapt_code":"A15609401","name":"사당삼익그린뷰","property_aptseq_join":"not_established","source_id":"seoul-openaptinfo"},"type":"Feature"},{"geometry":{"coordinates":[126.96955,37.4829384],"type":"Point"},"id":"A15609501","properties":{"coordinate_status":"provider_xy_crs_unconfirmed","households":296,"kapt_code":"A15609501","name":"사당제일","property_aptseq_join":"not_established","source_id":"seoul-openaptinfo"},"type":"Feature"},{"geometry":{"coordinates":[126.9631362,37.4883863],"type":"Point"},"id":"A15609502","properties":{"coordinate_status":"provider_xy_crs_unconfirmed","households":719,"kapt_code":"A15609502","name":"사당자이","property_aptseq_join":"unique_official_road_address_and_name","property_complex_id":"molit-apt:11590:11590-43","property_release_id":"property-eea48453a819f517","source_id":"seoul-openaptinfo"},"type":"Feature"},{"geometry":{"coordinates":[126.9069458,37.4874945],"type":"Point"},"id":"A15670001","properties":{"coordinate_status":"provider_xy_crs_unconfirmed","households":545,"kapt_code":"A15670001","name":"동작상떼빌주상복합","property_aptseq_join":"not_established","source_id":"seoul-openaptinfo"},"type":"Feature"},{"geometry":{"coordinates":[126.9438666,37.5048087],"type":"Point"},"id":"A15671801","properties":{"coordinate_status":"provider_xy_crs_unconfirmed","households":190,"kapt_code":"A15671801","name":"상도두산위브","property_aptseq_join":"unique_official_road_address_and_name","property_complex_id":"molit-apt:11590:11590-3714","property_release_id":"property-eea48453a819f517","source_id":"seoul-openaptinfo"},"type":"Feature"},{"geometry":{"coordinates":[126.9251592,37.492347],"type":"Point"},"id":"A15672001","properties":{"coordinate_status":"provider_xy_crs_unconfirmed","households":199,"kapt_code":"A15672001","name":"보라매우성","property_aptseq_join":"unique_official_road_address_and_name","property_complex_id":"molit-apt:11590:11590-71","property_release_id":"property-eea48453a819f517","source_id":"seoul-openaptinfo"},"type":"Feature"},{"geometry":{"coordinates":[126.9233792,37.4914294],"type":"Point"},"id":"A15672002","properties":{"coordinate_status":"provider_xy_crs_unconfirmed","households":246,"kapt_code":"A15672002","name":"보라매삼성쉐르빌","property_aptseq_join":"unique_official_road_address_and_name","property_complex_id":"molit-apt:11590:11590-82","property_release_id":"property-eea48453a819f517","source_id":"seoul-openaptinfo"},"type":"Feature"},{"geometry":{"coordinates":[126.9300624,37.5108249],"type":"Point"},"id":"A15676512","properties":{"coordinate_status":"provider_xy_crs_unconfirmed","households":925,"kapt_code":"A15676512","name":"대방주공1단지","property_aptseq_join":"not_established","source_id":"seoul-openaptinfo"},"type":"Feature"},{"geometry":{"coordinates":[126.9429565,37.5065005],"type":"Point"},"id":"A15676701","properties":{"coordinate_status":"provider_xy_crs_unconfirmed","households":925,"kapt_code":"A15676701","name":"신동아리버파크제2관리사무소","property_aptseq_join":"not_established","source_id":"seoul-openaptinfo"},"type":"Feature"},{"geometry":{"coordinates":[126.9496541,37.5107805],"type":"Point"},"id":"A15676702","properties":{"coordinate_status":"provider_xy_crs_unconfirmed","households":176,"kapt_code":"A15676702","name":"본동SH-ville","property_aptseq_join":"not_established","source_id":"seoul-openaptinfo"},"type":"Feature"},{"geometry":{"coordinates":[126.9764363,37.4886826],"type":"Point"},"id":"A15677204","properties":{"coordinate_status":"provider_xy_crs_unconfirmed","households":912,"kapt_code":"A15677204","name":"사당신동아4단지","property_aptseq_join":"not_established","source_id":"seoul-openaptinfo"},"type":"Feature"},{"geometry":{"coordinates":[126.9711806,37.4854989],"type":"Point"},"id":"A15677501","properties":{"coordinate_status":"provider_xy_crs_unconfirmed","households":451,"kapt_code":"A15677501","name":"남성두산위브트레지움","property_aptseq_join":"not_established","source_id":"seoul-openaptinfo"},"type":"Feature"},{"geometry":{"coordinates":[126.9516004,37.5009336],"type":"Point"},"id":"A15678101","properties":{"coordinate_status":"provider_xy_crs_unconfirmed","households":194,"kapt_code":"A15678101","name":"상도현대","property_aptseq_join":"unique_official_road_address_and_name","property_complex_id":"molit-apt:11590:11590-15","property_release_id":"property-eea48453a819f517","source_id":"seoul-openaptinfo"},"type":"Feature"},{"geometry":{"coordinates":[126.9509806,37.5012043],"type":"Point"},"id":"A15678102","properties":{"coordinate_status":"provider_xy_crs_unconfirmed","households":682,"kapt_code":"A15678102","name":"상도삼호","property_aptseq_join":"not_established","source_id":"seoul-openaptinfo"},"type":"Feature"},{"geometry":{"coordinates":[126.9511563,37.4958315],"type":"Point"},"id":"A15678103","properties":{"coordinate_status":"provider_xy_crs_unconfirmed","households":1559,"kapt_code":"A15678103","name":"힐스테이트상도센트럴파크","property_aptseq_join":"unique_official_road_address_and_name","property_complex_id":"molit-apt:11590:11590-3954","property_release_id":"property-eea48453a819f517","source_id":"seoul-openaptinfo"},"type":"Feature"},{"geometry":{"coordinates":[126.9596386,37.5006676],"type":"Point"},"id":"A15679103","properties":{"coordinate_status":"provider_xy_crs_unconfirmed","households":206,"kapt_code":"A15679103","name":"우리유앤미","property_aptseq_join":"unique_official_road_address_and_name","property_complex_id":"molit-apt:11590:11590-105","property_release_id":"property-eea48453a819f517","source_id":"seoul-openaptinfo"},"type":"Feature"},{"geometry":{"coordinates":[126.9514027,37.5499127],"type":"Point"},"id":"A15679104","properties":{"coordinate_status":"provider_xy_crs_unconfirmed","households":346,"kapt_code":"A15679104","name":"흑석청호","property_aptseq_join":"not_established","source_id":"seoul-openaptinfo"},"type":"Feature"},{"geometry":{"coordinates":[126.9667533,37.5079377],"type":"Point"},"id":"A15679105","properties":{"coordinate_status":"provider_xy_crs_unconfirmed","households":660,"kapt_code":"A15679105","name":"명수대현대아파트","property_aptseq_join":"unique_official_road_address_and_name","property_complex_id":"molit-apt:11590:11590-34","property_release_id":"property-eea48453a819f517","source_id":"seoul-openaptinfo"},"type":"Feature"},{"geometry":{"coordinates":[126.9621949,37.5066777],"type":"Point"},"id":"A15679106","properties":{"coordinate_status":"provider_xy_crs_unconfirmed","households":154,"kapt_code":"A15679106","name":"흑석해가든","property_aptseq_join":"not_established","source_id":"seoul-openaptinfo"},"type":"Feature"},{"geometry":{"coordinates":[126.9652808,37.5062196],"type":"Point"},"id":"A15679107","properties":{"coordinate_status":"provider_xy_crs_unconfirmed","households":655,"kapt_code":"A15679107","name":"흑석한강센트레빌","property_aptseq_join":"unique_official_road_address_and_name","property_complex_id":"molit-apt:11590:11590-3773","property_release_id":"property-eea48453a819f517","source_id":"seoul-openaptinfo"},"type":"Feature"},{"geometry":{"coordinates":[126.9653721,37.503001],"type":"Point"},"id":"A15679108","properties":{"coordinate_status":"provider_xy_crs_unconfirmed","households":863,"kapt_code":"A15679108","name":"흑석한강푸르지오","property_aptseq_join":"unique_official_road_address_and_name","property_complex_id":"molit-apt:11590:11590-3965","property_release_id":"property-eea48453a819f517","source_id":"seoul-openaptinfo"},"type":"Feature"},{"geometry":{"coordinates":[126.9585023,37.5024601],"type":"Point"},"id":"A15679109","properties":{"coordinate_status":"provider_xy_crs_unconfirmed","households":963,"kapt_code":"A15679109","name":"흑석한강센트레빌2차","property_aptseq_join":"not_established","source_id":"seoul-openaptinfo"},"type":"Feature"},{"geometry":{"coordinates":[126.9301341,37.5142635],"type":"Point"},"id":"A15681103","properties":{"coordinate_status":"provider_xy_crs_unconfirmed","households":206,"kapt_code":"A15681103","name":"대방우정","property_aptseq_join":"not_established","source_id":"seoul-openaptinfo"},"type":"Feature"},{"geometry":{"coordinates":[126.9312764,37.5108264],"type":"Point"},"id":"A15681104","properties":{"coordinate_status":"provider_xy_crs_unconfirmed","households":278,"kapt_code":"A15681104","name":"대방2차현대","property_aptseq_join":"not_established","source_id":"seoul-openaptinfo"},"type":"Feature"},{"geometry":{"coordinates":[126.9256289,37.5094454],"type":"Point"},"id":"A15681105","properties":{"coordinate_status":"provider_xy_crs_unconfirmed","households":487,"kapt_code":"A15681105","name":"대방성원","property_aptseq_join":"not_established","source_id":"seoul-openaptinfo"},"type":"Feature"},{"geometry":{"coordinates":[126.9313091,37.5126917],"type":"Point"},"id":"A15681106","properties":{"coordinate_status":"provider_xy_crs_unconfirmed","households":514,"kapt_code":"A15681106","name":"대방현대1차","property_aptseq_join":"not_established","source_id":"seoul-openaptinfo"},"type":"Feature"},{"geometry":{"coordinates":[126.929455,37.5095402],"type":"Point"},"id":"A15681108","properties":{"coordinate_status":"provider_xy_crs_unconfirmed","households":798,"kapt_code":"A15681108","name":"대방주공2단지","property_aptseq_join":"not_established","source_id":"seoul-openaptinfo"},"type":"Feature"},{"geometry":{"coordinates":[126.9246341,37.507338],"type":"Point"},"id":"A15681110","properties":{"coordinate_status":"provider_xy_crs_unconfirmed","households":1628,"kapt_code":"A15681110","name":"대방대림","property_aptseq_join":"not_established","source_id":"seoul-openaptinfo"},"type":"Feature"},{"geometry":{"coordinates":[126.9764363,37.4886826],"type":"Point"},"id":"A15681501","properties":{"coordinate_status":"provider_xy_crs_unconfirmed","households":855,"kapt_code":"A15681501","name":"사당우성(4-3)아파트","property_aptseq_join":"not_established","source_id":"seoul-openaptinfo"},"type":"Feature"},{"geometry":{"coordinates":[126.9764363,37.4886826],"type":"Point"},"id":"A15681502","properties":{"coordinate_status":"provider_xy_crs_unconfirmed","households":1080,"kapt_code":"A15681502","name":"사당우성2단지","property_aptseq_join":"not_established","source_id":"seoul-openaptinfo"},"type":"Feature"},{"geometry":{"coordinates":[126.9764363,37.4886826],"type":"Point"},"id":"A15681503","properties":{"coordinate_status":"provider_xy_crs_unconfirmed","households":1550,"kapt_code":"A15681503","name":"사당극동","property_aptseq_join":"not_established","source_id":"seoul-openaptinfo"},"type":"Feature"},{"geometry":{"coordinates":[126.9702379,37.4883008],"type":"Point"},"id":"A15681802","properties":{"coordinate_status":"provider_xy_crs_unconfirmed","households":265,"kapt_code":"A15681802","name":"사당현대아파트","property_aptseq_join":"not_established","source_id":"seoul-openaptinfo"},"type":"Feature"},{"geometry":{"coordinates":[126.9517257,37.5014488],"type":"Point"},"id":"A15683402","properties":{"coordinate_status":"provider_xy_crs_unconfirmed","households":544,"kapt_code":"A15683402","name":"상도동중앙하이츠빌아파트","property_aptseq_join":"not_established","source_id":"seoul-openaptinfo"},"type":"Feature"},{"geometry":{"coordinates":[126.9512393,37.5007481],"type":"Point"},"id":"A15683601","properties":{"coordinate_status":"provider_xy_crs_unconfirmed","households":279,"kapt_code":"A15683601","name":"상도1동대림","property_aptseq_join":"not_established","source_id":"seoul-openaptinfo"},"type":"Feature"},{"geometry":{"coordinates":[126.9316464,37.5015468],"type":"Point"},"id":"A15683901","properties":{"coordinate_status":"provider_xy_crs_unconfirmed","households":389,"kapt_code":"A15683901","name":"상도쌍용","property_aptseq_join":"not_established","source_id":"seoul-openaptinfo"},"type":"Feature"},{"geometry":{"coordinates":[126.9115326,37.4920816],"type":"Point"},"id":"A15685201","properties":{"coordinate_status":"provider_xy_crs_unconfirmed","households":174,"kapt_code":"A15685201","name":"신대방우성2차","property_aptseq_join":"not_established","source_id":"seoul-openaptinfo"},"type":"Feature"},{"geometry":{"coordinates":[126.9116108,37.4922794],"type":"Point"},"id":"A15685206","properties":{"coordinate_status":"provider_xy_crs_unconfirmed","households":1335,"kapt_code":"A15685206","name":"신대방우성1차","property_aptseq_join":"not_established","source_id":"seoul-openaptinfo"},"type":"Feature"},{"geometry":{"coordinates":[126.9155388,37.4944124],"type":"Point"},"id":"A15685503","properties":{"coordinate_status":"provider_xy_crs_unconfirmed","households":423,"kapt_code":"A15685503","name":"보라매파크빌","property_aptseq_join":"unique_official_road_address_and_name","property_complex_id":"molit-apt:11590:11590-83","property_release_id":"property-eea48453a819f517","source_id":"seoul-openaptinfo"},"type":"Feature"},{"geometry":{"coordinates":[126.9707,37.5066333],"type":"Point"},"id":"A15685702","properties":{"coordinate_status":"provider_xy_crs_unconfirmed","households":960,"kapt_code":"A15685702","name":"흑석한강현대","property_aptseq_join":"not_established","source_id":"seoul-openaptinfo"},"type":"Feature"},{"geometry":{"coordinates":[126.8430656,37.5481674],"type":"Point"},"id":"A15701002","properties":{"coordinate_status":"provider_xy_crs_unconfirmed","households":203,"kapt_code":"A15701002","name":"우장산에스케이뷰","property_aptseq_join":"unique_official_road_address_and_name","property_complex_id":"molit-apt:11500:11500-5251","property_release_id":"property-eea48453a819f517","source_id":"seoul-openaptinfo"},"type":"Feature"},{"geometry":{"coordinates":[126.8404024,37.5488035],"type":"Point"},"id":"A15701003","properties":{"coordinate_status":"provider_xy_crs_unconfirmed","households":2517,"kapt_code":"A15701003","name":"우장산아이파크이편한세상","property_aptseq_join":"not_established","source_id":"seoul-openaptinfo"},"type":"Feature"},{"geometry":{"coordinates":[126.8474014,37.5540236],"type":"Point"},"id":"A15701004","properties":{"coordinate_status":"provider_xy_crs_unconfirmed","households":187,"kapt_code":"A15701004","name":"우장산한화꿈에그린","property_aptseq_join":"unique_official_road_address_and_name","property_complex_id":"molit-apt:11500:11500-350","property_release_id":"property-eea48453a819f517","source_id":"seoul-openaptinfo"},"type":"Feature"},{"geometry":{"coordinates":[126.8368532,37.5460793],"type":"Point"},"id":"A15701007","properties":{"coordinate_status":"provider_xy_crs_unconfirmed","households":2603,"kapt_code":"A15701007","name":"강서힐스테이트아파트","property_aptseq_join":"unique_official_road_address_and_name","property_complex_id":"molit-apt:11500:11500-6919","property_release_id":"property-eea48453a819f517","source_id":"seoul-openaptinfo"},"type":"Feature"},{"geometry":{"coordinates":[126.8469523,37.5526254],"type":"Point"},"id":"A15701601","properties":{"coordinate_status":"provider_xy_crs_unconfirmed","households":206,"kapt_code":"A15701601","name":"우장산롯데3차","property_aptseq_join":"not_established","source_id":"seoul-openaptinfo"},"type":"Feature"},{"geometry":{"coordinates":[126.8480525,37.5552159],"type":"Point"},"id":"A15701602","properties":{"coordinate_status":"provider_xy_crs_unconfirmed","households":1164,"kapt_code":"A15701602","name":"우장산롯데캐슬","property_aptseq_join":"unique_official_road_address_and_name","property_complex_id":"molit-apt:11500:11500-242","property_release_id":"property-eea48453a819f517","source_id":"seoul-openaptinfo"},"type":"Feature"},{"geometry":{"coordinates":[126.8606406,37.554268],"type":"Point"},"id":"A15703001","properties":{"coordinate_status":"provider_xy_crs_unconfirmed","households":200,"kapt_code":"A15703001","name":"코오롱하늘채아파트","property_aptseq_join":"unique_official_road_address_and_name","property_complex_id":"molit-apt:11500:11500-232","property_release_id":"property-eea48453a819f517","source_id":"seoul-openaptinfo"},"type":"Feature"},{"geometry":{"coordinates":[126.8622572,37.5559295],"type":"Point"},"id":"A15703002","properties":{"coordinate_status":"provider_xy_crs_unconfirmed","households":241,"kapt_code":"A15703002","name":"등촌대동황토방","property_aptseq_join":"not_established","source_id":"seoul-openaptinfo"},"type":"Feature"},{"geometry":{"coordinates":[126.843643,37.5635619],"type":"Point"},"id":"A15703004","properties":{"coordinate_status":"provider_xy_crs_unconfirmed","households":712,"kapt_code":"A15703004","name":"등촌부영","property_aptseq_join":"not_established","source_id":"seoul-openaptinfo"},"type":"Feature"},{"geometry":{"coordinates":[126.8624005,37.5551809],"type":"Point"},"id":"A15703005","properties":{"coordinate_status":"provider_xy_crs_unconfirmed","households":196,"kapt_code":"A15703005","name":"등촌대동황토방2차아파트","property_aptseq_join":"not_established","source_id":"seoul-openaptinfo"},"type":"Feature"},{"geometry":{"coordinates":[126.8602577,37.5439103],"type":"Point"},"id":"A15703204","properties":{"coordinate_status":"provider_xy_crs_unconfirmed","households":1653,"kapt_code":"A15703204","name":"등촌IPARK","property_aptseq_join":"not_established","source_id":"seoul-openaptinfo"},"type":"Feature"},{"geometry":{"coordinates":[126.8513767,37.5612871],"type":"Point"},"id":"A15703301","properties":{"coordinate_status":"provider_xy_crs_unconfirmed","households":445,"kapt_code":"A15703301","name":"등촌8단지주공아파트","property_aptseq_join":"not_established","source_id":"seoul-openaptinfo"},"type":"Feature"},{"geometry":{"coordinates":[126.8459121,37.5640797],"type":"Point"},"id":"A15703302","properties":{"coordinate_status":"provider_xy_crs_unconfirmed","households":457,"kapt_code":"A15703302","name":"등촌동성","property_aptseq_join":"not_established","source_id":"seoul-openaptinfo"},"type":"Feature"},{"geometry":{"coordinates":[126.8470141,37.5598381],"type":"Point"},"id":"A15703303","properties":{"coordinate_status":"provider_xy_crs_unconfirmed","households":488,"kapt_code":"A15703303","name":"등촌미주진로","property_aptseq_join":"not_established","source_id":"seoul-openaptinfo"},"type":"Feature"},{"geometry":{"coordinates":[126.8425169,37.5649371],"type":"Point"},"id":"A15703304","properties":{"coordinate_status":"provider_xy_crs_unconfirmed","households":505,"kapt_code":"A15703304","name":"등촌주공2단지","property_aptseq_join":"not_established","source_id":"seoul-openaptinfo"},"type":"Feature"},{"geometry":{"coordinates":[126.8483689,37.5623648],"type":"Point"},"id":"A15703306","properties":{"coordinate_status":"provider_xy_crs_unconfirmed","households":566,"kapt_code":"A15703306","name":"등촌주공10단지","property_aptseq_join":"not_established","source_id":"seoul-openaptinfo"},"type":"Feature"},{"geometry":{"coordinates":[126.845847,37.5621573],"type":"Point"},"id":"A15703307","properties":{"coordinate_status":"provider_xy_crs_unconfirmed","households":680,"kapt_code":"A15703307","name":"등촌대림아파트","property_aptseq_join":"not_established","source_id":"seoul-openaptinfo"},"type":"Feature"},{"geometry":{"coordinates":[126.841109,37.5616468],"type":"Point"},"id":"A15703308","properties":{"coordinate_status":"provider_xy_crs_unconfirmed","households":1016,"kapt_code":"A15703308","name":"등촌3단지주공아파트","property_aptseq_join":"not_established","source_id":"seoul-openaptinfo"},"type":"Feature"},{"geometry":{"coordinates":[126.8449392,37.5605195],"type":"Point"},"id":"A15703309","properties":{"coordinate_status":"provider_xy_crs_unconfirmed","households":1045,"kapt_code":"A15703309","name":"등촌주공5단지","property_aptseq_join":"not_established","source_id":"seoul-openaptinfo"},"type":"Feature"},{"geometry":{"coordinates":[126.8425169,37.5649371],"type":"Point"},"id":"A15703313","properties":{"coordinate_status":"provider_xy_crs_unconfirmed","households":1670,"kapt_code":"A15703313","name":"등촌주공1단지","property_aptseq_join":"not_established","source_id":"seoul-openaptinfo"},"type":"Feature"},{"geometry":{"coordinates":[126.8491076,37.559166],"type":"Point"},"id":"A15703318","properties":{"coordinate_status":"provider_xy_crs_unconfirmed","households":350,"kapt_code":"A15703318","name":"등촌주공11단지","property_aptseq_join":"not_established","source_id":"seoul-openaptinfo"},"type":"Feature"},{"geometry":{"coordinates":[126.8668736,37.5515337],"type":"Point"},"id":"A15704001","properties":{"coordinate_status":"provider_xy_crs_unconfirmed","households":163,"kapt_code":"A15704001","name":"염창2차한화꿈에그린","property_aptseq_join":"unique_official_road_address_and_name","property_complex_id":"molit-apt:11500:11500-5206","property_release_id":"property-eea48453a819f517","source_id":"seoul-openaptinfo"},"type":"Feature"},{"geometry":{"coordinates":[126.8731713,37.5520432],"type":"Point"},"id":"A15704002","properties":{"coordinate_status":"provider_xy_crs_unconfirmed","households":166,"kapt_code":"A15704002","name":"염창 일신건영휴먼빌아파트","property_aptseq_join":"not_established","source_id":"seoul-openaptinfo"},"type":"Feature"},{"geometry":{"coordinates":[126.8727626,37.5528637],"type":"Point"},"id":"A15704003","properties":{"coordinate_status":"provider_xy_crs_unconfirmed","households":168,"kapt_code":"A15704003","name":"염창월드메르디앙","property_aptseq_join":"not_established","source_id":"seoul-openaptinfo"},"type":"Feature"},{"geometry":{"coordinates":[126.8674295,37.5512975],"type":"Point"},"id":"A15704006","properties":{"coordinate_status":"provider_xy_crs_unconfirmed","households":196,"kapt_code":"A15704006","name":"염창우성3차","property_aptseq_join":"not_established","source_id":"seoul-openaptinfo"},"type":"Feature"},{"geometry":{"coordinates":[126.8703148,37.5516408],"type":"Point"},"id":"A15704007","properties":{"coordinate_status":"provider_xy_crs_unconfirmed","households":202,"kapt_code":"A15704007","name":"염창1차보람더하임아파트","property_aptseq_join":"unique_official_road_address_and_name","property_complex_id":"molit-apt:11500:11500-5406","property_release_id":"property-eea48453a819f517","source_id":"seoul-openaptinfo"},"type":"Feature"},{"geometry":{"coordinates":[126.8661662,37.5580776],"type":"Point"},"id":"A15704009","properties":{"coordinate_status":"provider_xy_crs_unconfirmed","households":206,"kapt_code":"A15704009","name":"염창벽산늘푸른","property_aptseq_join":"not_established","source_id":"seoul-openaptinfo"},"type":"Feature"},{"geometry":{"coordinates":[126.8683711,37.5507699],"type":"Point"},"id":"A15704015","properties":{"coordinate_status":"provider_xy_crs_unconfirmed","households":284,"kapt_code":"A15704015","name":"염창롯데캐슬","property_aptseq_join":"not_established","source_id":"seoul-openaptinfo"},"type":"Feature"},{"geometry":{"coordinates":[126.8722555,37.5555042],"type":"Point"},"id":"A15704017","properties":{"coordinate_status":"provider_xy_crs_unconfirmed","households":297,"kapt_code":"A15704017","name":"염창강변성원","property_aptseq_join":"not_established","source_id":"seoul-openaptinfo"},"type":"Feature"},{"geometry":{"coordinates":[126.8740903,37.5509233],"type":"Point"},"id":"A15704023","properties":{"coordinate_status":"provider_xy_crs_unconfirmed","households":417,"kapt_code":"A15704023","name":"강변힐스테이트","property_aptseq_join":"unique_official_road_address_and_name","property_complex_id":"molit-apt:11500:11500-466","property_release_id":"property-eea48453a819f517","source_id":"seoul-openaptinfo"},"type":"Feature"},{"geometry":{"coordinates":[126.8671836,37.5562105],"type":"Point"},"id":"A15704025","properties":{"coordinate_status":"provider_xy_crs_unconfirmed","households":455,"kapt_code":"A15704025","name":"염창강변한솔솔파크","property_aptseq_join":"not_established","source_id":"seoul-openaptinfo"},"type":"Feature"},{"geometry":{"coordinates":[126.8731282,37.5548498],"type":"Point"},"id":"A15704028","properties":{"coordinate_status":"provider_xy_crs_unconfirmed","households":778,"kapt_code":"A15704028","name":"염창동아1차","property_aptseq_join":"not_established","source_id":"seoul-openaptinfo"},"type":"Feature"},{"geometry":{"coordinates":[126.8481254,37.566471385],"type":"Point"},"id":"A15720001","properties":{"coordinate_status":"provider_xy_crs_unconfirmed","households":790,"kapt_code":"A15720001","name":"강서한강자이","property_aptseq_join":"unique_official_road_address_and_name","property_complex_id":"molit-apt:11500:11500-6753","property_release_id":"property-eea48453a819f517","source_id":"seoul-openaptinfo"},"type":"Feature"},{"geometry":{"coordinates":[126.841903,37.5690251],"type":"Point"},"id":"A15720101","properties":{"coordinate_status":"provider_xy_crs_unconfirmed","households":177,"kapt_code":"A15720101","name":"가양일신건영휴먼빌","property_aptseq_join":"not_established","source_id":"seoul-openaptinfo"},"type":"Feature"},{"geometry":{"coordinates":[126.8376117,37.5746242],"type":"Point"},"id":"A15721001","properties":{"coordinate_status":"provider_xy_crs_unconfirmed","households":180,"kapt_code":"A15721001","name":"마곡금호어울림","property_aptseq_join":"unique_official_road_address_and_name","property_complex_id":"molit-apt:11500:11500-5141","property_release_id":"property-eea48453a819f517","source_id":"seoul-openaptinfo"},"type":"Feature"},{"geometry":{"coordinates":[126.8229252,37.5681327],"type":"Point"},"id":"A15721003","properties":{"coordinate_status":"provider_xy_crs_unconfirmed","households":253,"kapt_code":"A15721003","name":"마곡신안","property_aptseq_join":"not_established","source_id":"seoul-openaptinfo"},"type":"Feature"},{"geometry":{"coordinates":[126.8233243,37.5696666],"type":"Point"},"id":"A15721004","properties":{"coordinate_status":"provider_xy_crs_unconfirmed","households":258,"kapt_code":"A15721004","name":"마곡한솔솔파크","property_aptseq_join":"not_established","source_id":"seoul-openaptinfo"},"type":"Feature"},{"geometry":{"coordinates":[126.8378355,37.5757344],"type":"Point"},"id":"A15721005","properties":{"coordinate_status":"provider_xy_crs_unconfirmed","households":479,"kapt_code":"A15721005","name":"마곡벽산","property_aptseq_join":"not_established","source_id":"seoul-openaptinfo"},"type":"Feature"},{"geometry":{"coordinates":[126.820168853,37.56465052],"type":"Point"},"id":"A15721006","properties":{"coordinate_status":"provider_xy_crs_unconfirmed","households":1466,"kapt_code":"A15721006","name":"마곡엠밸리6단지","property_aptseq_join":"unique_official_road_address_and_name","property_complex_id":"molit-apt:11500:11500-6893","property_release_id":"property-eea48453a819f517","source_id":"seoul-openaptinfo"},"type":"Feature"},{"geometry":{"coordinates":[126.82393,37.5640943],"type":"Point"},"id":"A15721007","properties":{"coordinate_status":"provider_xy_crs_unconfirmed","households":1004,"kapt_code":"A15721007","name":"마곡엠밸리7단지","property_aptseq_join":"unique_official_road_address_and_name","property_complex_id":"molit-apt:11500:11500-6892","property_release_id":"property-eea48453a819f517","source_id":"seoul-openaptinfo"},"type":"Feature"},{"geometry":{"coordinates":[126.8239464,37.5688811],"type":"Point"},"id":"A15721008","properties":{"coordinate_status":"provider_xy_crs_unconfirmed","households":420,"kapt_code":"A15721008","name":"마곡엠밸리4단지","property_aptseq_join":"unique_official_road_address_and_name","property_complex_id":"molit-apt:11500:11500-6900","property_release_id":"property-eea48453a819f517","source_id":"seoul-openaptinfo"},"type":"Feature"},{"geometry":{"coordinates":[126.820710938,37.569117369],"type":"Point"},"id":"A15721009","properties":{"coordinate_status":"provider_xy_crs_unconfirmed","households":408,"kapt_code":"A15721009","name":"마곡엠밸리2단지","property_aptseq_join":"not_established","source_id":"seoul-openaptinfo"},"type":"Feature"},{"geometry":{"coordinates":[126.8240725,37.5580573],"type":"Point"},"id":"A15721010","properties":{"coordinate_status":"provider_xy_crs_unconfirmed","households":1270,"kapt_code":"A15721010","name":"마곡엠밸리14단지","property_aptseq_join":"not_established","source_id":"seoul-openaptinfo"},"type":"Feature"},{"geometry":{"coordinates":[126.819541663,37.568506277],"type":"Point"},"id":"A15721011","properties":{"coordinate_status":"provider_xy_crs_unconfirmed","households":315,"kapt_code":"A15721011","name":"마곡엠밸리3단지","property_aptseq_join":"unique_official_road_address_and_name","property_complex_id":"molit-apt:11500:11500-6902","property_release_id":"property-eea48453a819f517","source_id":"seoul-openaptinfo"},"type":"Feature"},{"geometry":{"coordinates":[126.8221909,37.5721234],"type":"Point"},"id":"A15722001","properties":{"coordinate_status":"provider_xy_crs_unconfirmed","households":170,"kapt_code":"A15722001","name":"마곡삼성","property_aptseq_join":"unique_official_road_address_and_name","property_complex_id":"molit-apt:11500:11500-198","property_release_id":"property-eea48453a819f517","source_id":"seoul-openaptinfo"},"type":"Feature"},{"geometry":{"coordinates":[126.8102088,37.5711243],"type":"Point"},"id":"A15722003","properties":{"coordinate_status":"provider_xy_crs_unconfirmed","households":285,"kapt_code":"A15722003","name":"마곡신안네트빌(1단지)","property_aptseq_join":"not_established","source_id":"seoul-openaptinfo"},"type":"Feature"},{"geometry":{"coordinates":[126.8217091,37.5700345],"type":"Point"},"id":"A15722004","properties":{"coordinate_status":"provider_xy_crs_unconfirmed","households":341,"kapt_code":"A15722004","name":"마곡푸르지오","property_aptseq_join":"unique_official_road_address_and_name","property_complex_id":"molit-apt:11500:11500-5552","property_release_id":"property-eea48453a819f517","source_id":"seoul-openaptinfo"},"type":"Feature"},{"geometry":{"coordinates":[126.8133457,37.5714296],"type":"Point"},"id":"A15722005","properties":{"coordinate_status":"provider_xy_crs_unconfirmed","households":354,"kapt_code":"A15722005","name":"마곡 한진해모로","property_aptseq_join":"unique_official_road_address_and_name","property_complex_id":"molit-apt:11500:11500-376","property_release_id":"property-eea48453a819f517","source_id":"seoul-openaptinfo"},"type":"Feature"},{"geometry":{"coordinates":[126.8134094,37.5723918],"type":"Point"},"id":"A15722007","properties":{"coordinate_status":"provider_xy_crs_unconfirmed","households":206,"kapt_code":"A15722007","name":"방화삼성꽃마을","property_aptseq_join":"not_established","source_id":"seoul-openaptinfo"},"type":"Feature"},{"geometry":{"coordinates":[126.8184548,37.568346],"type":"Point"},"id":"A15722009","properties":{"coordinate_status":"provider_xy_crs_unconfirmed","households":237,"kapt_code":"A15722009","name":"마곡엠밸리1단지","property_aptseq_join":"unique_official_road_address_and_name","property_complex_id":"molit-apt:11500:11500-6901","property_release_id":"property-eea48453a819f517","source_id":"seoul-openaptinfo"},"type":"Feature"},{"geometry":{"coordinates":[126.8174976,37.5658378],"type":"Point"},"id":"A15722010","properties":{"coordinate_status":"provider_xy_crs_unconfirmed","households":442,"kapt_code":"A15722010","name":"마곡엠밸리5단지","property_aptseq_join":"unique_official_road_address_and_name","property_complex_id":"molit-apt:11500:11500-6908","property_release_id":"property-eea48453a819f517","source_id":"seoul-openaptinfo"},"type":"Feature"},{"geometry":{"coordinates":[126.8061003,37.5732767],"type":"Point"},"id":"A15722102","properties":{"coordinate_status":"provider_xy_crs_unconfirmed","households":205,"kapt_code":"A15722102","name":"개화산동부센트레빌","property_aptseq_join":"not_established","source_id":"seoul-openaptinfo"},"type":"Feature"},{"geometry":{"coordinates":[126.8219282,37.5729601],"type":"Point"},"id":"A15722104","properties":{"coordinate_status":"provider_xy_crs_unconfirmed","households":209,"kapt_code":"A15722104","name":"마곡청구아파트","property_aptseq_join":"unique_official_road_address_and_name","property_complex_id":"molit-apt:11500:11500-213","property_release_id":"property-eea48453a819f517","source_id":"seoul-openaptinfo"},"type":"Feature"},{"geometry":{"coordinates":[126.8212789,37.5717213],"type":"Point"},"id":"A15722106","properties":{"coordinate_status":"provider_xy_crs_unconfirmed","households":320,"kapt_code":"A15722106","name":"마곡우림필유아파트","property_aptseq_join":"unique_official_road_address_and_name","property_complex_id":"molit-apt:11500:11500-269","property_release_id":"property-eea48453a819f517","source_id":"seoul-openaptinfo"},"type":"Feature"},{"geometry":{"coordinates":[126.8144739,37.5747161],"type":"Point"},"id":"A15722108","properties":{"coordinate_status":"provider_xy_crs_unconfirmed","households":407,"kapt_code":"A15722108","name":"방화동부센트레빌","property_aptseq_join":"not_established","source_id":"seoul-openaptinfo"},"type":"Feature"},{"geometry":{"coordinates":[126.8106819,37.5720228],"type":"Point"},"id":"A15722201","properties":{"coordinate_status":"provider_xy_crs_unconfirmed","households":154,"kapt_code":"A15722201","name":"마곡서광2차아파트","property_aptseq_join":"not_established","source_id":"seoul-openaptinfo"},"type":"Feature"},{"geometry":{"coordinates":[126.8157168,37.569926],"type":"Point"},"id":"A15722203","properties":{"coordinate_status":"provider_xy_crs_unconfirmed","households":224,"kapt_code":"A15722203","name":"방화신동아","property_aptseq_join":"not_established","source_id":"seoul-openaptinfo"},"type":"Feature"},{"geometry":{"coordinates":[126.8081826,37.5700874],"type":"Point"},"id":"A15722204","properties":{"coordinate_status":"provider_xy_crs_unconfirmed","households":279,"kapt_code":"A15722204","name":"방화동E편한세상","property_aptseq_join":"not_established","source_id":"seoul-openaptinfo"},"type":"Feature"},{"geometry":{"coordinates":[126.8158189,37.579321],"type":"Point"},"id":"A15722304","properties":{"coordinate_status":"provider_xy_crs_unconfirmed","households":213,"kapt_code":"A15722304","name":"치현마을동일스위트리버아파트","property_aptseq_join":"unique_official_road_address_and_name","property_complex_id":"molit-apt:11500:11500-385","property_release_id":"property-eea48453a819f517","source_id":"seoul-openaptinfo"},"type":"Feature"},{"geometry":{"coordinates":[126.8193263,37.5793196],"type":"Point"},"id":"A15722306","properties":{"coordinate_status":"provider_xy_crs_unconfirmed","households":284,"kapt_code":"A15722306","name":"마곡서광","property_aptseq_join":"not_established","source_id":"seoul-openaptinfo"},"type":"Feature"},{"geometry":{"coordinates":[126.8175777,37.5742114],"type":"Point"},"id":"A15722307","properties":{"coordinate_status":"provider_xy_crs_unconfirmed","households":387,"kapt_code":"A15722307","name":"방화1단지(장미)","property_aptseq_join":"not_established","source_id":"seoul-openaptinfo"},"type":"Feature"},{"geometry":{"coordinates":[126.8195884,37.5746696],"type":"Point"},"id":"A15722314","properties":{"coordinate_status":"provider_xy_crs_unconfirmed","households":1563,"kapt_code":"A15722314","name":"방화2단지","property_aptseq_join":"not_established","source_id":"seoul-openaptinfo"},"type":"Feature"},{"geometry":{"coordinates":[126.8257712,37.5503051],"type":"Point"},"id":"A15728002","properties":{"coordinate_status":"provider_xy_crs_unconfirmed","households":399,"kapt_code":"A15728002","name":"마곡수명산파크6단지","property_aptseq_join":"unique_official_road_address_and_name","property_complex_id":"molit-apt:11500:11500-5364","property_release_id":"property-eea48453a819f517","source_id":"seoul-openaptinfo"},"type":"Feature"},{"geometry":{"coordinates":[126.8246879,37.5526641],"type":"Point"},"id":"A15728003","properties":{"coordinate_status":"provider_xy_crs_unconfirmed","households":518,"kapt_code":"A15728003","name":"마곡수명산파크3단지","property_aptseq_join":"unique_official_road_address_and_name","property_complex_id":"molit-apt:11500:11500-5349","property_release_id":"property-eea48453a819f517","source_id":"seoul-openaptinfo"},"type":"Feature"},{"geometry":{"coordinates":[126.8318783,37.5565695],"type":"Point"},"id":"A15728004","properties":{"coordinate_status":"provider_xy_crs_unconfirmed","households":629,"kapt_code":"A15728004","name":"마곡수명산파크2단지","property_aptseq_join":"unique_official_road_address_and_name","property_complex_id":"molit-apt:11500:11500-5326","property_release_id":"property-eea48453a819f517","source_id":"seoul-openaptinfo"},"type":"Feature"},{"geometry":{"coordinates":[126.8223697,37.5483311],"type":"Point"},"id":"A15728005","properties":{"coordinate_status":"provider_xy_crs_unconfirmed","households":643,"kapt_code":"A15728005","name":"마곡수명산파크7단지","property_aptseq_join":"unique_official_road_address_and_name","property_complex_id":"molit-apt:11500:11500-5741","property_release_id":"property-eea48453a819f517","source_id":"seoul-openaptinfo"},"type":"Feature"},{"geometry":{"coordinates":[126.8233716,37.5512432],"type":"Point"},"id":"A15728006","properties":{"coordinate_status":"provider_xy_crs_unconfirmed","households":919,"kapt_code":"A15728006","name":"마곡수명산파크4단지","property_aptseq_join":"unique_official_road_address_and_name","property_complex_id":"molit-apt:11500:11500-5437","property_release_id":"property-eea48453a819f517","source_id":"seoul-openaptinfo"},"type":"Feature"},{"geometry":{"coordinates":[126.8272011,37.5518797],"type":"Point"},"id":"A15728007","properties":{"coordinate_status":"provider_xy_crs_unconfirmed","households":948,"kapt_code":"A15728007","name":"마곡수명산파크5단지","property_aptseq_join":"unique_official_road_address_and_name","property_complex_id":"molit-apt:11500:11500-5547","property_release_id":"property-eea48453a819f517","source_id":"seoul-openaptinfo"},"type":"Feature"},{"geometry":{"coordinates":[126.8304907,37.554396],"type":"Point"},"id":"A15728008","properties":{"coordinate_status":"provider_xy_crs_unconfirmed","households":1421,"kapt_code":"A15728008","name":"마곡수명산파크1단지","property_aptseq_join":"unique_official_road_address_and_name","property_complex_id":"molit-apt:11500:11500-5371","property_release_id":"property-eea48453a819f517","source_id":"seoul-openaptinfo"},"type":"Feature"},{"geometry":{"coordinates":[126.8414673,37.5557622],"type":"Point"},"id":"A15728009","properties":{"coordinate_status":"provider_xy_crs_unconfirmed","households":2198,"kapt_code":"A15728009","name":"우장산힐스테이트","property_aptseq_join":"unique_official_road_address_and_name","property_complex_id":"molit-apt:11500:11500-477","property_release_id":"property-eea48453a819f517","source_id":"seoul-openaptinfo"},"type":"Feature"},{"geometry":{"coordinates":[126.8427487,37.5546673],"type":"Point"},"id":"A15728010","properties":{"coordinate_status":"provider_xy_crs_unconfirmed","households":157,"kapt_code":"A15728010","name":"우장산롯데2차","property_aptseq_join":"not_established","source_id":"seoul-openaptinfo"},"type":"Feature"},{"geometry":{"coordinates":[126.828490555,37.55735462],"type":"Point"},"id":"A15728011","properties":{"coordinate_status":"provider_xy_crs_unconfirmed","households":1171,"kapt_code":"A15728011","name":"마곡엠밸리15단지","property_aptseq_join":"not_established","source_id":"seoul-openaptinfo"},"type":"Feature"},{"geometry":{"coordinates":[126.8546342,37.5540644],"type":"Point"},"id":"A15770101","properties":{"coordinate_status":"provider_xy_crs_unconfirmed","households":187,"kapt_code":"A15770101","name":"화곡2차보람","property_aptseq_join":"not_established","source_id":"seoul-openaptinfo"},"type":"Feature"},{"geometry":{"coordinates":[126.8513842,37.5550253],"type":"Point"},"id":"A15770102","properties":{"coordinate_status":"provider_xy_crs_unconfirmed","households":159,"kapt_code":"A15770102","name":"그랜드아이파크","property_aptseq_join":"unique_official_road_address_and_name","property_complex_id":"molit-apt:11500:11500-6063","property_release_id":"property-eea48453a819f517","source_id":"seoul-openaptinfo"},"type":"Feature"},{"geometry":{"coordinates":[126.8338501,37.5460884],"type":"Point"},"id":"A15770801","properties":{"coordinate_status":"provider_xy_crs_unconfirmed","households":626,"kapt_code":"A15770801","name":"화곡초록","property_aptseq_join":"not_established","source_id":"seoul-openaptinfo"},"type":"Feature"},{"geometry":{"coordinates":[126.8603664,37.5573574],"type":"Point"},"id":"A15772901","properties":{"coordinate_status":"provider_xy_crs_unconfirmed","households":134,"kapt_code":"A15772901","name":"등촌우성101동","property_aptseq_join":"not_established","source_id":"seoul-openaptinfo"},"type":"Feature"},{"geometry":{"coordinates":[126.8599261,37.5576039],"type":"Point"},"id":"A15772902","properties":{"coordinate_status":"provider_xy_crs_unconfirmed","households":110,"kapt_code":"A15772902","name":"등촌우성102동","property_aptseq_join":"not_established","source_id":"seoul-openaptinfo"},"type":"Feature"},{"geometry":{"coordinates":[126.8105254,37.5746001],"type":"Point"},"id":"A15773501","properties":{"coordinate_status":"provider_xy_crs_unconfirmed","households":258,"kapt_code":"A15773501","name":"방화월드메르디앙","property_aptseq_join":"not_established","source_id":"seoul-openaptinfo"},"type":"Feature"},{"geometry":{"coordinates":[126.8616635,37.5621998],"type":"Point"},"id":"A15774708","properties":{"coordinate_status":"provider_xy_crs_unconfirmed","households":1998,"kapt_code":"A15774708","name":"가양7단지","property_aptseq_join":"not_established","source_id":"seoul-openaptinfo"},"type":"Feature"},{"geometry":{"coordinates":[126.8654272,37.5577389],"type":"Point"},"id":"A15776001","properties":{"coordinate_status":"provider_xy_crs_unconfirmed","households":164,"kapt_code":"A15776001","name":"염창강변월드메르디앙","property_aptseq_join":"not_established","source_id":"seoul-openaptinfo"},"type":"Feature"},{"geometry":{"coordinates":[126.876072021,37.552000987],"type":"Point"},"id":"A15776004","properties":{"coordinate_status":"provider_xy_crs_unconfirmed","households":127,"kapt_code":"A15776004","name":"현대3","property_aptseq_join":"unique_official_road_address_and_name","property_complex_id":"molit-apt:11500:11500-30","property_release_id":"property-eea48453a819f517","source_id":"seoul-openaptinfo"},"type":"Feature"},{"geometry":{"coordinates":[126.8430032,37.5621004],"type":"Point"},"id":"A15776414","properties":{"coordinate_status":"provider_xy_crs_unconfirmed","households":1575,"kapt_code":"A15776414","name":"등촌주공4단지","property_aptseq_join":"not_established","source_id":"seoul-openaptinfo"},"type":"Feature"},{"geometry":{"coordinates":[126.8484236,37.5594739],"type":"Point"},"id":"A15776617","properties":{"coordinate_status":"provider_xy_crs_unconfirmed","households":559,"kapt_code":"A15776617","name":"등촌주공6단지","property_aptseq_join":"not_established","source_id":"seoul-openaptinfo"},"type":"Feature"},{"geometry":{"coordinates":[126.851713,37.5605474],"type":"Point"},"id":"A15776715","properties":{"coordinate_status":"provider_xy_crs_unconfirmed","households":1146,"kapt_code":"A15776715","name":"등촌주공7단지","property_aptseq_join":"not_established","source_id":"seoul-openaptinfo"},"type":"Feature"},{"geometry":{"coordinates":[126.849539,37.5616596],"type":"Point"},"id":"A15776916","properties":{"coordinate_status":"provider_xy_crs_unconfirmed","households":1445,"kapt_code":"A15776916","name":"등촌주공9단지","property_aptseq_join":"not_established","source_id":"seoul-openaptinfo"},"type":"Feature"},{"geometry":{"coordinates":[126.80664,37.5697906],"type":"Point"},"id":"A15777501","properties":{"coordinate_status":"provider_xy_crs_unconfirmed","households":930,"kapt_code":"A15777501","name":"마곡중앙하이츠아파트","property_aptseq_join":"unique_official_road_address_and_name","property_complex_id":"molit-apt:11500:11500-192","property_release_id":"property-eea48453a819f517","source_id":"seoul-openaptinfo"},"type":"Feature"},{"geometry":{"coordinates":[126.8119701,37.5796258],"type":"Point"},"id":"A15778101","properties":{"coordinate_status":"provider_xy_crs_unconfirmed","households":686,"kapt_code":"A15778101","name":"방화동성아파트","property_aptseq_join":"not_established","source_id":"seoul-openaptinfo"},"type":"Feature"},{"geometry":{"coordinates":[126.8393323,37.5520159],"type":"Point"},"id":"A15779704","properties":{"coordinate_status":"provider_xy_crs_unconfirmed","households":194,"kapt_code":"A15779704","name":"길성그랑프리텔1차","property_aptseq_join":"not_established","source_id":"seoul-openaptinfo"},"type":"Feature"},{"geometry":{"coordinates":[126.8542542,37.5623512],"type":"Point"},"id":"A15780002","properties":{"coordinate_status":"provider_xy_crs_unconfirmed","households":414,"kapt_code":"A15780002","name":"가양우성","property_aptseq_join":"unique_official_road_address_and_name","property_complex_id":"molit-apt:11500:11500-144","property_release_id":"property-eea48453a819f517","source_id":"seoul-openaptinfo"},"type":"Feature"},{"geometry":{"coordinates":[126.856966,37.5607691],"type":"Point"},"id":"A15780401","properties":{"coordinate_status":"provider_xy_crs_unconfirmed","households":642,"kapt_code":"A15780401","name":"가양강나루현대","property_aptseq_join":"unique_official_road_address_and_name","property_complex_id":"molit-apt:11500:11500-143","property_release_id":"property-eea48453a819f517","source_id":"seoul-openaptinfo"},"type":"Feature"},{"geometry":{"coordinates":[126.8489731,37.5681118],"type":"Point"},"id":"A15780602","properties":{"coordinate_status":"provider_xy_crs_unconfirmed","households":359,"kapt_code":"A15780602","name":"가양한보구암","property_aptseq_join":"not_established","source_id":"seoul-openaptinfo"},"type":"Feature"},{"geometry":{"coordinates":[126.8435191,37.5723889],"type":"Point"},"id":"A15780603","properties":{"coordinate_status":"provider_xy_crs_unconfirmed","households":660,"kapt_code":"A15780603","name":"가양동신대아","property_aptseq_join":"not_established","source_id":"seoul-openaptinfo"},"type":"Feature"},{"geometry":{"coordinates":[126.844997,37.5714005],"type":"Point"},"id":"A15780604","properties":{"coordinate_status":"provider_xy_crs_unconfirmed","households":990,"kapt_code":"A15780604","name":"한강타운아파트","property_aptseq_join":"unique_official_road_address_and_name","property_complex_id":"molit-apt:11500:11500-155","property_release_id":"property-eea48453a819f517","source_id":"seoul-openaptinfo"},"type":"Feature"},{"geometry":{"coordinates":[126.8480726,37.5702365],"type":"Point"},"id":"A15780605","properties":{"coordinate_status":"provider_xy_crs_unconfirmed","households":1624,"kapt_code":"A15780605","name":"가양2단지","property_aptseq_join":"not_established","source_id":"seoul-openaptinfo"},"type":"Feature"},{"geometry":{"coordinates":[126.8492901,37.5698077],"type":"Point"},"id":"A15780701","properties":{"coordinate_status":"provider_xy_crs_unconfirmed","households":164,"kapt_code":"A15780701","name":"가양중앙하이츠","property_aptseq_join":"not_established","source_id":"seoul-openaptinfo"},"type":"Feature"},{"geometry":{"coordinates":[126.8540714,37.5664452],"type":"Point"},"id":"A15780703","properties":{"coordinate_status":"provider_xy_crs_unconfirmed","households":540,"kapt_code":"A15780703","name":"가양대림경동","property_aptseq_join":"not_established","source_id":"seoul-openaptinfo"},"type":"Feature"},{"geometry":{"coordinates":[126.8556837,37.5652229],"type":"Point"},"id":"A15780704","properties":{"coordinate_status":"provider_xy_crs_unconfirmed","households":1556,"kapt_code":"A15780704","name":"가양3단지(강변)","property_aptseq_join":"not_established","source_id":"seoul-openaptinfo"},"type":"Feature"},{"geometry":{"coordinates":[126.8510376,37.5650258],"type":"Point"},"id":"A15780705","properties":{"coordinate_status":"provider_xy_crs_unconfirmed","households":1998,"kapt_code":"A15780705","name":"가양4단지","property_aptseq_join":"not_established","source_id":"seoul-openaptinfo"},"type":"Feature"},{"geometry":{"coordinates":[126.8548294,37.5636713],"type":"Point"},"id":"A15780806","properties":{"coordinate_status":"provider_xy_crs_unconfirmed","households":2412,"kapt_code":"A15780806","name":"가양5단지","property_aptseq_join":"not_established","source_id":"seoul-openaptinfo"},"type":"Feature"},{"geometry":{"coordinates":[126.8572021,37.5616771],"type":"Point"},"id":"A15780904","properties":{"coordinate_status":"provider_xy_crs_unconfirmed","households":1110,"kapt_code":"A15780904","name":"가양도시개발공사8단지(임대)","property_aptseq_join":"not_established","source_id":"seoul-openaptinfo"},"type":"Feature"},{"geometry":{"coordinates":[126.8593109,37.5632285],"type":"Point"},"id":"A15780905","properties":{"coordinate_status":"provider_xy_crs_unconfirmed","households":1476,"kapt_code":"A15780905","name":"가양6단지","property_aptseq_join":"unique_official_road_address_and_name","property_complex_id":"molit-apt:11500:11500-149","property_release_id":"property-eea48453a819f517","source_id":"seoul-openaptinfo"},"type":"Feature"},{"geometry":{"coordinates":[126.8616397,37.5600853],"type":"Point"},"id":"A15781002","properties":{"coordinate_status":"provider_xy_crs_unconfirmed","households":914,"kapt_code":"A15781002","name":"가양9-1","property_aptseq_join":"not_established","source_id":"seoul-openaptinfo"},"type":"Feature"},{"geometry":{"coordinates":[126.863549,37.5587215],"type":"Point"},"id":"A15781003","properties":{"coordinate_status":"provider_xy_crs_unconfirmed","households":1005,"kapt_code":"A15781003","name":"가양9-2","property_aptseq_join":"not_established","source_id":"seoul-openaptinfo"},"type":"Feature"},{"geometry":{"coordinates":[126.808144,37.5606079],"type":"Point"},"id":"A15781201","properties":{"coordinate_status":"provider_xy_crs_unconfirmed","households":215,"kapt_code":"A15781201","name":"강서센트레빌4차","property_aptseq_join":"not_established","source_id":"seoul-openaptinfo"},"type":"Feature"},{"geometry":{"coordinates":[126.843127,37.5568955],"type":"Point"},"id":"A15782501","properties":{"coordinate_status":"provider_xy_crs_unconfirmed","households":160,"kapt_code":"A15782501","name":"강서월드메르디앙","property_aptseq_join":"unique_official_road_address_and_name","property_complex_id":"molit-apt:11500:11500-5213","property_release_id":"property-eea48453a819f517","source_id":"seoul-openaptinfo"},"type":"Feature"},{"geometry":{"coordinates":[126.8633551,37.5404837],"type":"Point"},"id":"A15783701","properties":{"coordinate_status":"provider_xy_crs_unconfirmed","households":168,"kapt_code":"A15783701","name":"등촌임광","property_aptseq_join":"not_established","source_id":"seoul-openaptinfo"},"type":"Feature"},{"geometry":{"coordinates":[126.8626523,37.5421283],"type":"Point"},"id":"A15783703","properties":{"coordinate_status":"provider_xy_crs_unconfirmed","households":222,"kapt_code":"A15783703","name":"등촌대림e편한세상","property_aptseq_join":"not_established","source_id":"seoul-openaptinfo"},"type":"Feature"},{"geometry":{"coordinates":[126.8562941,37.5592064],"type":"Point"},"id":"A15783806","properties":{"coordinate_status":"provider_xy_crs_unconfirmed","households":317,"kapt_code":"A15783806","name":"등촌라인","property_aptseq_join":"not_established","source_id":"seoul-openaptinfo"},"type":"Feature"},{"geometry":{"coordinates":[126.8641456,37.55566],"type":"Point"},"id":"A15783902","properties":{"coordinate_status":"provider_xy_crs_unconfirmed","households":186,"kapt_code":"A15783902","name":"등촌태영","property_aptseq_join":"not_established","source_id":"seoul-openaptinfo"},"type":"Feature"},{"geometry":{"coordinates":[126.863892,37.5552044],"type":"Point"},"id":"A15783905","properties":{"coordinate_status":"provider_xy_crs_unconfirmed","households":244,"kapt_code":"A15783905","name":"등촌삼성한사랑","property_aptseq_join":"not_established","source_id":"seoul-openaptinfo"},"type":"Feature"},{"geometry":{"coordinates":[126.8638745,37.5542766],"type":"Point"},"id":"A15783907","properties":{"coordinate_status":"provider_xy_crs_unconfirmed","households":339,"kapt_code":"A15783907","name":"한사랑2차삼성아파트(등촌동)","property_aptseq_join":"not_established","source_id":"seoul-openaptinfo"},"type":"Feature"},{"geometry":{"coordinates":[126.8582916,37.5560031],"type":"Point"},"id":"A15784003","properties":{"coordinate_status":"provider_xy_crs_unconfirmed","households":191,"kapt_code":"A15784003","name":"등촌코오롱오투빌1차","property_aptseq_join":"not_established","source_id":"seoul-openaptinfo"},"type":"Feature"},{"geometry":{"coordinates":[126.8574637,37.5578978],"type":"Point"},"id":"A15784008","properties":{"coordinate_status":"provider_xy_crs_unconfirmed","households":430,"kapt_code":"A15784008","name":"등촌서광","property_aptseq_join":"not_established","source_id":"seoul-openaptinfo"},"type":"Feature"},{"geometry":{"coordinates":[126.8553276,37.5559066],"type":"Point"},"id":"A15784201","properties":{"coordinate_status":"provider_xy_crs_unconfirmed","households":170,"kapt_code":"A15784201","name":"등촌현대1차(한마음)","property_aptseq_join":"not_established","source_id":"seoul-openaptinfo"},"type":"Feature"},{"geometry":{"coordinates":[126.8616805,37.5493953],"type":"Point"},"id":"A15784402","properties":{"coordinate_status":"provider_xy_crs_unconfirmed","households":221,"kapt_code":"A15784402","name":"등촌태진아름","property_aptseq_join":"not_established","source_id":"seoul-openaptinfo"},"type":"Feature"},{"geometry":{"coordinates":[126.8192912,37.5730247],"type":"Point"},"id":"A15784601","properties":{"coordinate_status":"provider_xy_crs_unconfirmed","households":202,"kapt_code":"A15784601","name":"마곡현대아파트","property_aptseq_join":"unique_official_road_address_and_name","property_complex_id":"molit-apt:11500:11500-199","property_release_id":"property-eea48453a819f517","source_id":"seoul-openaptinfo"},"type":"Feature"},{"geometry":{"coordinates":[126.7983185,37.5733512],"type":"Point"},"id":"A15785002","properties":{"coordinate_status":"provider_xy_crs_unconfirmed","households":187,"kapt_code":"A15785002","name":"방화3차우림필유","property_aptseq_join":"unique_official_road_address_and_name","property_complex_id":"molit-apt:11500:11500-5164","property_release_id":"property-eea48453a819f517","source_id":"seoul-openaptinfo"},"type":"Feature"},{"geometry":{"coordinates":[126.8055327,37.5701413],"type":"Point"},"id":"A15785005","properties":{"coordinate_status":"provider_xy_crs_unconfirmed","households":1065,"kapt_code":"A15785005","name":"방화11단지","property_aptseq_join":"not_established","source_id":"seoul-openaptinfo"},"type":"Feature"},{"geometry":{"coordinates":[126.8143038,37.570387],"type":"Point"},"id":"A15785507","properties":{"coordinate_status":"provider_xy_crs_unconfirmed","households":337,"kapt_code":"A15785507","name":"마곡현대1차","property_aptseq_join":"not_established","source_id":"seoul-openaptinfo"},"type":"Feature"},{"geometry":{"coordinates":[126.8084237,37.5770526],"type":"Point"},"id":"A15785601","properties":{"coordinate_status":"provider_xy_crs_unconfirmed","households":160,"kapt_code":"A15785601","name":"방화진로","property_aptseq_join":"not_established","source_id":"seoul-openaptinfo"},"type":"Feature"},{"geometry":{"coordinates":[126.8071229,37.5745483],"type":"Point"},"id":"A15785605","properties":{"coordinate_status":"provider_xy_crs_unconfirmed","households":250,"kapt_code":"A15785605","name":"방화9단지","property_aptseq_join":"not_established","source_id":"seoul-openaptinfo"},"type":"Feature"},{"geometry":{"coordinates":[126.8125423,37.5809671],"type":"Point"},"id":"A15785608","properties":{"coordinate_status":"provider_xy_crs_unconfirmed","households":462,"kapt_code":"A15785608","name":"방화동 개화아파트","property_aptseq_join":"not_established","source_id":"seoul-openaptinfo"},"type":"Feature"},{"geometry":{"coordinates":[126.8108332,37.5786033],"type":"Point"},"id":"A15785612","properties":{"coordinate_status":"provider_xy_crs_unconfirmed","households":1000,"kapt_code":"A15785612","name":"방화6단지","property_aptseq_join":"not_established","source_id":"seoul-openaptinfo"},"type":"Feature"},{"geometry":{"coordinates":[126.8103825,37.5770617],"type":"Point"},"id":"A15785613","properties":{"coordinate_status":"provider_xy_crs_unconfirmed","households":1372,"kapt_code":"A15785613","name":"방화5단지","property_aptseq_join":"not_established","source_id":"seoul-openaptinfo"},"type":"Feature"},{"geometry":{"coordinates":[126.8175188,37.5771877],"type":"Point"},"id":"A15785703","properties":{"coordinate_status":"provider_xy_crs_unconfirmed","households":206,"kapt_code":"A15785703","name":"마곡한숲대림아파트","property_aptseq_join":"not_established","source_id":"seoul-openaptinfo"},"type":"Feature"},{"geometry":{"coordinates":[126.8127261,37.5757615],"type":"Point"},"id":"A15785709","properties":{"coordinate_status":"provider_xy_crs_unconfirmed","households":488,"kapt_code":"A15785709","name":"방화청솔3단지","property_aptseq_join":"not_established","source_id":"seoul-openaptinfo"},"type":"Feature"},{"geometry":{"coordinates":[126.8141297,37.5773423],"type":"Point"},"id":"A15785710","properties":{"coordinate_status":"provider_xy_crs_unconfirmed","households":680,"kapt_code":"A15785710","name":"방화4단지(삼익삼환)","property_aptseq_join":"not_established","source_id":"seoul-openaptinfo"},"type":"Feature"},{"geometry":{"coordinates":[126.8195884,37.5746696],"type":"Point"},"id":"A15785711","properties":{"coordinate_status":"provider_xy_crs_unconfirmed","households":984,"kapt_code":"A15785711","name":"방화2-2 그린","property_aptseq_join":"not_established","source_id":"seoul-openaptinfo"},"type":"Feature"},{"geometry":{"coordinates":[126.8703134,37.5555744],"type":"Point"},"id":"A15785919","properties":{"coordinate_status":"provider_xy_crs_unconfirmed","households":339,"kapt_code":"A15785919","name":"염창우성1차","property_aptseq_join":"not_established","source_id":"seoul-openaptinfo"},"type":"Feature"},{"geometry":{"coordinates":[126.8722863,37.5515375],"type":"Point"},"id":"A15786104","properties":{"coordinate_status":"provider_xy_crs_unconfirmed","households":178,"kapt_code":"A15786104","name":"삼성하나로","property_aptseq_join":"unique_official_road_address_and_name","property_complex_id":"molit-apt:11500:11500-15","property_release_id":"property-eea48453a819f517","source_id":"seoul-openaptinfo"},"type":"Feature"},{"geometry":{"coordinates":[126.8712384,37.5529493],"type":"Point"},"id":"A15786111","properties":{"coordinate_status":"provider_xy_crs_unconfirmed","households":249,"kapt_code":"A15786111","name":"염창극동","property_aptseq_join":"not_established","source_id":"seoul-openaptinfo"},"type":"Feature"},{"geometry":{"coordinates":[126.8651494,37.5563047],"type":"Point"},"id":"A15786116","properties":{"coordinate_status":"provider_xy_crs_unconfirmed","households":290,"kapt_code":"A15786116","name":"염창금호","property_aptseq_join":"not_established","source_id":"seoul-openaptinfo"},"type":"Feature"},{"geometry":{"coordinates":[126.8682816,37.554476],"type":"Point"},"id":"A15786118","properties":{"coordinate_status":"provider_xy_crs_unconfirmed","households":330,"kapt_code":"A15786118","name":"염창한마음삼성","property_aptseq_join":"not_established","source_id":"seoul-openaptinfo"},"type":"Feature"},{"geometry":{"coordinates":[127.0144609,37.5464825],"type":"Point"},"id":"A15786213","properties":{"coordinate_status":"provider_xy_crs_unconfirmed","households":273,"kapt_code":"A15786213","name":"염창무학","property_aptseq_join":"not_established","source_id":"seoul-openaptinfo"},"type":"Feature"},{"geometry":{"coordinates":[126.874488,37.5488942],"type":"Point"},"id":"A15786222","properties":{"coordinate_status":"provider_xy_crs_unconfirmed","households":356,"kapt_code":"A15786222","name":"염창태진한솔","property_aptseq_join":"not_established","source_id":"seoul-openaptinfo"},"type":"Feature"},{"geometry":{"coordinates":[126.8776792,37.549794],"type":"Point"},"id":"A15786227","properties":{"coordinate_status":"provider_xy_crs_unconfirmed","households":570,"kapt_code":"A15786227","name":"염창동아3차","property_aptseq_join":"not_established","source_id":"seoul-openaptinfo"},"type":"Feature"},{"geometry":{"coordinates":[126.8721249,37.5488684],"type":"Point"},"id":"A15786312","properties":{"coordinate_status":"provider_xy_crs_unconfirmed","households":256,"kapt_code":"A15786312","name":"염창극동상록수","property_aptseq_join":"not_established","source_id":"seoul-openaptinfo"},"type":"Feature"},{"geometry":{"coordinates":[126.8672037,37.553393],"type":"Point"},"id":"A15786314","properties":{"coordinate_status":"provider_xy_crs_unconfirmed","households":277,"kapt_code":"A15786314","name":"염창태영송화","property_aptseq_join":"not_established","source_id":"seoul-openaptinfo"},"type":"Feature"},{"geometry":{"coordinates":[126.8694898,37.5525192],"type":"Point"},"id":"A15786321","properties":{"coordinate_status":"provider_xy_crs_unconfirmed","households":350,"kapt_code":"A15786321","name":"염창관음삼성","property_aptseq_join":"not_established","source_id":"seoul-openaptinfo"},"type":"Feature"},{"geometry":{"coordinates":[126.8695201,37.5556867],"type":"Point"},"id":"A15786405","properties":{"coordinate_status":"provider_xy_crs_unconfirmed","households":186,"kapt_code":"A15786405","name":"염창우성2차","property_aptseq_join":"not_established","source_id":"seoul-openaptinfo"},"type":"Feature"},{"geometry":{"coordinates":[126.8751245,37.5476791],"type":"Point"},"id":"A15786408","properties":{"coordinate_status":"provider_xy_crs_unconfirmed","households":206,"kapt_code":"A15786408","name":"삼정그린코아","property_aptseq_join":"unique_official_road_address_and_name","property_complex_id":"molit-apt:11500:11500-18","property_release_id":"property-eea48453a819f517","source_id":"seoul-openaptinfo"},"type":"Feature"},{"geometry":{"coordinates":[126.869209,37.5551935],"type":"Point"},"id":"A15786420","properties":{"coordinate_status":"provider_xy_crs_unconfirmed","households":348,"kapt_code":"A15786420","name":"염창신동아","property_aptseq_join":"not_established","source_id":"seoul-openaptinfo"},"type":"Feature"},{"geometry":{"coordinates":[126.8731525,37.5481893],"type":"Point"},"id":"A15786424","properties":{"coordinate_status":"provider_xy_crs_unconfirmed","households":422,"kapt_code":"A15786424","name":"염창한화꿈에그린","property_aptseq_join":"not_established","source_id":"seoul-openaptinfo"},"type":"Feature"},{"geometry":{"coordinates":[126.8751623,37.5528062],"type":"Point"},"id":"A15786426","properties":{"coordinate_status":"provider_xy_crs_unconfirmed","households":498,"kapt_code":"A15786426","name":"염창현대1차","property_aptseq_join":"not_established","source_id":"seoul-openaptinfo"},"type":"Feature"},{"geometry":{"coordinates":[126.8742629,37.5540431],"type":"Point"},"id":"A15786510","properties":{"coordinate_status":"provider_xy_crs_unconfirmed","households":212,"kapt_code":"A15786510","name":"염창한강동아(2차)","property_aptseq_join":"not_established","source_id":"seoul-openaptinfo"},"type":"Feature"},{"geometry":{"coordinates":[126.8437889,37.5355465],"type":"Point"},"id":"A15788203","properties":{"coordinate_status":"provider_xy_crs_unconfirmed","households":473,"kapt_code":"A15788203","name":"화곡중앙하이츠","property_aptseq_join":"not_established","source_id":"seoul-openaptinfo"},"type":"Feature"},{"geometry":{"coordinates":[126.8373402,37.5336644],"type":"Point"},"id":"A15788302","properties":{"coordinate_status":"provider_xy_crs_unconfirmed","households":416,"kapt_code":"A15788302","name":"화곡대림아파트","property_aptseq_join":"not_established","source_id":"seoul-openaptinfo"},"type":"Feature"},{"geometry":{"coordinates":[126.8447262,37.5360506],"type":"Point"},"id":"A15788901","properties":{"coordinate_status":"provider_xy_crs_unconfirmed","households":228,"kapt_code":"A15788901","name":"화곡미성","property_aptseq_join":"not_established","source_id":"seoul-openaptinfo"},"type":"Feature"},{"geometry":{"coordinates":[126.8434354,37.5301491],"type":"Point"},"id":"A15791001","properties":{"coordinate_status":"provider_xy_crs_unconfirmed","households":225,"kapt_code":"A15791001","name":"화곡유림노르웨이숲","property_aptseq_join":"not_established","source_id":"seoul-openaptinfo"},"type":"Feature"},{"geometry":{"coordinates":[126.8313603,37.5446962],"type":"Point"},"id":"A15792602","properties":{"coordinate_status":"provider_xy_crs_unconfirmed","households":2176,"kapt_code":"A15792602","name":"화곡푸르지오","property_aptseq_join":"unique_official_road_address_and_name","property_complex_id":"molit-apt:11500:11500-120","property_release_id":"property-eea48453a819f517","source_id":"seoul-openaptinfo"},"type":"Feature"},{"geometry":{"coordinates":[126.8816546,37.5414628],"type":"Point"},"id":"A15805002","properties":{"coordinate_status":"provider_xy_crs_unconfirmed","households":1512,"kapt_code":"A15805002","name":"목동한신청구","property_aptseq_join":"not_established","source_id":"seoul-openaptinfo"},"type":"Feature"},{"geometry":{"coordinates":[126.8714975,37.5341913],"type":"Point"},"id":"A15805003","properties":{"coordinate_status":"provider_xy_crs_unconfirmed","households":1588,"kapt_code":"A15805003","name":"목동3단지","property_aptseq_join":"not_established","source_id":"seoul-openaptinfo"},"type":"Feature"},{"geometry":{"coordinates":[126.8650937,37.5285923],"type":"Point"},"id":"A15805101","properties":{"coordinate_status":"provider_xy_crs_unconfirmed","households":154,"kapt_code":"A15805101","name":"목동대원칸타빌","property_aptseq_join":"not_established","source_id":"seoul-openaptinfo"},"type":"Feature"},{"geometry":{"coordinates":[126.8650035,37.528994],"type":"Point"},"id":"A15805102","properties":{"coordinate_status":"provider_xy_crs_unconfirmed","households":171,"kapt_code":"A15805102","name":"목동현대아이파크","property_aptseq_join":"not_established","source_id":"seoul-openaptinfo"},"type":"Feature"},{"geometry":{"coordinates":[126.8693341,37.5264032],"type":"Point"},"id":"A15805105","properties":{"coordinate_status":"provider_xy_crs_unconfirmed","households":200,"kapt_code":"A15805105","name":"목동성원","property_aptseq_join":"not_established","source_id":"seoul-openaptinfo"},"type":"Feature"},{"geometry":{"coordinates":[126.8746806,37.523805],"type":"Point"},"id":"A15805109","properties":{"coordinate_status":"provider_xy_crs_unconfirmed","households":262,"kapt_code":"A15805109","name":"목동대림2차","property_aptseq_join":"not_established","source_id":"seoul-openaptinfo"},"type":"Feature"},{"geometry":{"coordinates":[126.870491,37.524211],"type":"Point"},"id":"A15805111","properties":{"coordinate_status":"provider_xy_crs_unconfirmed","households":576,"kapt_code":"A15805111","name":"목동현대하이페리온2차","property_aptseq_join":"not_established","source_id":"seoul-openaptinfo"},"type":"Feature"},{"geometry":{"coordinates":[126.8750345,37.5268536],"type":"Point"},"id":"A15805114","properties":{"coordinate_status":"provider_xy_crs_unconfirmed","households":466,"kapt_code":"A15805114","name":"목동현대하이페리온","property_aptseq_join":"not_established","source_id":"seoul-openaptinfo"},"type":"Feature"},{"geometry":{"coordinates":[126.869144,37.5290303],"type":"Point"},"id":"A15805115","properties":{"coordinate_status":"provider_xy_crs_unconfirmed","households":2550,"kapt_code":"A15805115","name":"목동7단지","property_aptseq_join":"not_established","source_id":"seoul-openaptinfo"},"type":"Feature"},{"geometry":{"coordinates":[126.8711933,37.5394083],"type":"Point"},"id":"A15805202","properties":{"coordinate_status":"provider_xy_crs_unconfirmed","households":276,"kapt_code":"A15805202","name":"목동e-편한세상","property_aptseq_join":"not_established","source_id":"seoul-openaptinfo"},"type":"Feature"},{"geometry":{"coordinates":[126.8728085,37.5419755],"type":"Point"},"id":"A15805203","properties":{"coordinate_status":"provider_xy_crs_unconfirmed","households":299,"kapt_code":"A15805203","name":"목동건영","property_aptseq_join":"not_established","source_id":"seoul-openaptinfo"},"type":"Feature"},{"geometry":{"coordinates":[126.8822116,37.536731],"type":"Point"},"id":"A15805301","properties":{"coordinate_status":"provider_xy_crs_unconfirmed","households":276,"kapt_code":"A15805301","name":"목동부영그린타운3차","property_aptseq_join":"not_established","source_id":"seoul-openaptinfo"},"type":"Feature"},{"geometry":{"coordinates":[126.8634813,37.5427613],"type":"Point"},"id":"A15805302","properties":{"coordinate_status":"provider_xy_crs_unconfirmed","households":423,"kapt_code":"A15805302","name":"목동2차성원아파트","property_aptseq_join":"not_established","source_id":"seoul-openaptinfo"},"type":"Feature"},{"geometry":{"coordinates":[126.8672368,37.546889],"type":"Point"},"id":"A15805303","properties":{"coordinate_status":"provider_xy_crs_unconfirmed","households":1067,"kapt_code":"A15805303","name":"목동롯데캐슬위너","property_aptseq_join":"not_established","source_id":"seoul-openaptinfo"},"type":"Feature"},{"geometry":{"coordinates":[126.8678104,37.5336997],"type":"Point"},"id":"A15805403","properties":{"coordinate_status":"provider_xy_crs_unconfirmed","households":371,"kapt_code":"A15805403","name":"목동금호어울림","property_aptseq_join":"not_established","source_id":"seoul-openaptinfo"},"type":"Feature"},{"geometry":{"coordinates":[126.8668586,37.5321007],"type":"Point"},"id":"A15805404","properties":{"coordinate_status":"provider_xy_crs_unconfirmed","households":511,"kapt_code":"A15805404","name":"목동대원칸타빌2,3단지","property_aptseq_join":"not_established","source_id":"seoul-openaptinfo"},"type":"Feature"},{"geometry":{"coordinates":[126.8811222,37.5363537],"type":"Point"},"id":"A15805501","properties":{"coordinate_status":"provider_xy_crs_unconfirmed","households":240,"kapt_code":"A15805501","name":"목동부영그린타운2차","property_aptseq_join":"not_established","source_id":"seoul-openaptinfo"},"type":"Feature"},{"geometry":{"coordinates":[126.8767997,37.5321823],"type":"Point"},"id":"A15805502","properties":{"coordinate_status":"provider_xy_crs_unconfirmed","households":321,"kapt_code":"A15805502","name":"목동트윈빌","property_aptseq_join":"unique_official_road_address_and_name","property_complex_id":"molit-apt:11470:11470-24","property_release_id":"property-eea48453a819f517","source_id":"seoul-openaptinfo"},"type":"Feature"},{"geometry":{"coordinates":[126.8711975,37.5320037],"type":"Point"},"id":"A15805503","properties":{"coordinate_status":"provider_xy_crs_unconfirmed","households":1382,"kapt_code":"A15805503","name":"목동4단지","property_aptseq_join":"not_established","source_id":"seoul-openaptinfo"},"type":"Feature"},{"geometry":{"coordinates":[126.8829057,37.5332441],"type":"Point"},"id":"A15805504","properties":{"coordinate_status":"provider_xy_crs_unconfirmed","households":1848,"kapt_code":"A15805504","name":"목동5단지","property_aptseq_join":"not_established","source_id":"seoul-openaptinfo"},"type":"Feature"},{"geometry":{"coordinates":[126.8715119,37.5181266],"type":"Point"},"id":"A15807001","properties":{"coordinate_status":"provider_xy_crs_unconfirmed","households":292,"kapt_code":"A15807001","name":"경남아너스빌","property_aptseq_join":"unique_official_road_address_and_name","property_complex_id":"molit-apt:11470:11470-247","property_release_id":"property-eea48453a819f517","source_id":"seoul-openaptinfo"},"type":"Feature"},{"geometry":{"coordinates":[126.8548469,37.5141589],"type":"Point"},"id":"A15807002","properties":{"coordinate_status":"provider_xy_crs_unconfirmed","households":997,"kapt_code":"A15807002","name":"신트리1단지","property_aptseq_join":"not_established","source_id":"seoul-openaptinfo"},"type":"Feature"},{"geometry":{"coordinates":[126.8333166,37.5107745],"type":"Point"},"id":"A15807003","properties":{"coordinate_status":"provider_xy_crs_unconfirmed","households":238,"kapt_code":"A15807003","name":"신정이펜하우스5단지","property_aptseq_join":"not_established","source_id":"seoul-openaptinfo"},"type":"Feature"},{"geometry":{"coordinates":[126.8298689,37.5107697],"type":"Point"},"id":"A15807004","properties":{"coordinate_status":"provider_xy_crs_unconfirmed","households":546,"kapt_code":"A15807004","name":"신정이펜하우스4단지","property_aptseq_join":"not_established","source_id":"seoul-openaptinfo"},"type":"Feature"},{"geometry":{"coordinates":[126.8613466,37.5187044],"type":"Point"},"id":"A15807101","properties":{"coordinate_status":"provider_xy_crs_unconfirmed","households":2030,"kapt_code":"A15807101","name":"목동9단지","property_aptseq_join":"not_established","source_id":"seoul-openaptinfo"},"type":"Feature"},{"geometry":{"coordinates":[126.8723424,37.5188309],"type":"Point"},"id":"A15807202","properties":{"coordinate_status":"provider_xy_crs_unconfirmed","households":205,"kapt_code":"A15807202","name":"신정명지해드는터","property_aptseq_join":"not_established","source_id":"seoul-openaptinfo"},"type":"Feature"},{"geometry":{"coordinates":[126.8744771,37.5171463],"type":"Point"},"id":"A15807204","properties":{"coordinate_status":"provider_xy_crs_unconfirmed","households":217,"kapt_code":"A15807204","name":"신정현대","property_aptseq_join":"not_established","source_id":"seoul-openaptinfo"},"type":"Feature"},{"geometry":{"coordinates":[126.874888,37.5198784],"type":"Point"},"id":"A15807205","properties":{"coordinate_status":"provider_xy_crs_unconfirmed","households":230,"kapt_code":"A15807205","name":"롯데캐슬","property_aptseq_join":"unique_official_road_address_and_name","property_complex_id":"molit-apt:11470:11470-248","property_release_id":"property-eea48453a819f517","source_id":"seoul-openaptinfo"},"type":"Feature"},{"geometry":{"coordinates":[126.8763711,37.5157638],"type":"Point"},"id":"A15807208","properties":{"coordinate_status":"provider_xy_crs_unconfirmed","households":420,"kapt_code":"A15807208","name":"목동삼성래미안","property_aptseq_join":"not_established","source_id":"seoul-openaptinfo"},"type":"Feature"},{"geometry":{"coordinates":[126.8721471,37.5215628],"type":"Point"},"id":"A15807210","properties":{"coordinate_status":"provider_xy_crs_unconfirmed","households":590,"kapt_code":"A15807210","name":"신정동아이파크","property_aptseq_join":"not_established","source_id":"seoul-openaptinfo"},"type":"Feature"},{"geometry":{"coordinates":[126.8772093,37.520151],"type":"Point"},"id":"A15807211","properties":{"coordinate_status":"provider_xy_crs_unconfirmed","households":972,"kapt_code":"A15807211","name":"목동현대아파트","property_aptseq_join":"not_established","source_id":"seoul-openaptinfo"},"type":"Feature"},{"geometry":{"coordinates":[126.8431245,37.5125102],"type":"Point"},"id":"A15807306","properties":{"coordinate_status":"provider_xy_crs_unconfirmed","households":391,"kapt_code":"A15807306","name":"신정e-편한세상","property_aptseq_join":"not_established","source_id":"seoul-openaptinfo"},"type":"Feature"},{"geometry":{"coordinates":[126.8530425,37.5119316],"type":"Point"},"id":"A15807311","properties":{"coordinate_status":"provider_xy_crs_unconfirmed","households":537,"kapt_code":"A15807311","name":"신트리3단지","property_aptseq_join":"not_established","source_id":"seoul-openaptinfo"},"type":"Feature"},{"geometry":{"coordinates":[126.852873,37.5132996],"type":"Point"},"id":"A15807313","properties":{"coordinate_status":"provider_xy_crs_unconfirmed","households":698,"kapt_code":"A15807313","name":"신트리2단지","property_aptseq_join":"not_established","source_id":"seoul-openaptinfo"},"type":"Feature"},{"geometry":{"coordinates":[126.8391532,37.5119294],"type":"Point"},"id":"A15807315","properties":{"coordinate_status":"provider_xy_crs_unconfirmed","households":770,"kapt_code":"A15807315","name":"신정동일하이빌","property_aptseq_join":"not_established","source_id":"seoul-openaptinfo"},"type":"Feature"},{"geometry":{"coordinates":[126.850046,37.5110396],"type":"Point"},"id":"A15807316","properties":{"coordinate_status":"provider_xy_crs_unconfirmed","households":845,"kapt_code":"A15807316","name":"신트리4단지","property_aptseq_join":"not_established","source_id":"seoul-openaptinfo"},"type":"Feature"},{"geometry":{"coordinates":[126.8704458,37.5216391],"type":"Point"},"id":"A15807601","properties":{"coordinate_status":"provider_xy_crs_unconfirmed","households":170,"kapt_code":"A15807601","name":"목동삼성쉐르빌2차","property_aptseq_join":"not_established","source_id":"seoul-openaptinfo"},"type":"Feature"},{"geometry":{"coordinates":[126.8704315,37.522674],"type":"Point"},"id":"A15807603","properties":{"coordinate_status":"provider_xy_crs_unconfirmed","households":312,"kapt_code":"A15807603","name":"삼성쉐르빌1 아파트","property_aptseq_join":"not_established","source_id":"seoul-openaptinfo"},"type":"Feature"},{"geometry":{"coordinates":[126.8683514,37.5218999],"type":"Point"},"id":"A15807604","properties":{"coordinate_status":"provider_xy_crs_unconfirmed","households":1352,"kapt_code":"A15807604","name":"목동8단지","property_aptseq_join":"not_established","source_id":"seoul-openaptinfo"},"type":"Feature"},{"geometry":{"coordinates":[126.8650104,37.514173],"type":"Point"},"id":"A15807605","properties":{"coordinate_status":"provider_xy_crs_unconfirmed","households":2280,"kapt_code":"A15807605","name":"목동13단지","property_aptseq_join":"not_established","source_id":"seoul-openaptinfo"},"type":"Feature"},{"geometry":{"coordinates":[126.8713633,37.5151892],"type":"Point"},"id":"A15807606","properties":{"coordinate_status":"provider_xy_crs_unconfirmed","households":3100,"kapt_code":"A15807606","name":"목동14단지","property_aptseq_join":"not_established","source_id":"seoul-openaptinfo"},"type":"Feature"},{"geometry":{"coordinates":[126.863636,37.5070747],"type":"Point"},"id":"A15807701","properties":{"coordinate_status":"provider_xy_crs_unconfirmed","households":326,"kapt_code":"A15807701","name":"신정세양청마루","property_aptseq_join":"not_established","source_id":"seoul-openaptinfo"},"type":"Feature"},{"geometry":{"coordinates":[126.8682994,37.5104913],"type":"Point"},"id":"A15807702","properties":{"coordinate_status":"provider_xy_crs_unconfirmed","households":353,"kapt_code":"A15807702","name":"목동2차삼성래미안","property_aptseq_join":"not_established","source_id":"seoul-openaptinfo"},"type":"Feature"},{"geometry":{"coordinates":[126.8666378,37.5077521],"type":"Point"},"id":"A15807703","properties":{"coordinate_status":"provider_xy_crs_unconfirmed","households":1140,"kapt_code":"A15807703","name":"목동2차우성","property_aptseq_join":"not_established","source_id":"seoul-openaptinfo"},"type":"Feature"},{"geometry":{"coordinates":[126.865232,37.5062043],"type":"Point"},"id":"A15807704","properties":{"coordinate_status":"provider_xy_crs_unconfirmed","households":1140,"kapt_code":"A15807704","name":"목동2차우성임대","property_aptseq_join":"not_established","source_id":"seoul-openaptinfo"},"type":"Feature"},{"geometry":{"coordinates":[126.859448,37.511398],"type":"Point"},"id":"A15807705","properties":{"coordinate_status":"provider_xy_crs_unconfirmed","households":1595,"kapt_code":"A15807705","name":"목동11단지","property_aptseq_join":"not_established","source_id":"seoul-openaptinfo"},"type":"Feature"},{"geometry":{"coordinates":[126.8623246,37.5132319],"type":"Point"},"id":"A15807706","properties":{"coordinate_status":"provider_xy_crs_unconfirmed","households":1860,"kapt_code":"A15807706","name":"목동12단지","property_aptseq_join":"not_established","source_id":"seoul-openaptinfo"},"type":"Feature"},{"geometry":{"coordinates":[126.8632848,37.5099235],"type":"Point"},"id":"A15807707","properties":{"coordinate_status":"provider_xy_crs_unconfirmed","households":2998,"kapt_code":"A15807707","name":"신정양천","property_aptseq_join":"not_established","source_id":"seoul-openaptinfo"},"type":"Feature"},{"geometry":{"coordinates":[126.8384999,37.5204711],"type":"Point"},"id":"A15809001","properties":{"coordinate_status":"provider_xy_crs_unconfirmed","households":150,"kapt_code":"A15809001","name":"신월대방샤인힐","property_aptseq_join":"not_established","source_id":"seoul-openaptinfo"},"type":"Feature"},{"geometry":{"coordinates":[126.8304576,37.5159445],"type":"Point"},"id":"A15809002","properties":{"coordinate_status":"provider_xy_crs_unconfirmed","households":471,"kapt_code":"A15809002","name":"신정이펜하우스2단지","property_aptseq_join":"not_established","source_id":"seoul-openaptinfo"},"type":"Feature"},{"geometry":{"coordinates":[126.8468136,37.51794],"type":"Point"},"id":"A15809201","properties":{"coordinate_status":"provider_xy_crs_unconfirmed","households":182,"kapt_code":"A15809201","name":"신도신월1차","property_aptseq_join":"unique_official_road_address_and_name","property_complex_id":"molit-apt:11470:11470-332","property_release_id":"property-eea48453a819f517","source_id":"seoul-openaptinfo"},"type":"Feature"},{"geometry":{"coordinates":[126.8369039,37.5243291],"type":"Point"},"id":"A15809401","properties":{"coordinate_status":"provider_xy_crs_unconfirmed","households":169,"kapt_code":"A15809401","name":"신월2차보람쉬움","property_aptseq_join":"unique_official_road_address_and_name","property_complex_id":"molit-apt:11470:11470-345","property_release_id":"property-eea48453a819f517","source_id":"seoul-openaptinfo"},"type":"Feature"},{"geometry":{"coordinates":[126.8385961,37.5228362],"type":"Point"},"id":"A15809402","properties":{"coordinate_status":"provider_xy_crs_unconfirmed","households":236,"kapt_code":"A15809402","name":"신월삼정그린뷰","property_aptseq_join":"not_established","source_id":"seoul-openaptinfo"},"type":"Feature"},{"geometry":{"coordinates":[126.8405541,37.5198801],"type":"Point"},"id":"A15809403","properties":{"coordinate_status":"provider_xy_crs_unconfirmed","households":283,"kapt_code":"A15809403","name":"신월대성유니드","property_aptseq_join":"not_established","source_id":"seoul-openaptinfo"},"type":"Feature"},{"geometry":{"coordinates":[126.8284979,37.5445455],"type":"Point"},"id":"A15809502","properties":{"coordinate_status":"provider_xy_crs_unconfirmed","households":215,"kapt_code":"A15809502","name":"수명산롯데캐슬","property_aptseq_join":"unique_official_road_address_and_name","property_complex_id":"molit-apt:11470:11470-4305","property_release_id":"property-eea48453a819f517","source_id":"seoul-openaptinfo"},"type":"Feature"},{"geometry":{"coordinates":[126.8426052,37.5144203],"type":"Point"},"id":"A15809601","properties":{"coordinate_status":"provider_xy_crs_unconfirmed","households":189,"kapt_code":"A15809601","name":"신월대주파크빌","property_aptseq_join":"not_established","source_id":"seoul-openaptinfo"},"type":"Feature"},{"geometry":{"coordinates":[126.8425224,37.513351],"type":"Point"},"id":"A15809603","properties":{"coordinate_status":"provider_xy_crs_unconfirmed","households":444,"kapt_code":"A15809603","name":"벽산블루밍1단지,2단지","property_aptseq_join":"not_established","source_id":"seoul-openaptinfo"},"type":"Feature"},{"geometry":{"coordinates":[126.8295859,37.5233774],"type":"Point"},"id":"A15809702","properties":{"coordinate_status":"provider_xy_crs_unconfirmed","households":485,"kapt_code":"A15809702","name":"신월신안파크","property_aptseq_join":"not_established","source_id":"seoul-openaptinfo"},"type":"Feature"},{"geometry":{"coordinates":[126.8702493,37.5254967],"type":"Point"},"id":"A15870101","properties":{"coordinate_status":"provider_xy_crs_unconfirmed","households":522,"kapt_code":"A15870101","name":"목동트라팰리스","property_aptseq_join":"not_established","source_id":"seoul-openaptinfo"},"type":"Feature"},{"geometry":{"coordinates":[126.8777861,37.5231682],"type":"Point"},"id":"A15870102","properties":{"coordinate_status":"provider_xy_crs_unconfirmed","households":542,"kapt_code":"A15870102","name":"목동현대A","property_aptseq_join":"not_established","source_id":"seoul-openaptinfo"},"type":"Feature"},{"geometry":{"coordinates":[126.8272849,37.5148377],"type":"Point"},"id":"A15870701","properties":{"coordinate_status":"provider_xy_crs_unconfirmed","households":466,"kapt_code":"A15870701","name":"신정이펜하우스1단지(총세대 기준)","property_aptseq_join":"not_established","source_id":"seoul-openaptinfo"},"type":"Feature"},{"geometry":{"coordinates":[126.8587497,37.5165011],"type":"Point"},"id":"A15873701","properties":{"coordinate_status":"provider_xy_crs_unconfirmed","households":2160,"kapt_code":"A15873701","name":"목동10단지","property_aptseq_join":"not_established","source_id":"seoul-openaptinfo"},"type":"Feature"},{"geometry":{"coordinates":[126.8643152,37.5054476],"type":"Point"},"id":"A15873902","properties":{"coordinate_status":"provider_xy_crs_unconfirmed","households":241,"kapt_code":"A15873902","name":"양천중앙하이츠","property_aptseq_join":"not_established","source_id":"seoul-openaptinfo"},"type":"Feature"},{"geometry":{"coordinates":[126.880561,37.5392044],"type":"Point"},"id":"A15875101","properties":{"coordinate_status":"provider_xy_crs_unconfirmed","households":1882,"kapt_code":"A15875101","name":"목동1단지","property_aptseq_join":"not_established","source_id":"seoul-openaptinfo"},"type":"Feature"},{"geometry":{"coordinates":[126.8762201,37.5374403],"type":"Point"},"id":"A15875102","properties":{"coordinate_status":"provider_xy_crs_unconfirmed","households":1640,"kapt_code":"A15875102","name":"목동2단지","property_aptseq_join":"not_established","source_id":"seoul-openaptinfo"},"type":"Feature"},{"geometry":{"coordinates":[126.8850851,37.5350632],"type":"Point"},"id":"A15875103","properties":{"coordinate_status":"provider_xy_crs_unconfirmed","households":1362,"kapt_code":"A15875103","name":"목동신시가지 6단지아파트","property_aptseq_join":"not_established","source_id":"seoul-openaptinfo"},"type":"Feature"},{"geometry":{"coordinates":[126.8766622,37.5181305],"type":"Point"},"id":"A15876401","properties":{"coordinate_status":"provider_xy_crs_unconfirmed","households":564,"kapt_code":"A15876401","name":"서울주택도시공사 목동현대B 임대아파트","property_aptseq_join":"not_established","source_id":"seoul-openaptinfo"},"type":"Feature"},{"geometry":{"coordinates":[126.8762766,37.5171091],"type":"Point"},"id":"A15876402","properties":{"coordinate_status":"provider_xy_crs_unconfirmed","households":506,"kapt_code":"A15876402","name":"신정삼성SH임대","property_aptseq_join":"not_established","source_id":"seoul-openaptinfo"},"type":"Feature"},{"geometry":{"coordinates":[126.8240316,37.5341093],"type":"Point"},"id":"A15878601","properties":{"coordinate_status":"provider_xy_crs_unconfirmed","households":155,"kapt_code":"A15878601","name":"금하뜨라네","property_aptseq_join":"unique_official_road_address_and_name","property_complex_id":"molit-apt:11470:11470-4322","property_release_id":"property-eea48453a819f517","source_id":"seoul-openaptinfo"},"type":"Feature"},{"geometry":{"coordinates":[126.8362128,37.5126705],"type":"Point"},"id":"A15879501","properties":{"coordinate_status":"provider_xy_crs_unconfirmed","households":500,"kapt_code":"A15879501","name":"신정푸른마을1단지임대","property_aptseq_join":"not_established","source_id":"seoul-openaptinfo"},"type":"Feature"},{"geometry":{"coordinates":[126.8317714,37.5117701],"type":"Point"},"id":"A15879502","properties":{"coordinate_status":"provider_xy_crs_unconfirmed","households":1339,"kapt_code":"A15879502","name":"신정이펜하우스3단지","property_aptseq_join":"not_established","source_id":"seoul-openaptinfo"},"type":"Feature"},{"geometry":{"coordinates":[126.8755033,37.5413035],"type":"Point"},"id":"A15880204","properties":{"coordinate_status":"provider_xy_crs_unconfirmed","households":332,"kapt_code":"A15880204","name":"목동우성","property_aptseq_join":"not_established","source_id":"seoul-openaptinfo"},"type":"Feature"},{"geometry":{"coordinates":[126.8683758,37.5450018],"type":"Point"},"id":"A15880905","properties":{"coordinate_status":"provider_xy_crs_unconfirmed","households":495,"kapt_code":"A15880905","name":"목동금호베스트빌","property_aptseq_join":"unique_official_road_address_and_name","property_complex_id":"molit-apt:11470:11470-7","property_release_id":"property-eea48453a819f517","source_id":"seoul-openaptinfo"},"type":"Feature"},{"geometry":{"coordinates":[126.8714519,37.5385437],"type":"Point"},"id":"A15881601","properties":{"coordinate_status":"provider_xy_crs_unconfirmed","households":206,"kapt_code":"A15881601","name":"목동극동늘푸른","property_aptseq_join":"not_established","source_id":"seoul-openaptinfo"},"type":"Feature"},{"geometry":{"coordinates":[126.8714021,37.5380526],"type":"Point"},"id":"A15881701","properties":{"coordinate_status":"provider_xy_crs_unconfirmed","households":153,"kapt_code":"A15881701","name":"목동금강에스쁘아","property_aptseq_join":"not_established","source_id":"seoul-openaptinfo"},"type":"Feature"},{"geometry":{"coordinates":[126.8699072,37.5358469],"type":"Point"},"id":"A15881702","properties":{"coordinate_status":"provider_xy_crs_unconfirmed","households":155,"kapt_code":"A15881702","name":"목동성원","property_aptseq_join":"unique_official_road_address_and_name","property_complex_id":"molit-apt:11470:11470-15","property_release_id":"property-eea48453a819f517","source_id":"seoul-openaptinfo"},"type":"Feature"},{"geometry":{"coordinates":[126.8717412,37.5234632],"type":"Point"},"id":"A15882006","properties":{"coordinate_status":"provider_xy_crs_unconfirmed","households":209,"kapt_code":"A15882006","name":"목동현대2차","property_aptseq_join":"not_established","source_id":"seoul-openaptinfo"},"type":"Feature"},{"geometry":{"coordinates":[126.8727061,37.5259957],"type":"Point"},"id":"A15882008","properties":{"coordinate_status":"provider_xy_crs_unconfirmed","households":242,"kapt_code":"A15882008","name":"목동현대1차","property_aptseq_join":"not_established","source_id":"seoul-openaptinfo"},"type":"Feature"},{"geometry":{"coordinates":[126.8766127,37.5228287],"type":"Point"},"id":"A15882010","properties":{"coordinate_status":"provider_xy_crs_unconfirmed","households":277,"kapt_code":"A15882010","name":"목동삼익","property_aptseq_join":"not_established","source_id":"seoul-openaptinfo"},"type":"Feature"},{"geometry":{"coordinates":[126.873797,37.5256697],"type":"Point"},"id":"A15882103","properties":{"coordinate_status":"provider_xy_crs_unconfirmed","households":179,"kapt_code":"A15882103","name":"목동진도2차","property_aptseq_join":"not_established","source_id":"seoul-openaptinfo"},"type":"Feature"},{"geometry":{"coordinates":[126.868592,37.5244455],"type":"Point"},"id":"A15882104","properties":{"coordinate_status":"provider_xy_crs_unconfirmed","households":183,"kapt_code":"A15882104","name":"목동진도아파트","property_aptseq_join":"not_established","source_id":"seoul-openaptinfo"},"type":"Feature"},{"geometry":{"coordinates":[126.8746695,37.5252791],"type":"Point"},"id":"A15882107","properties":{"coordinate_status":"provider_xy_crs_unconfirmed","households":224,"kapt_code":"A15882107","name":"목동금호1차","property_aptseq_join":"not_established","source_id":"seoul-openaptinfo"},"type":"Feature"},{"geometry":{"coordinates":[126.8293478,37.5440478],"type":"Point"},"id":"A15882201","properties":{"coordinate_status":"provider_xy_crs_unconfirmed","households":171,"kapt_code":"A15882201","name":"신월수명산SK-VIEW","property_aptseq_join":"not_established","source_id":"seoul-openaptinfo"},"type":"Feature"},{"geometry":{"coordinates":[126.8339527,37.5282122],"type":"Point"},"id":"A15883101","properties":{"coordinate_status":"provider_xy_crs_unconfirmed","households":170,"kapt_code":"A15883101","name":"신월성원","property_aptseq_join":"not_established","source_id":"seoul-openaptinfo"},"type":"Feature"},{"geometry":{"coordinates":[126.8394482,37.5243645],"type":"Point"},"id":"A15883201","properties":{"coordinate_status":"provider_xy_crs_unconfirmed","households":485,"kapt_code":"A15883201","name":"양천벽산블루밍","property_aptseq_join":"not_established","source_id":"seoul-openaptinfo"},"type":"Feature"},{"geometry":{"coordinates":[126.8400971,37.5233264],"type":"Point"},"id":"A15883202","properties":{"coordinate_status":"provider_xy_crs_unconfirmed","households":317,"kapt_code":"A15883202","name":"양천롯데캐슬","property_aptseq_join":"not_established","source_id":"seoul-openaptinfo"},"type":"Feature"},{"geometry":{"coordinates":[126.845664,37.5191587],"type":"Point"},"id":"A15883401","properties":{"coordinate_status":"provider_xy_crs_unconfirmed","households":357,"kapt_code":"A15883401","name":"신정뉴타운두산위브","property_aptseq_join":"not_established","source_id":"seoul-openaptinfo"},"type":"Feature"},{"geometry":{"coordinates":[126.8472217,37.5188916],"type":"Point"},"id":"A15883402","properties":{"coordinate_status":"provider_xy_crs_unconfirmed","households":930,"kapt_code":"A15883402","name":"신정뉴타운롯데캐슬","property_aptseq_join":"not_established","source_id":"seoul-openaptinfo"},"type":"Feature"},{"geometry":{"coordinates":[126.848656,37.5252901],"type":"Point"},"id":"A15883702","properties":{"coordinate_status":"provider_xy_crs_unconfirmed","households":200,"kapt_code":"A15883702","name":"신월서울가든","property_aptseq_join":"not_established","source_id":"seoul-openaptinfo"},"type":"Feature"},{"geometry":{"coordinates":[126.8448771,37.52371],"type":"Point"},"id":"A15883803","properties":{"coordinate_status":"provider_xy_crs_unconfirmed","households":215,"kapt_code":"A15883803","name":"신월대림","property_aptseq_join":"unique_official_road_address_and_name","property_complex_id":"molit-apt:11470:11470-87","property_release_id":"property-eea48453a819f517","source_id":"seoul-openaptinfo"},"type":"Feature"},{"geometry":{"coordinates":[126.8474503,37.5165172],"type":"Point"},"id":"A15884202","properties":{"coordinate_status":"provider_xy_crs_unconfirmed","households":440,"kapt_code":"A15884202","name":"신월신안약수","property_aptseq_join":"not_established","source_id":"seoul-openaptinfo"},"type":"Feature"},{"geometry":{"coordinates":[126.8359615,37.5176143],"type":"Point"},"id":"A15884703","properties":{"coordinate_status":"provider_xy_crs_unconfirmed","households":2256,"kapt_code":"A15884703","name":"신월시영아파트","property_aptseq_join":"unique_official_road_address_and_name","property_complex_id":"molit-apt:11470:11470-83","property_release_id":"property-eea48453a819f517","source_id":"seoul-openaptinfo"},"type":"Feature"},{"geometry":{"coordinates":[126.8736268,37.5217974],"type":"Point"},"id":"A15884901","properties":{"coordinate_status":"provider_xy_crs_unconfirmed","households":156,"kapt_code":"A15884901","name":"유원목동","property_aptseq_join":"unique_official_road_address_and_name","property_complex_id":"molit-apt:11470:11470-144","property_release_id":"property-eea48453a819f517","source_id":"seoul-openaptinfo"},"type":"Feature"},{"geometry":{"coordinates":[126.8740132,37.5178406],"type":"Point"},"id":"A15885303","properties":{"coordinate_status":"provider_xy_crs_unconfirmed","households":210,"kapt_code":"A15885303","name":"신정대림","property_aptseq_join":"not_established","source_id":"seoul-openaptinfo"},"type":"Feature"},{"geometry":{"coordinates":[126.8758354,37.5181035],"type":"Point"},"id":"A15885306","properties":{"coordinate_status":"provider_xy_crs_unconfirmed","households":270,"kapt_code":"A15885306","name":"신정쌍용","property_aptseq_join":"not_established","source_id":"seoul-openaptinfo"},"type":"Feature"},{"geometry":{"coordinates":[126.874888,37.5198784],"type":"Point"},"id":"A15885307","properties":{"coordinate_status":"provider_xy_crs_unconfirmed","households":279,"kapt_code":"A15885307","name":"신정청구아파트","property_aptseq_join":"not_established","source_id":"seoul-openaptinfo"},"type":"Feature"},{"geometry":{"coordinates":[126.8408442,37.5079077],"type":"Point"},"id":"A15885514","properties":{"coordinate_status":"provider_xy_crs_unconfirmed","households":703,"kapt_code":"A15885514","name":"신정6차현대","property_aptseq_join":"not_established","source_id":"seoul-openaptinfo"},"type":"Feature"},{"geometry":{"coordinates":[126.8488666,37.5209773],"type":"Point"},"id":"A15886402","properties":{"coordinate_status":"provider_xy_crs_unconfirmed","households":186,"kapt_code":"A15886402","name":"신정대성유니드아파트2차","property_aptseq_join":"not_established","source_id":"seoul-openaptinfo"},"type":"Feature"},{"geometry":{"coordinates":[126.8472095,37.5115753],"type":"Point"},"id":"A15886501","properties":{"coordinate_status":"provider_xy_crs_unconfirmed","households":153,"kapt_code":"A15886501","name":"신정학마을3단지","property_aptseq_join":"not_established","source_id":"seoul-openaptinfo"},"type":"Feature"},{"geometry":{"coordinates":[126.8546141,37.5123066],"type":"Point"},"id":"A15886504","properties":{"coordinate_status":"provider_xy_crs_unconfirmed","households":361,"kapt_code":"A15886504","name":"신정5차현대","property_aptseq_join":"not_established","source_id":"seoul-openaptinfo"},"type":"Feature"},{"geometry":{"coordinates":[126.8390636,37.5133188],"type":"Point"},"id":"A15886505","properties":{"coordinate_status":"provider_xy_crs_unconfirmed","households":390,"kapt_code":"A15886505","name":"신정푸른마을4단지","property_aptseq_join":"not_established","source_id":"seoul-openaptinfo"},"type":"Feature"},{"geometry":{"coordinates":[126.8368562,37.5114679],"type":"Point"},"id":"A15886507","properties":{"coordinate_status":"provider_xy_crs_unconfirmed","households":440,"kapt_code":"A15886507","name":"신정푸른마을3단지","property_aptseq_join":"not_established","source_id":"seoul-openaptinfo"},"type":"Feature"},{"geometry":{"coordinates":[126.8354272,37.5134521],"type":"Point"},"id":"A15886508","properties":{"coordinate_status":"provider_xy_crs_unconfirmed","households":470,"kapt_code":"A15886508","name":"신정푸른마을2단지","property_aptseq_join":"not_established","source_id":"seoul-openaptinfo"},"type":"Feature"},{"geometry":{"coordinates":[126.8446745,37.5091685],"type":"Point"},"id":"A15886510","properties":{"coordinate_status":"provider_xy_crs_unconfirmed","households":510,"kapt_code":"A15886510","name":"신정학마을2단지","property_aptseq_join":"not_established","source_id":"seoul-openaptinfo"},"type":"Feature"},{"geometry":{"coordinates":[126.8443952,37.5080816],"type":"Point"},"id":"A15886512","properties":{"coordinate_status":"provider_xy_crs_unconfirmed","households":639,"kapt_code":"A15886512","name":"신정학마을1단지","property_aptseq_join":"not_established","source_id":"seoul-openaptinfo"},"type":"Feature"},{"geometry":{"coordinates":[126.9291039,37.6484546],"type":"Point"},"id":"A41279901","properties":{"coordinate_status":"provider_xy_crs_unconfirmed","households":300,"kapt_code":"A41279901","name":"은평뉴타운상림마을14단지","property_aptseq_join":"not_established","source_id":"seoul-openaptinfo"},"type":"Feature"},{"geometry":{"coordinates":[126.9308402,37.6475351],"type":"Point"},"id":"A41279902","properties":{"coordinate_status":"provider_xy_crs_unconfirmed","households":318,"kapt_code":"A41279902","name":"은평뉴타운상림마을5단지","property_aptseq_join":"not_established","source_id":"seoul-openaptinfo"},"type":"Feature"},{"geometry":{"coordinates":[126.9355523,37.6506098],"type":"Point"},"id":"A41279903","properties":{"coordinate_status":"provider_xy_crs_unconfirmed","households":378,"kapt_code":"A41279903","name":"은평뉴타운상림마을7단지","property_aptseq_join":"not_established","source_id":"seoul-openaptinfo"},"type":"Feature"},{"geometry":{"coordinates":[126.924494,37.6354766],"type":"Point"},"id":"A41279904","properties":{"coordinate_status":"provider_xy_crs_unconfirmed","households":379,"kapt_code":"A41279904","name":"은평뉴타운상림마을6단지","property_aptseq_join":"not_established","source_id":"seoul-openaptinfo"},"type":"Feature"},{"geometry":{"coordinates":[126.9293087,37.6482939],"type":"Point"},"id":"A41279905","properties":{"coordinate_status":"provider_xy_crs_unconfirmed","households":241,"kapt_code":"A41279905","name":"은평뉴타운상림마을4단지","property_aptseq_join":"not_established","source_id":"seoul-openaptinfo"},"type":"Feature"},{"geometry":{"coordinates":[126.9286741,37.648085],"type":"Point"},"id":"A41279906","properties":{"coordinate_status":"provider_xy_crs_unconfirmed","households":230,"kapt_code":"A41279906","name":"은평뉴타운상림마을10단지","property_aptseq_join":"not_established","source_id":"seoul-openaptinfo"},"type":"Feature"},{"geometry":{"coordinates":[126.9262676,37.6322759],"type":"Point"},"id":"A41279907","properties":{"coordinate_status":"provider_xy_crs_unconfirmed","households":187,"kapt_code":"A41279907","name":"은평뉴타운상림마을11단지","property_aptseq_join":"not_established","source_id":"seoul-openaptinfo"},"type":"Feature"},{"geometry":{"coordinates":[126.9298087,37.6489181],"type":"Point"},"id":"A41279908","properties":{"coordinate_status":"provider_xy_crs_unconfirmed","households":255,"kapt_code":"A41279908","name":"은평뉴타운 상림마을3단지","property_aptseq_join":"not_established","source_id":"seoul-openaptinfo"},"type":"Feature"},{"geometry":{"coordinates":[126.9148018,37.635659],"type":"Point"},"id":"A41279909","properties":{"coordinate_status":"provider_xy_crs_unconfirmed","households":162,"kapt_code":"A41279909","name":"은평뉴타운박석고개13단지","property_aptseq_join":"not_established","source_id":"seoul-openaptinfo"},"type":"Feature"},{"geometry":{"coordinates":[126.9207485,37.6337149],"type":"Point"},"id":"A41279910","properties":{"coordinate_status":"provider_xy_crs_unconfirmed","households":947,"kapt_code":"A41279910","name":"은평뉴타운박석고개1단지","property_aptseq_join":"not_established","source_id":"seoul-openaptinfo"},"type":"Feature"},{"geometry":{"coordinates":[126.9200529,37.6317031],"type":"Point"},"id":"A41279911","properties":{"coordinate_status":"provider_xy_crs_unconfirmed","households":660,"kapt_code":"A41279911","name":"은평뉴타운박석고개제12단지아파트","property_aptseq_join":"not_established","source_id":"seoul-openaptinfo"},"type":"Feature"},{"geometry":{"coordinates":[126.9272246,37.6333845],"type":"Point"},"id":"A41279912","properties":{"coordinate_status":"provider_xy_crs_unconfirmed","households":659,"kapt_code":"A41279912","name":"은평뉴타운마고정3단지","property_aptseq_join":"not_established","source_id":"seoul-openaptinfo"},"type":"Feature"},{"geometry":{"coordinates":[126.914929,37.6337285],"type":"Point"},"id":"A41279913","properties":{"coordinate_status":"provider_xy_crs_unconfirmed","households":469,"kapt_code":"A41279913","name":"은평뉴타운마고정11단지","property_aptseq_join":"not_established","source_id":"seoul-openaptinfo"},"type":"Feature"},{"geometry":{"coordinates":[126.9198476,37.6318934],"type":"Point"},"id":"A41279914","properties":{"coordinate_status":"provider_xy_crs_unconfirmed","households":434,"kapt_code":"A41279914","name":"은평뉴타운마고정2단지","property_aptseq_join":"not_established","source_id":"seoul-openaptinfo"},"type":"Feature"},{"geometry":{"coordinates":[126.9315448,37.6366325],"type":"Point"},"id":"A41279915","properties":{"coordinate_status":"provider_xy_crs_unconfirmed","households":448,"kapt_code":"A41279915","name":"은평뉴타운우물골8단지","property_aptseq_join":"not_established","source_id":"seoul-openaptinfo"},"type":"Feature"},{"geometry":{"coordinates":[126.9276171,37.6345812],"type":"Point"},"id":"A41279916","properties":{"coordinate_status":"provider_xy_crs_unconfirmed","households":387,"kapt_code":"A41279916","name":"은평뉴타운우물골5단지","property_aptseq_join":"not_established","source_id":"seoul-openaptinfo"},"type":"Feature"},{"geometry":{"coordinates":[126.924494,37.6354766],"type":"Point"},"id":"A41279917","properties":{"coordinate_status":"provider_xy_crs_unconfirmed","households":353,"kapt_code":"A41279917","name":"은평뉴타운우물골6단지","property_aptseq_join":"not_established","source_id":"seoul-openaptinfo"},"type":"Feature"},{"geometry":{"coordinates":[126.928169,37.6371052],"type":"Point"},"id":"A41279918","properties":{"coordinate_status":"provider_xy_crs_unconfirmed","households":472,"kapt_code":"A41279918","name":"은평뉴타운우물골7단지","property_aptseq_join":"not_established","source_id":"seoul-openaptinfo"},"type":"Feature"},{"geometry":{"coordinates":[126.9238442,37.6438336],"type":"Point"},"id":"A41279920","properties":{"coordinate_status":"provider_xy_crs_unconfirmed","households":486,"kapt_code":"A41279920","name":"은평뉴타운구파발9단지제2","property_aptseq_join":"not_established","source_id":"seoul-openaptinfo"},"type":"Feature"},{"geometry":{"coordinates":[126.9192866,37.6381577],"type":"Point"},"id":"A41279921","properties":{"coordinate_status":"provider_xy_crs_unconfirmed","households":1022,"kapt_code":"A41279921","name":"은평뉴타운구파발9단지1관리","property_aptseq_join":"not_established","source_id":"seoul-openaptinfo"},"type":"Feature"},{"geometry":{"coordinates":[126.9308273,37.6312466],"type":"Point"},"id":"A41279922","properties":{"coordinate_status":"provider_xy_crs_unconfirmed","households":175,"kapt_code":"A41279922","name":"은평뉴타운제각말5단지제2","property_aptseq_join":"not_established","source_id":"seoul-openaptinfo"},"type":"Feature"},{"geometry":{"coordinates":[126.9321409,37.6284338],"type":"Point"},"id":"A41279923","properties":{"coordinate_status":"provider_xy_crs_unconfirmed","households":330,"kapt_code":"A41279923","name":"은평뉴타운제각말5단지제1","property_aptseq_join":"not_established","source_id":"seoul-openaptinfo"},"type":"Feature"},{"geometry":{"coordinates":[126.9348048,37.6379708],"type":"Point"},"id":"A41279924","properties":{"coordinate_status":"provider_xy_crs_unconfirmed","households":571,"kapt_code":"A41279924","name":"은평뉴타운폭포동4단지제2","property_aptseq_join":"not_established","source_id":"seoul-openaptinfo"},"type":"Feature"},{"geometry":{"coordinates":[126.9168896,37.6340464],"type":"Point"},"id":"A41279925","properties":{"coordinate_status":"provider_xy_crs_unconfirmed","households":189,"kapt_code":"A41279925","name":"은평뉴타운제각말5단지제3","property_aptseq_join":"not_established","source_id":"seoul-openaptinfo"},"type":"Feature"},{"geometry":{"coordinates":[126.9396204,37.6434624],"type":"Point"},"id":"A41279926","properties":{"coordinate_status":"provider_xy_crs_unconfirmed","households":126,"kapt_code":"A41279926","name":"은평뉴타운폭포동4단지제3","property_aptseq_join":"not_established","source_id":"seoul-openaptinfo"},"type":"Feature"},{"geometry":{"coordinates":[126.9171292,37.6425395],"type":"Point"},"id":"A41279927","properties":{"coordinate_status":"provider_xy_crs_unconfirmed","households":335,"kapt_code":"A41279927","name":"은평뉴타운 구파발10단지 제1","property_aptseq_join":"not_established","source_id":"seoul-openaptinfo"},"type":"Feature"},{"geometry":{"coordinates":[126.9236501,37.6449549],"type":"Point"},"id":"A41279928","properties":{"coordinate_status":"provider_xy_crs_unconfirmed","households":423,"kapt_code":"A41279928","name":"은평뉴타운구파발10단지2관리","property_aptseq_join":"not_established","source_id":"seoul-openaptinfo"},"type":"Feature"},{"geometry":{"coordinates":[126.9167365,37.634766],"type":"Point"},"id":"A41279929","properties":{"coordinate_status":"provider_xy_crs_unconfirmed","households":412,"kapt_code":"A41279929","name":"은평뉴타운제각말5단지제4","property_aptseq_join":"not_established","source_id":"seoul-openaptinfo"},"type":"Feature"},{"geometry":{"coordinates":[126.9307251,37.631385],"type":"Point"},"id":"A41279930","properties":{"coordinate_status":"provider_xy_crs_unconfirmed","households":297,"kapt_code":"A41279930","name":"은평뉴타운폭포동4단지제1","property_aptseq_join":"not_established","source_id":"seoul-openaptinfo"},"type":"Feature"},{"geometry":{"coordinates":[126.9220425,37.6432492],"type":"Point"},"id":"A41279931","properties":{"coordinate_status":"provider_xy_crs_unconfirmed","households":712,"kapt_code":"A41279931","name":"은평뉴타운구파발10단지3관리","property_aptseq_join":"not_established","source_id":"seoul-openaptinfo"},"type":"Feature"},{"geometry":{"coordinates":[126.932717287,37.63396029],"type":"Point"},"id":"A41279932","properties":{"coordinate_status":"provider_xy_crs_unconfirmed","households":426,"kapt_code":"A41279932","name":"은평뉴타운기자촌11단지","property_aptseq_join":"unique_official_road_address_and_name","property_complex_id":"molit-apt:11380:11380-9862","property_release_id":"property-eea48453a819f517","source_id":"seoul-openaptinfo"},"type":"Feature"}],"metadata":{"coordinate_status":"provider_xy_crs_unconfirmed","identity":"exact_kapt_code_in_both_official_sources","kapt_list_retrieved_until":"2026-09-19T18:15:36Z","license":"공공누리 제1유형: 출처표시, 상업적 이용 및 변경 가능","point_semantics":"not_declared_by_provider","property_aptseq_join":"unique_official_road_address_and_name_for_linked_points_only","property_join_audit":{"changed_molit_address":114,"matched":860,"matched_road_keys":6049,"molit_rows":76757,"molit_unkeyed":207,"name_conflict":1315,"no_sale_address":314,"published_linked_points":848,"seoul_rows":2893,"seoul_unkeyed":92,"shared_molit_address":39,"shared_seoul_address":159},"property_join_molit_page_sha256_digest":"b13cf68eba3c9fe8ca2e5a9842ec5e56a0794a9e1d4134c1406eb614ef812700","property_join_source_page_sha256":["8250f37511c2a38c4af1bd0a1969a7dfccd108ca182cff4407c261f966227c2e","83370f49e699493cb019bfa93036ca4f0d5dae1be268af11333cc69c8b3bcdc9","875979ea075ef45186d47cc7ad24837c5fa4951ca4da9aec251f452ec03e7782"],"property_release_id":"property-eea48453a819f517","raw_page_sha256":["8250f37511c2a38c4af1bd0a1969a7dfccd108ca182cff4407c261f966227c2e","83370f49e699493cb019bfa93036ca4f0d5dae1be268af11333cc69c8b3bcdc9","875979ea075ef45186d47cc7ad24837c5fa4951ca4da9aec251f452ec03e7782"],"retrieved_at":"2026-09-23T04:36:36.487578+00:00","source":"https://data.seoul.go.kr/dataList/OA-15818/A/1/datasetView.do"},"type":"FeatureCollection"}